commodity,market,date,modal_price,price_unit,arrival_quantity,arrival_unit
Onion,Lasalgaon(Vinchur),2024-01-01,1950.0,Rs./Quintal,1495.0,Metric Tonnes
Onion,Lasalgaon(Vinchur),2024-01-02,2150.0,Rs./Quintal,1945.0,Metric Tonnes
Onion,Lasalgaon(Vinchur),2024-01-03,1900.0,Rs./Quintal,2240.0,Metric Tonnes
Onion,Lasalgaon(Vinchur),2024-01-04,1800.0,Rs./Quintal,1750.0,Metric Tonnes
Onion,Lasalgaon(Vinchur),2024-01-05,1800.0,Rs./Quintal,1435.0,Metric Tonnes
Onion,Lasalgaon(Vinchur),2024-01-06,1800.0,Rs./Quintal,1450.0,Metric Tonnes
Onion,Lasalgaon(Vinchur),2024-01-08,1850.0,Rs./Quintal,1760.0,Metric Tonnes
Onion,Lasalgaon(Vinchur),2024-01-09,1900.0,Rs./Quintal,1707.0,Metric Tonnes
Onion,Lasalgaon(Vinchur),2024-01-10,1875.0,Rs./Quintal,1725.0,Metric Tonnes
Onion,Lasalgaon(Vinchur),2024-01-11,1800.0,Rs./Quintal,1675.0,Metric Tonnes
Onion,Lasalgaon(Vinchur),2024-01-12,1775.0,Rs./Quintal,1550.0,Metric Tonnes
Onion,Lasalgaon(Vinchur),2024-01-13,1750.0,Rs./Quintal,1620.0,Metric Tonnes
Onion,Lasalgaon(Vinchur),2024-01-15,1650.0,Rs./Quintal,1060.0,Metric Tonnes
Onion,Lasalgaon(Vinchur),2024-01-16,1600.0,Rs./Quintal,1377.0,Metric Tonnes
Onion,Lasalgaon(Vinchur),2024-01-17,1550.0,Rs./Quintal,1627.0,Metric Tonnes
Onion,Lasalgaon(Vinchur),2024-01-18,1500.0,Rs./Quintal,1587.0,Metric Tonnes
Onion,Lasalgaon(Vinchur),2024-01-19,1350.0,Rs./Quintal,1978.0,Metric Tonnes
Onion,Lasalgaon(Vinchur),2024-01-20,1350.0,Rs./Quintal,1980.0,Metric Tonnes
Onion,Lasalgaon(Vinchur),2024-01-22,1300.0,Rs./Quintal,738.0,Metric Tonnes
Onion,Lasalgaon(Vinchur),2024-01-23,1275.0,Rs./Quintal,1848.0,Metric Tonnes
Onion,Lasalgaon(Vinchur),2024-01-24,1150.0,Rs./Quintal,2150.0,Metric Tonnes
Onion,Lasalgaon(Vinchur),2024-01-25,1100.0,Rs./Quintal,2048.0,Metric Tonnes
Onion,Lasalgaon(Vinchur),2024-01-27,1200.0,Rs./Quintal,1870.0,Metric Tonnes
Onion,Lasalgaon(Vinchur),2024-01-29,1150.0,Rs./Quintal,1865.0,Metric Tonnes
Onion,Lasalgaon(Vinchur),2024-01-30,1225.0,Rs./Quintal,1650.0,Metric Tonnes
Onion,Lasalgaon(Vinchur),2024-01-31,1300.0,Rs./Quintal,1662.0,Metric Tonnes
Onion,Lasalgaon(Vinchur),2024-02-01,1280.0,Rs./Quintal,1517.0,Metric Tonnes
Onion,Lasalgaon(Vinchur),2024-02-02,1250.0,Rs./Quintal,1500.0,Metric Tonnes
Onion,Lasalgaon(Vinchur),2024-02-03,1250.0,Rs./Quintal,1385.0,Metric Tonnes
Onion,Lasalgaon(Vinchur),2024-02-05,1150.0,Rs./Quintal,1520.0,Metric Tonnes
Onion,Lasalgaon(Vinchur),2024-02-06,1150.0,Rs./Quintal,1632.0,Metric Tonnes
Onion,Lasalgaon(Vinchur),2024-02-07,1150.0,Rs./Quintal,1720.0,Metric Tonnes
Onion,Lasalgaon(Vinchur),2024-02-08,1125.0,Rs./Quintal,1750.0,Metric Tonnes
Onion,Lasalgaon(Vinchur),2024-02-09,1100.0,Rs./Quintal,1800.0,Metric Tonnes
Onion,Lasalgaon(Vinchur),2024-02-10,1100.0,Rs./Quintal,1528.0,Metric Tonnes
Onion,Lasalgaon(Vinchur),2024-02-12,1175.0,Rs./Quintal,1666.0,Metric Tonnes
Onion,Lasalgaon(Vinchur),2024-02-13,1230.0,Rs./Quintal,1765.0,Metric Tonnes
Onion,Lasalgaon(Vinchur),2024-02-14,1260.0,Rs./Quintal,1955.0,Metric Tonnes
Onion,Lasalgaon(Vinchur),2024-02-15,1250.0,Rs./Quintal,2082.0,Metric Tonnes
Onion,Lasalgaon(Vinchur),2024-02-16,1250.0,Rs./Quintal,2069.0,Metric Tonnes
Onion,Lasalgaon(Vinchur),2024-02-17,1280.0,Rs./Quintal,1803.0,Metric Tonnes
Onion,Lasalgaon(Vinchur),2024-02-19,1800.0,Rs./Quintal,968.0,Metric Tonnes
Onion,Lasalgaon(Vinchur),2024-02-20,1550.0,Rs./Quintal,1480.0,Metric Tonnes
Onion,Lasalgaon(Vinchur),2024-02-21,1475.0,Rs./Quintal,1637.0,Metric Tonnes
Onion,Lasalgaon(Vinchur),2024-02-22,1450.0,Rs./Quintal,1707.0,Metric Tonnes
Onion,Lasalgaon(Vinchur),2024-02-23,1700.0,Rs./Quintal,1984.0,Metric Tonnes
Onion,Lasalgaon(Vinchur),2024-02-24,1850.0,Rs./Quintal,1894.0,Metric Tonnes
Onion,Lasalgaon(Vinchur),2024-02-27,1751.0,Rs./Quintal,2003.0,Metric Tonnes
Onion,Lasalgaon(Vinchur),2024-02-28,1750.0,Rs./Quintal,2028.8,Metric Tonnes
Onion,Lasalgaon(Vinchur),2024-02-29,1625.0,Rs./Quintal,1691.2,Metric Tonnes
Onion,Lasalgaon(Vinchur),2024-03-01,1650.0,Rs./Quintal,1848.0,Metric Tonnes
Onion,Lasalgaon(Vinchur),2024-03-02,1750.0,Rs./Quintal,1805.0,Metric Tonnes
Onion,Lasalgaon(Vinchur),2024-03-04,1700.0,Rs./Quintal,1463.0,Metric Tonnes
Onion,Lasalgaon(Vinchur),2024-03-05,1700.0,Rs./Quintal,1665.0,Metric Tonnes
Onion,Lasalgaon(Vinchur),2024-03-06,1875.0,Rs./Quintal,1132.5,Metric Tonnes
Onion,Lasalgaon(Vinchur),2024-03-07,1937.5,Rs./Quintal,1155.0,Metric Tonnes
Onion,Lasalgaon(Vinchur),2024-03-08,1812.5,Rs./Quintal,722.2,Metric Tonnes
Onion,Lasalgaon(Vinchur),2024-03-09,1800.0,Rs./Quintal,740.0,Metric Tonnes
Onion,Lasalgaon(Vinchur),2024-03-11,1800.0,Rs./Quintal,1080.0,Metric Tonnes
Onion,Lasalgaon(Vinchur),2024-03-12,1700.0,Rs./Quintal,1245.2,Metric Tonnes
Onion,Lasalgaon(Vinchur),2024-03-13,1625.0,Rs./Quintal,1406.4,Metric Tonnes
Onion,Lasalgaon(Vinchur),2024-03-14,1575.0,Rs./Quintal,1011.8,Metric Tonnes
Onion,Lasalgaon(Vinchur),2024-03-15,1500.0,Rs./Quintal,1060.0,Metric Tonnes
Onion,Lasalgaon(Vinchur),2024-03-16,1425.0,Rs./Quintal,800.0,Metric Tonnes
Onion,Lasalgaon(Vinchur),2024-03-18,1325.0,Rs./Quintal,776.0,Metric Tonnes
Onion,Lasalgaon(Vinchur),2024-03-19,1340.0,Rs./Quintal,656.0,Metric Tonnes
Onion,Lasalgaon(Vinchur),2024-03-20,1300.0,Rs./Quintal,755.0,Metric Tonnes
Onion,Lasalgaon(Vinchur),2024-03-21,1350.0,Rs./Quintal,610.0,Metric Tonnes
Onion,Lasalgaon(Vinchur),2024-03-22,1300.0,Rs./Quintal,726.0,Metric Tonnes
Onion,Lasalgaon(Vinchur),2024-03-23,1275.0,Rs./Quintal,628.0,Metric Tonnes
Onion,Lasalgaon(Vinchur),2024-03-25,1350.0,Rs./Quintal,490.0,Metric Tonnes
Onion,Lasalgaon(Vinchur),2024-03-26,1450.0,Rs./Quintal,790.0,Metric Tonnes
Onion,Lasalgaon(Vinchur),2024-03-27,1551.0,Rs./Quintal,755.0,Metric Tonnes
Onion,Lasalgaon(Vinchur),2024-03-28,1575.0,Rs./Quintal,2200.0,Metric Tonnes
Onion,Lasalgaon(Vinchur),2024-03-29,1500.0,Rs./Quintal,1117.8,Metric Tonnes
Onion,Lasalgaon(Vinchur),2024-03-30,1500.0,Rs./Quintal,723.6,Metric Tonnes
Onion,Lasalgaon(Vinchur),2024-04-03,1400.0,Rs./Quintal,965.0,Metric Tonnes
Onion,Lasalgaon(Vinchur),2024-04-04,1450.0,Rs./Quintal,1500.0,Metric Tonnes
Onion,Lasalgaon(Vinchur),2024-04-05,1375.0,Rs./Quintal,2010.0,Metric Tonnes
Onion,Lasalgaon(Vinchur),2024-04-06,1350.0,Rs./Quintal,1600.0,Metric Tonnes
Onion,Lasalgaon(Vinchur),2024-04-08,1350.0,Rs./Quintal,1967.4,Metric Tonnes
Onion,Lasalgaon(Vinchur),2024-04-09,1350.0,Rs./Quintal,1040.0,Metric Tonnes
Onion,Lasalgaon(Vinchur),2024-04-13,1350.0,Rs./Quintal,1830.0,Metric Tonnes
Onion,Lasalgaon(Vinchur),2024-04-15,1400.0,Rs./Quintal,2150.0,Metric Tonnes
Onion,Lasalgaon(Vinchur),2024-04-19,1350.0,Rs./Quintal,2050.0,Metric Tonnes
Onion,Lasalgaon(Vinchur),2024-04-20,1350.0,Rs./Quintal,1180.0,Metric Tonnes
Onion,Lasalgaon(Vinchur),2024-04-22,1375.0,Rs./Quintal,1902.6,Metric Tonnes
Onion,Lasalgaon(Vinchur),2024-04-24,1375.0,Rs./Quintal,2200.0,Metric Tonnes
Onion,Lasalgaon(Vinchur),2024-04-25,1350.0,Rs./Quintal,1913.4,Metric Tonnes
Onion,Lasalgaon(Vinchur),2024-04-26,1375.0,Rs./Quintal,1510.2,Metric Tonnes
Onion,Lasalgaon(Vinchur),2024-04-27,1400.0,Rs./Quintal,1460.0,Metric Tonnes
Onion,Lasalgaon(Vinchur),2024-04-29,1400.0,Rs./Quintal,1410.0,Metric Tonnes
Onion,Lasalgaon(Vinchur),2024-04-30,1400.0,Rs./Quintal,1389.6,Metric Tonnes
Onion,Lasalgaon(Vinchur),2024-05-02,1550.0,Rs./Quintal,1420.0,Metric Tonnes
Onion,Lasalgaon(Vinchur),2024-05-03,1600.0,Rs./Quintal,1677.6,Metric Tonnes
Onion,Lasalgaon(Vinchur),2024-05-04,2100.0,Rs./Quintal,2600.0,Metric Tonnes
Onion,Lasalgaon(Vinchur),2024-05-06,1900.0,Rs./Quintal,2840.0,Metric Tonnes
Onion,Lasalgaon(Vinchur),2024-05-07,1800.0,Rs./Quintal,1845.0,Metric Tonnes
Onion,Lasalgaon(Vinchur),2024-05-08,1550.0,Rs./Quintal,1660.0,Metric Tonnes
Onion,Lasalgaon(Vinchur),2024-05-09,1700.0,Rs./Quintal,1280.0,Metric Tonnes
Onion,Lasalgaon(Vinchur),2024-05-10,1650.0,Rs./Quintal,659.2,Metric Tonnes
Onion,Lasalgaon(Vinchur),2024-05-11,1750.0,Rs./Quintal,1600.0,Metric Tonnes
Onion,Lasalgaon(Vinchur),2024-05-13,1750.0,Rs./Quintal,1450.0,Metric Tonnes
Onion,Lasalgaon(Vinchur),2024-05-14,1650.0,Rs./Quintal,1710.0,Metric Tonnes
Onion,Lasalgaon(Vinchur),2024-05-15,1700.0,Rs./Quintal,1470.0,Metric Tonnes
Onion,Lasalgaon(Vinchur),2024-05-16,1600.0,Rs./Quintal,1340.0,Metric Tonnes
Onion,Lasalgaon(Vinchur),2024-05-17,1650.0,Rs./Quintal,1430.0,Metric Tonnes
Onion,Lasalgaon(Vinchur),2024-05-18,1650.0,Rs./Quintal,1550.0,Metric Tonnes
Onion,Lasalgaon(Vinchur),2024-05-21,1600.0,Rs./Quintal,1062.0,Metric Tonnes
Onion,Lasalgaon(Vinchur),2024-05-22,1650.0,Rs./Quintal,1100.0,Metric Tonnes
Onion,Lasalgaon(Vinchur),2024-05-23,1675.0,Rs./Quintal,1081.8,Metric Tonnes
Onion,Lasalgaon(Vinchur),2024-05-24,1700.0,Rs./Quintal,1140.0,Metric Tonnes
Onion,Lasalgaon(Vinchur),2024-05-25,1700.0,Rs./Quintal,1010.0,Metric Tonnes
Onion,Lasalgaon(Vinchur),2024-05-27,1700.0,Rs./Quintal,1143.0,Metric Tonnes
Onion,Lasalgaon(Vinchur),2024-05-28,1750.0,Rs./Quintal,1071.0,Metric Tonnes
Onion,Lasalgaon(Vinchur),2024-05-29,2000.0,Rs./Quintal,1170.0,Metric Tonnes
Onion,Lasalgaon(Vinchur),2024-05-30,2050.0,Rs./Quintal,820.0,Metric Tonnes
Onion,Lasalgaon(Vinchur),2024-05-31,2000.0,Rs./Quintal,1420.0,Metric Tonnes
Onion,Lasalgaon(Vinchur),2024-06-01,2000.0,Rs./Quintal,1280.0,Metric Tonnes
Onion,Lasalgaon(Vinchur),2024-06-03,2100.0,Rs./Quintal,1300.0,Metric Tonnes
Onion,Lasalgaon(Vinchur),2024-06-04,2150.0,Rs./Quintal,1230.0,Metric Tonnes
Onion,Lasalgaon(Vinchur),2024-06-05,2300.0,Rs./Quintal,1335.0,Metric Tonnes
Onion,Lasalgaon(Vinchur),2024-06-06,2300.0,Rs./Quintal,1740.0,Metric Tonnes
Onion,Lasalgaon(Vinchur),2024-06-07,2400.0,Rs./Quintal,1810.0,Metric Tonnes
Onion,Lasalgaon(Vinchur),2024-06-08,2500.0,Rs./Quintal,1770.0,Metric Tonnes
Onion,Lasalgaon(Vinchur),2024-06-10,2600.0,Rs./Quintal,2120.0,Metric Tonnes
Onion,Lasalgaon(Vinchur),2024-06-11,2450.0,Rs./Quintal,1990.0,Metric Tonnes
Onion,Lasalgaon(Vinchur),2024-06-12,2400.0,Rs./Quintal,1537.6,Metric Tonnes
Onion,Lasalgaon(Vinchur),2024-06-13,2400.0,Rs./Quintal,1260.0,Metric Tonnes
Onion,Lasalgaon(Vinchur),2024-06-14,2550.0,Rs./Quintal,1300.0,Metric Tonnes
Onion,Lasalgaon(Vinchur),2024-06-15,2550.0,Rs./Quintal,1620.0,Metric Tonnes
Onion,Lasalgaon(Vinchur),2024-06-17,2600.0,Rs./Quintal,1083.6,Metric Tonnes
Onion,Lasalgaon(Vinchur),2024-06-18,2900.0,Rs./Quintal,1600.0,Metric Tonnes
Onion,Lasalgaon(Vinchur),2024-06-19,3000.0,Rs./Quintal,1960.0,Metric Tonnes
Onion,Lasalgaon(Vinchur),2024-06-20,3100.0,Rs./Quintal,2130.0,Metric Tonnes
Onion,Lasalgaon(Vinchur),2024-06-21,3100.0,Rs./Quintal,2350.0,Metric Tonnes
Onion,Lasalgaon(Vinchur),2024-06-22,3050.0,Rs./Quintal,1357.0,Metric Tonnes
Onion,Lasalgaon(Vinchur),2024-06-24,3200.0,Rs./Quintal,1063.7,Metric Tonnes
Onion,Lasalgaon(Vinchur),2024-06-25,3100.0,Rs./Quintal,1250.0,Metric Tonnes
Onion,Lasalgaon(Vinchur),2024-06-26,2800.0,Rs./Quintal,1156.0,Metric Tonnes
Onion,Lasalgaon(Vinchur),2024-06-27,2900.0,Rs./Quintal,770.0,Metric Tonnes
Onion,Lasalgaon(Vinchur),2024-06-28,2900.0,Rs./Quintal,835.0,Metric Tonnes
Onion,Lasalgaon(Vinchur),2024-06-29,2950.0,Rs./Quintal,820.0,Metric Tonnes
Onion,Lasalgaon(Vinchur),2024-07-01,3000.0,Rs./Quintal,861.0,Metric Tonnes
Onion,Lasalgaon(Vinchur),2024-07-02,3050.0,Rs./Quintal,1020.0,Metric Tonnes
Onion,Lasalgaon(Vinchur),2024-07-03,3000.0,Rs./Quintal,1050.0,Metric Tonnes
Onion,Lasalgaon(Vinchur),2024-07-04,3000.0,Rs./Quintal,920.0,Metric Tonnes
Onion,Lasalgaon(Vinchur),2024-07-05,2950.0,Rs./Quintal,989.0,Metric Tonnes
Onion,Lasalgaon(Vinchur),2024-07-06,2951.0,Rs./Quintal,980.0,Metric Tonnes
Onion,Lasalgaon(Vinchur),2024-07-08,2850.0,Rs./Quintal,955.0,Metric Tonnes
Onion,Lasalgaon(Vinchur),2024-07-09,2850.0,Rs./Quintal,675.0,Metric Tonnes
Onion,Lasalgaon(Vinchur),2024-07-10,2850.0,Rs./Quintal,775.0,Metric Tonnes
Onion,Lasalgaon(Vinchur),2024-07-11,2850.0,Rs./Quintal,920.4,Metric Tonnes
Onion,Lasalgaon(Vinchur),2024-07-12,2900.0,Rs./Quintal,900.0,Metric Tonnes
Onion,Lasalgaon(Vinchur),2024-07-13,2900.0,Rs./Quintal,730.5,Metric Tonnes
Onion,Lasalgaon(Vinchur),2024-07-15,2850.0,Rs./Quintal,755.0,Metric Tonnes
Onion,Lasalgaon(Vinchur),2024-07-16,2800.0,Rs./Quintal,560.0,Metric Tonnes
Onion,Lasalgaon(Vinchur),2024-07-17,2850.0,Rs./Quintal,613.0,Metric Tonnes
Onion,Lasalgaon(Vinchur),2024-07-18,2800.0,Rs./Quintal,865.0,Metric Tonnes
Onion,Lasalgaon(Vinchur),2024-07-19,2750.0,Rs./Quintal,1000.0,Metric Tonnes
Onion,Lasalgaon(Vinchur),2024-07-20,2750.0,Rs./Quintal,976.0,Metric Tonnes
Onion,Lasalgaon(Vinchur),2024-07-22,2775.0,Rs./Quintal,765.0,Metric Tonnes
Onion,Lasalgaon(Vinchur),2024-07-23,2775.0,Rs./Quintal,846.0,Metric Tonnes
Onion,Lasalgaon(Vinchur),2024-07-24,2750.0,Rs./Quintal,710.0,Metric Tonnes
Onion,Lasalgaon(Vinchur),2024-07-25,2725.0,Rs./Quintal,795.0,Metric Tonnes
Onion,Lasalgaon(Vinchur),2024-07-26,2675.0,Rs./Quintal,875.0,Metric Tonnes
Onion,Lasalgaon(Vinchur),2024-07-27,2650.0,Rs./Quintal,782.0,Metric Tonnes
Onion,Lasalgaon(Vinchur),2024-07-29,2675.0,Rs./Quintal,835.6,Metric Tonnes
Onion,Lasalgaon(Vinchur),2024-07-30,2700.0,Rs./Quintal,845.1,Metric Tonnes
Onion,Lasalgaon(Vinchur),2024-07-31,2650.0,Rs./Quintal,740.0,Metric Tonnes
Onion,Lasalgaon(Vinchur),2024-08-01,2700.0,Rs./Quintal,830.0,Metric Tonnes
Onion,Lasalgaon(Vinchur),2024-08-02,2700.0,Rs./Quintal,850.0,Metric Tonnes
Onion,Lasalgaon(Vinchur),2024-08-03,2700.0,Rs./Quintal,795.0,Metric Tonnes
Onion,Lasalgaon(Vinchur),2024-08-05,2850.0,Rs./Quintal,690.0,Metric Tonnes
Onion,Lasalgaon(Vinchur),2024-08-06,2911.0,Rs./Quintal,880.0,Metric Tonnes
Onion,Lasalgaon(Vinchur),2024-08-07,3000.0,Rs./Quintal,978.0,Metric Tonnes
Onion,Lasalgaon(Vinchur),2024-08-08,3100.0,Rs./Quintal,1396.0,Metric Tonnes
Onion,Lasalgaon(Vinchur),2024-08-09,3100.0,Rs./Quintal,894.0,Metric Tonnes
Onion,Lasalgaon(Vinchur),2024-08-10,3300.0,Rs./Quintal,960.0,Metric Tonnes
Onion,Lasalgaon(Vinchur),2024-08-12,3450.0,Rs./Quintal,1385.0,Metric Tonnes
Onion,Lasalgaon(Vinchur),2024-08-14,3300.0,Rs./Quintal,1340.0,Metric Tonnes
Onion,Lasalgaon(Vinchur),2024-08-16,3200.0,Rs./Quintal,880.0,Metric Tonnes
Onion,Lasalgaon(Vinchur),2024-08-17,3250.0,Rs./Quintal,840.0,Metric Tonnes
Onion,Lasalgaon(Vinchur),2024-08-19,3250.0,Rs./Quintal,350.0,Metric Tonnes
Onion,Lasalgaon(Vinchur),2024-08-20,3400.0,Rs./Quintal,600.0,Metric Tonnes
Onion,Lasalgaon(Vinchur),2024-08-21,3700.0,Rs./Quintal,835.0,Metric Tonnes
Onion,Lasalgaon(Vinchur),2024-08-22,3725.0,Rs./Quintal,965.0,Metric Tonnes
Onion,Lasalgaon(Vinchur),2024-08-27,3750.0,Rs./Quintal,660.0,Metric Tonnes
Onion,Lasalgaon(Vinchur),2024-08-28,3700.0,Rs./Quintal,580.0,Metric Tonnes
Onion,Lasalgaon(Vinchur),2024-08-29,3550.0,Rs./Quintal,630.0,Metric Tonnes
Onion,Lasalgaon(Vinchur),2024-08-30,3450.0,Rs./Quintal,430.0,Metric Tonnes
Onion,Lasalgaon(Vinchur),2024-08-31,3550.0,Rs./Quintal,290.0,Metric Tonnes
Onion,Lasalgaon(Vinchur),2024-09-03,4050.0,Rs./Quintal,543.0,Metric Tonnes
Onion,Lasalgaon(Vinchur),2024-09-04,3850.0,Rs./Quintal,487.0,Metric Tonnes
Onion,Lasalgaon(Vinchur),2024-09-05,4000.0,Rs./Quintal,351.0,Metric Tonnes
Onion,Lasalgaon(Vinchur),2024-09-06,3900.0,Rs./Quintal,371.0,Metric Tonnes
Onion,Lasalgaon(Vinchur),2024-09-09,3675.0,Rs./Quintal,290.0,Metric Tonnes
Onion,Lasalgaon(Vinchur),2024-09-10,3950.0,Rs./Quintal,295.0,Metric Tonnes
Onion,Lasalgaon(Vinchur),2024-09-11,3900.0,Rs./Quintal,281.2,Metric Tonnes
Onion,Lasalgaon(Vinchur),2024-09-12,4100.0,Rs./Quintal,345.0,Metric Tonnes
Onion,Lasalgaon(Vinchur),2024-09-13,4150.0,Rs./Quintal,417.0,Metric Tonnes
Onion,Lasalgaon(Vinchur),2024-09-14,4650.0,Rs./Quintal,363.7,Metric Tonnes
Onion,Lasalgaon(Vinchur),2024-09-16,4700.0,Rs./Quintal,137.5,Metric Tonnes
Onion,Lasalgaon(Vinchur),2024-09-17,4450.0,Rs./Quintal,118.7,Metric Tonnes
Onion,Lasalgaon(Vinchur),2024-09-18,4300.0,Rs./Quintal,176.2,Metric Tonnes
Onion,Lasalgaon(Vinchur),2024-09-19,4500.0,Rs./Quintal,187.5,Metric Tonnes
Onion,Lasalgaon(Vinchur),2024-09-20,4700.0,Rs./Quintal,193.7,Metric Tonnes
Onion,Lasalgaon(Vinchur),2024-09-21,4700.0,Rs./Quintal,270.0,Metric Tonnes
Onion,Lasalgaon(Vinchur),2024-09-23,4750.0,Rs./Quintal,225.0,Metric Tonnes
Onion,Lasalgaon(Vinchur),2024-09-24,4750.0,Rs./Quintal,312.5,Metric Tonnes
Onion,Lasalgaon(Vinchur),2024-09-26,4600.0,Rs./Quintal,335.0,Metric Tonnes
Onion,Lasalgaon(Vinchur),2024-09-27,4450.0,Rs./Quintal,271.0,Metric Tonnes
Onion,Lasalgaon(Vinchur),2024-09-28,4100.0,Rs./Quintal,242.5,Metric Tonnes
Onion,Lasalgaon(Vinchur),2024-09-30,3800.0,Rs./Quintal,172.5,Metric Tonnes
Onion,Lasalgaon(Vinchur),2024-10-01,3850.0,Rs./Quintal,131.2,Metric Tonnes
Onion,Lasalgaon(Vinchur),2024-10-03,4350.0,Rs./Quintal,112.5,Metric Tonnes
Onion,Lasalgaon(Vinchur),2024-10-04,4500.0,Rs./Quintal,166.0,Metric Tonnes
Onion,Lasalgaon(Vinchur),2024-10-05,4400.0,Rs./Quintal,216.2,Metric Tonnes
Onion,Lasalgaon(Vinchur),2024-10-09,4250.0,Rs./Quintal,200.0,Metric Tonnes
Onion,Lasalgaon(Vinchur),2024-10-10,4100.0,Rs./Quintal,152.5,Metric Tonnes
Onion,Lasalgaon(Vinchur),2024-10-11,4200.0,Rs./Quintal,168.7,Metric Tonnes
Onion,Lasalgaon(Vinchur),2024-10-12,4000.0,Rs./Quintal,140.0,Metric Tonnes
Onion,Lasalgaon(Vinchur),2024-10-14,4250.0,Rs./Quintal,135.6,Metric Tonnes
Onion,Lasalgaon(Vinchur),2024-10-15,4000.0,Rs./Quintal,162.3,Metric Tonnes
Onion,Lasalgaon(Vinchur),2024-10-16,4050.0,Rs./Quintal,135.0,Metric Tonnes
Onion,Lasalgaon(Vinchur),2024-10-17,4050.0,Rs./Quintal,139.0,Metric Tonnes
Onion,Lasalgaon(Vinchur),2024-10-18,4000.0,Rs./Quintal,183.5,Metric Tonnes
Onion,Lasalgaon(Vinchur),2024-10-19,4000.0,Rs./Quintal,175.0,Metric Tonnes
Onion,Lasalgaon(Vinchur),2024-10-21,4100.0,Rs./Quintal,113.0,Metric Tonnes
Onion,Lasalgaon(Vinchur),2024-10-22,4500.0,Rs./Quintal,105.0,Metric Tonnes
Onion,Lasalgaon(Vinchur),2024-10-23,4550.0,Rs./Quintal,125.0,Metric Tonnes
Onion,Lasalgaon(Vinchur),2024-10-24,4500.0,Rs./Quintal,110.0,Metric Tonnes
Onion,Lasalgaon(Vinchur),2024-10-25,4350.0,Rs./Quintal,135.0,Metric Tonnes
Onion,Lasalgaon(Vinchur),2024-10-26,4400.0,Rs./Quintal,145.0,Metric Tonnes
Onion,Lasalgaon(Vinchur),2024-10-28,4300.0,Rs./Quintal,50.0,Metric Tonnes
Onion,Lasalgaon(Vinchur),2024-10-29,4350.0,Rs./Quintal,79.5,Metric Tonnes
Onion,Lasalgaon(Vinchur),2024-11-02,4350.0,Rs./Quintal,40.0,Metric Tonnes
Onion,Lasalgaon(Vinchur),2024-11-04,4711.0,Rs./Quintal,55.0,Metric Tonnes
Onion,Lasalgaon(Vinchur),2024-11-05,5400.0,Rs./Quintal,85.0,Metric Tonnes
Onion,Lasalgaon(Vinchur),2024-11-06,4750.5,Rs./Quintal,125.0,Metric Tonnes
Onion,Lasalgaon(Vinchur),2024-11-07,4800.0,Rs./Quintal,123.0,Metric Tonnes
Onion,Lasalgaon(Vinchur),2024-11-08,4737.5,Rs./Quintal,115.0,Metric Tonnes
Onion,Lasalgaon(Vinchur),2024-11-09,4600.0,Rs./Quintal,135.0,Metric Tonnes
Onion,Lasalgaon(Vinchur),2024-11-11,4800.0,Rs./Quintal,240.0,Metric Tonnes
Onion,Lasalgaon(Vinchur),2024-11-12,4400.5,Rs./Quintal,282.0,Metric Tonnes
Onion,Lasalgaon(Vinchur),2024-11-13,4600.0,Rs./Quintal,345.4,Metric Tonnes
Onion,Lasalgaon(Vinchur),2024-11-14,4662.5,Rs./Quintal,345.4,Metric Tonnes
Onion,Lasalgaon(Vinchur),2024-11-15,4200.0,Rs./Quintal,471.6,Metric Tonnes
Onion,Lasalgaon(Vinchur),2024-11-16,3800.0,Rs./Quintal,409.2,Metric Tonnes
Onion,Lasalgaon(Vinchur),2024-11-18,4050.0,Rs./Quintal,553.2,Metric Tonnes
Onion,Lasalgaon(Vinchur),2024-11-19,3650.0,Rs./Quintal,195.0,Metric Tonnes
Onion,Lasalgaon(Vinchur),2024-11-21,4320.0,Rs./Quintal,446.4,Metric Tonnes
Onion,Lasalgaon(Vinchur),2024-11-22,4100.0,Rs./Quintal,511.2,Metric Tonnes
Onion,Lasalgaon(Vinchur),2024-11-23,3762.5,Rs./Quintal,501.6,Metric Tonnes
Onion,Lasalgaon(Vinchur),2024-11-25,4100.0,Rs./Quintal,630.3,Metric Tonnes
Onion,Lasalgaon(Vinchur),2024-11-26,3900.0,Rs./Quintal,699.6,Metric Tonnes
Onion,Lasalgaon(Vinchur),2024-11-27,4100.0,Rs./Quintal,706.8,Metric Tonnes
Onion,Lasalgaon(Vinchur),2024-12-02,3700.0,Rs./Quintal,855.6,Metric Tonnes
Onion,Lasalgaon(Vinchur),2024-12-03,3600.0,Rs./Quintal,993.6,Metric Tonnes
Onion,Lasalgaon(Vinchur),2024-12-04,3700.0,Rs./Quintal,952.2,Metric Tonnes
Onion,Lasalgaon(Vinchur),2024-12-05,3600.0,Rs./Quintal,792.0,Metric Tonnes
Onion,Lasalgaon(Vinchur),2024-12-06,3800.0,Rs./Quintal,731.4,Metric Tonnes
Onion,Lasalgaon(Vinchur),2024-12-07,3700.0,Rs./Quintal,250.0,Metric Tonnes
Onion,Lasalgaon(Vinchur),2024-12-09,3800.0,Rs./Quintal,966.0,Metric Tonnes
Onion,Lasalgaon(Vinchur),2024-12-10,3750.0,Rs./Quintal,966.0,Metric Tonnes
Onion,Lasalgaon(Vinchur),2024-12-11,3600.0,Rs./Quintal,730.2,Metric Tonnes
Onion,Lasalgaon(Vinchur),2024-12-12,3700.0,Rs./Quintal,704.9,Metric Tonnes
Onion,Lasalgaon(Vinchur),2024-12-13,3250.0,Rs./Quintal,917.7,Metric Tonnes
Onion,Lasalgaon(Vinchur),2024-12-14,2650.0,Rs./Quintal,1120.1,Metric Tonnes
Onion,Lasalgaon(Vinchur),2024-12-16,2250.0,Rs./Quintal,1140.8,Metric Tonnes
Onion,Lasalgaon(Vinchur),2024-12-17,2100.0,Rs./Quintal,1555.4,Metric Tonnes
Onion,Lasalgaon(Vinchur),2024-12-18,1800.0,Rs./Quintal,1399.9,Metric Tonnes
Onion,Lasalgaon(Vinchur),2024-12-19,1850.0,Rs./Quintal,1097.5,Metric Tonnes
Onion,Lasalgaon(Vinchur),2024-12-20,1800.0,Rs./Quintal,1134.0,Metric Tonnes
Onion,Lasalgaon(Vinchur),2024-12-21,1851.0,Rs./Quintal,1398.5,Metric Tonnes
Onion,Lasalgaon(Vinchur),2024-12-23,1700.0,Rs./Quintal,980.2,Metric Tonnes
Onion,Lasalgaon(Vinchur),2024-12-24,1850.0,Rs./Quintal,1071.2,Metric Tonnes
Onion,Lasalgaon(Vinchur),2024-12-25,1800.0,Rs./Quintal,280.0,Metric Tonnes
Onion,Lasalgaon(Vinchur),2024-12-26,2000.0,Rs./Quintal,824.8,Metric Tonnes
Onion,Lasalgaon(Vinchur),2024-12-27,2200.0,Rs./Quintal,877.5,Metric Tonnes
Onion,Lasalgaon(Vinchur),2024-12-28,2300.0,Rs./Quintal,800.5,Metric Tonnes
Onion,Lasalgaon(Vinchur),2024-12-30,2600.0,Rs./Quintal,911.2,Metric Tonnes
Onion,Lasalgaon(Vinchur),2024-12-31,2600.0,Rs./Quintal,969.3,Metric Tonnes
Onion,Lasalgaon(Vinchur),2025-01-01,2400.0,Rs./Quintal,1042.2,Metric Tonnes
Onion,Lasalgaon(Vinchur),2025-01-02,2400.0,Rs./Quintal,1030.0,Metric Tonnes
Onion,Lasalgaon(Vinchur),2025-01-03,2400.0,Rs./Quintal,899.1,Metric Tonnes
Onion,Lasalgaon(Vinchur),2025-01-04,2450.0,Rs./Quintal,1035.4,Metric Tonnes
Onion,Lasalgaon(Vinchur),2025-01-06,2500.0,Rs./Quintal,1178.5,Metric Tonnes
Onion,Lasalgaon(Vinchur),2025-01-07,2400.0,Rs./Quintal,1348.2,Metric Tonnes
Onion,Lasalgaon(Vinchur),2025-01-08,2350.0,Rs./Quintal,1381.8,Metric Tonnes
Onion,Lasalgaon(Vinchur),2025-01-09,2200.0,Rs./Quintal,1346.8,Metric Tonnes
Onion,Lasalgaon(Vinchur),2025-01-10,1950.0,Rs./Quintal,1372.0,Metric Tonnes
Onion,Lasalgaon(Vinchur),2025-01-11,1750.0,Rs./Quintal,945.0,Metric Tonnes
Onion,Lasalgaon(Vinchur),2025-01-13,1850.0,Rs./Quintal,1455.8,Metric Tonnes
Onion,Lasalgaon(Vinchur),2025-01-14,1950.0,Rs./Quintal,933.8,Metric Tonnes
Onion,Lasalgaon(Vinchur),2025-01-16,2000.0,Rs./Quintal,1406.5,Metric Tonnes
Onion,Lasalgaon(Vinchur),2025-01-17,2050.0,Rs./Quintal,1431.1,Metric Tonnes
Onion,Lasalgaon(Vinchur),2025-01-18,2250.0,Rs./Quintal,1513.5,Metric Tonnes
Onion,Lasalgaon(Vinchur),2025-01-20,2450.0,Rs./Quintal,1641.0,Metric Tonnes
Onion,Lasalgaon(Vinchur),2025-01-21,2350.0,Rs./Quintal,1471.5,Metric Tonnes
Onion,Lasalgaon(Vinchur),2025-01-22,2350.0,Rs./Quintal,1664.0,Metric Tonnes
Onion,Lasalgaon(Vinchur),2025-01-23,2350.0,Rs./Quintal,1353.0,Metric Tonnes
Onion,Lasalgaon(Vinchur),2025-01-24,2400.0,Rs./Quintal,1297.5,Metric Tonnes
Onion,Lasalgaon(Vinchur),2025-01-25,2400.0,Rs./Quintal,703.2,Metric Tonnes
Onion,Lasalgaon(Vinchur),2025-01-27,2250.0,Rs./Quintal,1272.0,Metric Tonnes
Onion,Lasalgaon(Vinchur),2025-01-28,2250.0,Rs./Quintal,1113.0,Metric Tonnes
Onion,Lasalgaon(Vinchur),2025-01-29,2300.0,Rs./Quintal,1030.5,Metric Tonnes
Onion,Lasalgaon(Vinchur),2025-01-30,2250.0,Rs./Quintal,1009.5,Metric Tonnes
Onion,Lasalgaon(Vinchur),2025-01-31,2200.0,Rs./Quintal,1056.0,Metric Tonnes
Onion,Lasalgaon(Vinchur),2025-02-01,2100.0,Rs./Quintal,1101.0,Metric Tonnes
Onion,Lasalgaon(Vinchur),2025-02-03,2100.0,Rs./Quintal,4026.0,Metric Tonnes
Onion,Lasalgaon(Vinchur),2025-02-04,2250.0,Rs./Quintal,858.7,Metric Tonnes
Onion,Lasalgaon(Vinchur),2025-02-05,2250.0,Rs./Quintal,450.0,Metric Tonnes
Onion,Lasalgaon(Vinchur),2025-02-12,2650.0,Rs./Quintal,735.0,Metric Tonnes
Onion,Lasalgaon(Vinchur),2025-02-13,2900.0,Rs./Quintal,649.4,Metric Tonnes
Onion,Lasalgaon(Vinchur),2025-02-14,3100.0,Rs./Quintal,922.2,Metric Tonnes
Onion,Lasalgaon(Vinchur),2025-02-15,2900.0,Rs./Quintal,844.5,Metric Tonnes
Onion,Lasalgaon(Vinchur),2025-02-17,2750.0,Rs./Quintal,799.5,Metric Tonnes
Onion,Lasalgaon(Vinchur),2025-02-18,2675.0,Rs./Quintal,1080.0,Metric Tonnes
Onion,Lasalgaon(Vinchur),2025-02-19,2500.0,Rs./Quintal,532.5,Metric Tonnes
Onion,Lasalgaon(Vinchur),2025-02-20,2150.0,Rs./Quintal,1026.1,Metric Tonnes
Onion,Lasalgaon(Vinchur),2025-02-21,2150.0,Rs./Quintal,870.0,Metric Tonnes
Onion,Lasalgaon(Vinchur),2025-02-22,2350.0,Rs./Quintal,550.5,Metric Tonnes
Onion,Lasalgaon(Vinchur),2025-02-24,2357.5,Rs./Quintal,937.7,Metric Tonnes
Onion,Lasalgaon(Vinchur),2025-02-25,2390.0,Rs./Quintal,1174.8,Metric Tonnes
Onion,Lasalgaon(Vinchur),2025-02-27,2325.5,Rs./Quintal,995.1,Metric Tonnes
Onion,Lasalgaon(Vinchur),2025-02-28,2325.0,Rs./Quintal,1055.5,Metric Tonnes
Onion,Lasalgaon(Vinchur),2025-03-01,2250.0,Rs./Quintal,930.0,Metric Tonnes
Onion,Lasalgaon(Vinchur),2025-03-03,2275.0,Rs./Quintal,804.4,Metric Tonnes
Onion,Lasalgaon(Vinchur),2025-03-04,2275.0,Rs./Quintal,836.9,Metric Tonnes
Onion,Lasalgaon(Vinchur),2025-03-05,2275.0,Rs./Quintal,860.2,Metric Tonnes
Onion,Lasalgaon(Vinchur),2025-03-06,2312.5,Rs./Quintal,747.0,Metric Tonnes
Onion,Lasalgaon(Vinchur),2025-03-07,2275.0,Rs./Quintal,764.1,Metric Tonnes
Onion,Lasalgaon(Vinchur),2025-03-08,2150.0,Rs./Quintal,514.5,Metric Tonnes
Onion,Lasalgaon(Vinchur),2025-03-10,1650.0,Rs./Quintal,992.0,Metric Tonnes
Onion,Lasalgaon(Vinchur),2025-03-11,1605.0,Rs./Quintal,806.1,Metric Tonnes
Onion,Lasalgaon(Vinchur),2025-03-12,1505.0,Rs./Quintal,813.7,Metric Tonnes
Onion,Lasalgaon(Vinchur),2025-03-17,1415.0,Rs./Quintal,809.1,Metric Tonnes
Onion,Lasalgaon(Vinchur),2025-03-18,1425.0,Rs./Quintal,840.1,Metric Tonnes
Onion,Lasalgaon(Vinchur),2025-03-19,1475.0,Rs./Quintal,533.2,Metric Tonnes
Onion,Lasalgaon(Vinchur),2025-03-20,1400.0,Rs./Quintal,998.2,Metric Tonnes
Onion,Lasalgaon(Vinchur),2025-03-21,1350.0,Rs./Quintal,1081.9,Metric Tonnes
Onion,Lasalgaon(Vinchur),2025-03-22,1340.0,Rs./Quintal,635.5,Metric Tonnes
Onion,Lasalgaon(Vinchur),2025-03-25,1485.0,Rs./Quintal,516.4,Metric Tonnes
Onion,Lasalgaon(Vinchur),2025-03-26,1450.0,Rs./Quintal,570.4,Metric Tonnes
Onion,Lasalgaon(Vinchur),2025-03-27,1375.0,Rs./Quintal,737.8,Metric Tonnes
Onion,Lasalgaon(Vinchur),2025-04-02,1151.0,Rs./Quintal,792.0,Metric Tonnes
Onion,Lasalgaon(Vinchur),2025-04-03,1250.0,Rs./Quintal,449.4,Metric Tonnes
Onion,Lasalgaon(Vinchur),2025-04-04,1220.5,Rs./Quintal,562.6,Metric Tonnes
Onion,Lasalgaon(Vinchur),2025-04-05,1152.0,Rs./Quintal,13.9,Metric Tonnes
Onion,Lasalgaon(Vinchur),2025-04-07,1200.0,Rs./Quintal,740.9,Metric Tonnes
Onion,Lasalgaon(Vinchur),2025-04-08,1200.0,Rs./Quintal,868.0,Metric Tonnes
Onion,Lasalgaon(Vinchur),2025-04-09,1185.0,Rs./Quintal,936.2,Metric Tonnes
Onion,Lasalgaon(Vinchur),2025-04-10,1165.0,Rs./Quintal,578.1,Metric Tonnes
Onion,Lasalgaon(Vinchur),2025-04-11,1090.0,Rs./Quintal,1050.9,Metric Tonnes
Onion,Lasalgaon(Vinchur),2025-04-12,1130.0,Rs./Quintal,496.0,Metric Tonnes
Onion,Lasalgaon(Vinchur),2025-04-14,1160.0,Rs./Quintal,384.4,Metric Tonnes
Onion,Lasalgaon(Vinchur),2025-04-15,1180.0,Rs./Quintal,885.0,Metric Tonnes
Onion,Lasalgaon(Vinchur),2025-04-16,1200.0,Rs./Quintal,899.0,Metric Tonnes
Onion,Lasalgaon(Vinchur),2025-04-17,1250.0,Rs./Quintal,895.9,Metric Tonnes
Onion,Lasalgaon(Vinchur),2025-04-18,1230.0,Rs./Quintal,680.4,Metric Tonnes
Onion,Lasalgaon(Vinchur),2025-04-19,1230.0,Rs./Quintal,680.4,Metric Tonnes
Onion,Lasalgaon(Vinchur),2025-04-21,1220.0,Rs./Quintal,756.4,Metric Tonnes
Onion,Lasalgaon(Vinchur),2025-04-22,1220.0,Rs./Quintal,711.5,Metric Tonnes
Onion,Lasalgaon(Vinchur),2025-04-23,1260.0,Rs./Quintal,940.8,Metric Tonnes
Onion,Lasalgaon(Vinchur),2025-04-24,1160.0,Rs./Quintal,988.9,Metric Tonnes
Onion,Lasalgaon(Vinchur),2025-04-25,1230.0,Rs./Quintal,858.7,Metric Tonnes
Onion,Lasalgaon(Vinchur),2025-04-26,1220.0,Rs./Quintal,513.0,Metric Tonnes
Onion,Lasalgaon(Vinchur),2025-04-28,1200.0,Rs./Quintal,1286.5,Metric Tonnes
Onion,Lasalgaon(Vinchur),2025-04-29,1180.0,Rs./Quintal,998.2,Metric Tonnes
Onion,Lasalgaon(Vinchur),2025-04-30,1100.0,Rs./Quintal,373.5,Metric Tonnes
Onion,Lasalgaon(Vinchur),2025-05-02,1100.0,Rs./Quintal,1043.1,Metric Tonnes
Onion,Lasalgaon(Vinchur),2025-05-03,1120.0,Rs./Quintal,1060.2,Metric Tonnes
Onion,Lasalgaon(Vinchur),2025-05-05,1130.0,Rs./Quintal,1185.7,Metric Tonnes
Onion,Lasalgaon(Vinchur),2025-05-06,1080.0,Rs./Quintal,1050.9,Metric Tonnes
Onion,Lasalgaon(Vinchur),2025-05-07,1080.0,Rs./Quintal,877.3,Metric Tonnes
Onion,Lasalgaon(Vinchur),2025-05-08,1100.0,Rs./Quintal,1178.0,Metric Tonnes
Onion,Lasalgaon(Vinchur),2025-05-09,1100.0,Rs./Quintal,1080.3,Metric Tonnes
Onion,Lasalgaon(Vinchur),2025-05-10,1120.0,Rs./Quintal,728.5,Metric Tonnes
Onion,Lasalgaon(Vinchur),2025-05-12,1120.0,Rs./Quintal,1567.0,Metric Tonnes
Onion,Lasalgaon(Vinchur),2025-05-13,1120.0,Rs./Quintal,550.0,Metric Tonnes
Onion,Lasalgaon(Vinchur),2025-05-15,1100.0,Rs./Quintal,1424.7,Metric Tonnes
Onion,Lasalgaon(Vinchur),2025-05-16,1150.0,Rs./Quintal,1311.8,Metric Tonnes
Onion,Lasalgaon(Vinchur),2025-05-17,1200.0,Rs./Quintal,1504.3,Metric Tonnes
Onion,Lasalgaon(Vinchur),2025-05-19,1150.0,Rs./Quintal,1938.4,Metric Tonnes
Onion,Lasalgaon(Vinchur),2025-05-20,1150.0,Rs./Quintal,500.0,Metric Tonnes
Onion,Lasalgaon(Vinchur),2025-05-21,1160.0,Rs./Quintal,1312.8,Metric Tonnes
Onion,Lasalgaon(Vinchur),2025-05-22,1130.0,Rs./Quintal,1345.4,Metric Tonnes
Onion,Lasalgaon(Vinchur),2025-05-23,1150.0,Rs./Quintal,1411.4,Metric Tonnes
Onion,Lasalgaon(Vinchur),2025-05-24,1150.0,Rs./Quintal,785.1,Metric Tonnes
Onion,Lasalgaon(Vinchur),2025-05-26,1200.0,Rs./Quintal,1610.5,Metric Tonnes
Onion,Lasalgaon(Vinchur),2025-05-27,1300.0,Rs./Quintal,1669.7,Metric Tonnes
Onion,Lasalgaon(Vinchur),2025-05-28,1350.0,Rs./Quintal,1069.5,Metric Tonnes
Onion,Lasalgaon(Vinchur),2025-05-29,1400.0,Rs./Quintal,1361.4,Metric Tonnes
Onion,Lasalgaon(Vinchur),2025-05-30,1400.0,Rs./Quintal,2005.7,Metric Tonnes
Onion,Lasalgaon(Vinchur),2025-05-31,1300.0,Rs./Quintal,1925.8,Metric Tonnes
Onion,Lasalgaon(Vinchur),2025-06-02,1300.0,Rs./Quintal,1717.3,Metric Tonnes
Onion,Lasalgaon(Vinchur),2025-06-03,1360.0,Rs./Quintal,1467.6,Metric Tonnes
Onion,Lasalgaon(Vinchur),2025-06-04,1400.0,Rs./Quintal,1287.7,Metric Tonnes
Onion,Lasalgaon(Vinchur),2025-06-05,1440.0,Rs./Quintal,1125.8,Metric Tonnes
Onion,Lasalgaon(Vinchur),2025-06-06,1460.0,Rs./Quintal,1133.2,Metric Tonnes
Onion,Lasalgaon(Vinchur),2025-06-09,1520.0,Rs./Quintal,1577.7,Metric Tonnes
Onion,Lasalgaon(Vinchur),2025-06-10,1550.0,Rs./Quintal,1512.5,Metric Tonnes
Onion,Lasalgaon(Vinchur),2025-06-11,1600.0,Rs./Quintal,1554.9,Metric Tonnes
Onion,Lasalgaon(Vinchur),2025-06-12,1600.0,Rs./Quintal,1417.1,Metric Tonnes
Onion,Lasalgaon(Vinchur),2025-06-13,1600.0,Rs./Quintal,1390.3,Metric Tonnes
Onion,Lasalgaon(Vinchur),2025-06-14,1600.0,Rs./Quintal,834.4,Metric Tonnes
Onion,Lasalgaon(Vinchur),2025-06-16,1600.0,Rs./Quintal,3493.2,Metric Tonnes
Onion,Lasalgaon(Vinchur),2025-06-17,1550.0,Rs./Quintal,1729.1,Metric Tonnes
Onion,Lasalgaon(Vinchur),2025-06-18,1500.0,Rs./Quintal,1464.9,Metric Tonnes
Onion,Lasalgaon(Vinchur),2025-06-19,1580.0,Rs./Quintal,805.4,Metric Tonnes
Onion,Lasalgaon(Vinchur),2025-06-20,1580.0,Rs./Quintal,1308.9,Metric Tonnes
Onion,Lasalgaon(Vinchur),2025-06-21,1550.0,Rs./Quintal,1376.4,Metric Tonnes
Onion,Lasalgaon(Vinchur),2025-06-23,1550.0,Rs./Quintal,1537.9,Metric Tonnes
Onion,Lasalgaon(Vinchur),2025-06-24,1600.0,Rs./Quintal,1337.6,Metric Tonnes
Onion,Lasalgaon(Vinchur),2025-06-25,1550.0,Rs./Quintal,1438.4,Metric Tonnes
Onion,Lasalgaon(Vinchur),2025-06-26,1580.0,Rs./Quintal,1266.3,Metric Tonnes
Onion,Lasalgaon(Vinchur),2025-06-28,1500.0,Rs./Quintal,1054.0,Metric Tonnes
Onion,Lasalgaon(Vinchur),2025-06-30,1520.0,Rs./Quintal,1540.7,Metric Tonnes
Onion,Lasalgaon(Vinchur),2025-07-01,1550.0,Rs./Quintal,1781.4,Metric Tonnes
Onion,Lasalgaon(Vinchur),2025-07-03,1500.0,Rs./Quintal,1573.2,Metric Tonnes
Onion,Lasalgaon(Vinchur),2025-07-04,1500.0,Rs./Quintal,1526.7,Metric Tonnes
Onion,Lasalgaon(Vinchur),2025-07-05,1500.0,Rs./Quintal,1099.5,Metric Tonnes
Onion,Lasalgaon(Vinchur),2025-07-07,1450.0,Rs./Quintal,855.6,Metric Tonnes
Onion,Lasalgaon(Vinchur),2025-07-08,1500.0,Rs./Quintal,1063.3,Metric Tonnes
Onion,Lasalgaon(Vinchur),2025-07-09,1500.0,Rs./Quintal,1180.5,Metric Tonnes
Onion,Lasalgaon(Vinchur),2025-07-10,1460.0,Rs./Quintal,1095.0,Metric Tonnes
Onion,Lasalgaon(Vinchur),2025-07-11,1500.0,Rs./Quintal,1593.4,Metric Tonnes
Onion,Lasalgaon(Vinchur),2025-07-12,1450.0,Rs./Quintal,1044.7,Metric Tonnes
Onion,Lasalgaon(Vinchur),2025-07-14,1450.0,Rs./Quintal,1664.7,Metric Tonnes
Onion,Lasalgaon(Vinchur),2025-07-15,1450.0,Rs./Quintal,1618.2,Metric Tonnes
Onion,Lasalgaon(Vinchur),2025-07-16,1500.0,Rs./Quintal,1587.2,Metric Tonnes
Onion,Lasalgaon(Vinchur),2025-07-17,1425.0,Rs./Quintal,1725.1,Metric Tonnes
Onion,Lasalgaon(Vinchur),2025-07-18,1400.0,Rs./Quintal,1811.9,Metric Tonnes
Onion,Lasalgaon(Vinchur),2025-07-21,1400.0,Rs./Quintal,1706.5,Metric Tonnes
Onion,Lasalgaon(Vinchur),2025-07-22,1375.0,Rs./Quintal,1619.7,Metric Tonnes
Onion,Lasalgaon(Vinchur),2025-07-23,1370.0,Rs./Quintal,1396.5,Metric Tonnes
Onion,Lasalgaon(Vinchur),2025-07-24,1400.0,Rs./Quintal,1011.0,Metric Tonnes
Onion,Lasalgaon(Vinchur),2025-07-28,1300.0,Rs./Quintal,1224.0,Metric Tonnes
Onion,Lasalgaon(Vinchur),2025-07-29,1300.0,Rs./Quintal,450.0,Metric Tonnes
Onion,Lasalgaon(Vinchur),2025-07-30,1300.0,Rs./Quintal,1052.8,Metric Tonnes
Onion,Lasalgaon(Vinchur),2025-07-31,1270.0,Rs./Quintal,1201.2,Metric Tonnes
Onion,Lasalgaon(Vinchur),2025-08-01,1300.0,Rs./Quintal,1393.4,Metric Tonnes
Onion,Lasalgaon(Vinchur),2025-08-02,1300.0,Rs./Quintal,1195.0,Metric Tonnes
Onion,Lasalgaon(Vinchur),2025-08-04,1300.0,Rs./Quintal,1590.3,Metric Tonnes
Onion,Lasalgaon(Vinchur),2025-08-05,1280.0,Rs./Quintal,1613.5,Metric Tonnes
Onion,Lasalgaon(Vinchur),2025-08-07,1270.0,Rs./Quintal,450.0,Metric Tonnes
Onion,Lasalgaon(Vinchur),2025-08-11,1330.0,Rs./Quintal,908.3,Metric Tonnes
Onion,Lasalgaon(Vinchur),2025-08-12,1450.0,Rs./Quintal,948.6,Metric Tonnes
Onion,Lasalgaon(Vinchur),2025-08-13,1650.0,Rs./Quintal,1185.7,Metric Tonnes
Onion,Lasalgaon(Vinchur),2025-08-14,1600.0,Rs./Quintal,1475.6,Metric Tonnes
Onion,Lasalgaon(Vinchur),2025-08-16,1600.0,Rs./Quintal,818.4,Metric Tonnes
Onion,Lasalgaon(Vinchur),2025-08-18,1600.0,Rs./Quintal,450.0,Metric Tonnes
Onion,Lasalgaon(Vinchur),2025-08-19,1580.0,Rs./Quintal,350.0,Metric Tonnes
Onion,Lasalgaon(Vinchur),2025-08-20,1550.0,Rs./Quintal,965.6,Metric Tonnes
Onion,Lasalgaon(Vinchur),2025-08-21,1500.0,Rs./Quintal,1350.0,Metric Tonnes
Onion,Lasalgaon(Vinchur),2025-08-23,1450.0,Rs./Quintal,788.9,Metric Tonnes
Onion,Lasalgaon(Vinchur),2025-08-25,1450.0,Rs./Quintal,1596.5,Metric Tonnes
Onion,Lasalgaon(Vinchur),2025-08-26,1450.0,Rs./Quintal,450.0,Metric Tonnes
Onion,Lasalgaon(Vinchur),2025-08-27,1370.0,Rs./Quintal,550.2,Metric Tonnes
Onion,Lasalgaon(Vinchur),2025-08-28,1350.0,Rs./Quintal,1139.2,Metric Tonnes
Onion,Lasalgaon(Vinchur),2025-08-29,1350.0,Rs./Quintal,450.0,Metric Tonnes
Onion,Lasalgaon(Vinchur),2025-08-30,1300.0,Rs./Quintal,450.0,Metric Tonnes
Onion,Lasalgaon(Vinchur),2025-09-01,1350.0,Rs./Quintal,1402.7,Metric Tonnes
Onion,Lasalgaon(Vinchur),2025-09-02,1350.0,Rs./Quintal,1317.5,Metric Tonnes
Onion,Lasalgaon(Vinchur),2025-09-03,1300.0,Rs./Quintal,1182.6,Metric Tonnes
Onion,Lasalgaon(Vinchur),2025-09-04,1300.0,Rs./Quintal,1114.4,Metric Tonnes
Onion,Lasalgaon(Vinchur),2025-09-05,1300.0,Rs./Quintal,908.3,Metric Tonnes
Onion,Lasalgaon(Vinchur),2025-09-06,1270.0,Rs./Quintal,347.2,Metric Tonnes
Onion,Lasalgaon(Vinchur),2025-09-08,1270.0,Rs./Quintal,1069.5,Metric Tonnes
Onion,Lasalgaon(Vinchur),2025-09-09,1275.0,Rs./Quintal,1261.7,Metric Tonnes
Onion,Lasalgaon(Vinchur),2025-09-10,1275.0,Rs./Quintal,1244.6,Metric Tonnes
Onion,Lasalgaon(Vinchur),2025-09-11,1150.0,Rs./Quintal,1218.3,Metric Tonnes
Onion,Lasalgaon(Vinchur),2025-09-12,1150.0,Rs./Quintal,1154.7,Metric Tonnes
Onion,Lasalgaon(Vinchur),2025-09-13,1050.0,Rs./Quintal,633.9,Metric Tonnes
Onion,Lasalgaon(Vinchur),2025-09-15,1100.0,Rs./Quintal,604.5,Metric Tonnes
Onion,Lasalgaon(Vinchur),2025-09-16,1210.0,Rs./Quintal,672.7,Metric Tonnes
Onion,Lasalgaon(Vinchur),2025-09-17,1200.0,Rs./Quintal,869.5,Metric Tonnes
Onion,Lasalgaon(Vinchur),2025-09-18,1150.0,Rs./Quintal,981.1,Metric Tonnes
Onion,Lasalgaon(Vinchur),2025-09-19,1125.0,Rs./Quintal,1001.3,Metric Tonnes
Onion,Lasalgaon(Vinchur),2025-09-20,1080.0,Rs./Quintal,869.5,Metric Tonnes
Onion,Lasalgaon(Vinchur),2025-09-23,1075.0,Rs./Quintal,830.8,Metric Tonnes
Onion,Lasalgaon(Vinchur),2025-09-24,1100.0,Rs./Quintal,1122.2,Metric Tonnes
Onion,Lasalgaon(Vinchur),2025-09-26,1100.0,Rs./Quintal,450.0,Metric Tonnes
Onion,Lasalgaon(Vinchur),2025-09-27,1120.0,Rs./Quintal,626.2,Metric Tonnes
Onion,Lasalgaon(Vinchur),2025-09-29,1100.0,Rs./Quintal,440.2,Metric Tonnes
Onion,Lasalgaon(Vinchur),2025-09-30,1150.0,Rs./Quintal,750.2,Metric Tonnes
Onion,Lasalgaon(Vinchur),2025-10-01,1150.0,Rs./Quintal,250.0,Metric Tonnes
Onion,Lasalgaon(Vinchur),2025-10-02,1175.0,Rs./Quintal,441.7,Metric Tonnes
Onion,Lasalgaon(Vinchur),2025-10-03,1200.0,Rs./Quintal,745.5,Metric Tonnes
Onion,Lasalgaon(Vinchur),2025-10-04,1150.0,Rs./Quintal,1081.9,Metric Tonnes
Onion,Lasalgaon(Vinchur),2025-10-06,1100.0,Rs./Quintal,1385.7,Metric Tonnes
Onion,Lasalgaon(Vinchur),2025-10-07,1080.0,Rs./Quintal,1253.9,Metric Tonnes
Onion,Lasalgaon(Vinchur),2025-10-08,1050.0,Rs./Quintal,1164.0,Metric Tonnes
Onion,Lasalgaon(Vinchur),2025-10-09,1030.0,Rs./Quintal,1086.5,Metric Tonnes
Onion,Lasalgaon(Vinchur),2025-10-13,1040.0,Rs./Quintal,1216.7,Metric Tonnes
Onion,Lasalgaon(Vinchur),2025-10-14,1050.0,Rs./Quintal,1267.9,Metric Tonnes
Onion,Lasalgaon(Vinchur),2025-10-15,1040.0,Rs./Quintal,1489.5,Metric Tonnes
Onion,Lasalgaon(Vinchur),2025-10-22,970.0,Rs./Quintal,482.0,Metric Tonnes
Onion,Lasalgaon(Vinchur),2025-10-27,1250.0,Rs./Quintal,380.0,Metric Tonnes
Onion,Lasalgaon(Vinchur),2025-10-28,1350.0,Rs./Quintal,725.4,Metric Tonnes
Onion,Lasalgaon(Vinchur),2025-10-29,1400.0,Rs./Quintal,754.8,Metric Tonnes
Onion,Lasalgaon(Vinchur),2025-10-30,1550.0,Rs./Quintal,767.2,Metric Tonnes
Onion,Lasalgaon(Vinchur),2025-10-31,1620.0,Rs./Quintal,1036.9,Metric Tonnes
Onion,Lasalgaon(Vinchur),2025-11-01,1600.0,Rs./Quintal,906.7,Metric Tonnes
Onion,Lasalgaon(Vinchur),2025-11-03,1550.0,Rs./Quintal,1098.9,Metric Tonnes
Onion,Lasalgaon(Vinchur),2025-11-05,1520.0,Rs./Quintal,993.5,Metric Tonnes
Onion,Lasalgaon(Vinchur),2025-11-07,1650.0,Rs./Quintal,1072.6,Metric Tonnes
Onion,Lasalgaon(Vinchur),2025-11-08,1520.0,Rs./Quintal,629.3,Metric Tonnes
Onion,Lasalgaon(Vinchur),2025-11-10,1550.0,Rs./Quintal,968.7,Metric Tonnes
Onion,Lasalgaon(Vinchur),2025-11-11,1500.0,Rs./Quintal,993.5,Metric Tonnes
Onion,Lasalgaon(Vinchur),2025-11-12,1450.0,Rs./Quintal,970.3,Metric Tonnes
Onion,Lasalgaon(Vinchur),2025-11-13,1400.0,Rs./Quintal,807.5,Metric Tonnes
Onion,Lasalgaon(Vinchur),2025-11-14,1475.0,Rs./Quintal,812.2,Metric Tonnes
Onion,Lasalgaon(Vinchur),2025-11-15,1450.0,Rs./Quintal,669.6,Metric Tonnes
Onion,Lasalgaon(Vinchur),2025-11-17,1410.0,Rs./Quintal,798.2,Metric Tonnes
Onion,Lasalgaon(Vinchur),2025-11-18,1400.0,Rs./Quintal,340.0,Metric Tonnes
Onion,Lasalgaon(Vinchur),2025-11-19,1370.0,Rs./Quintal,956.3,Metric Tonnes
Onion,Lasalgaon(Vinchur),2025-11-20,1350.0,Rs./Quintal,973.4,Metric Tonnes
Onion,Lasalgaon(Vinchur),2025-11-21,1110.0,Rs./Quintal,951.7,Metric Tonnes
Onion,Lasalgaon(Vinchur),2025-11-22,1150.0,Rs./Quintal,576.6,Metric Tonnes
Onion,Lasalgaon(Vinchur),2025-11-24,1150.0,Rs./Quintal,826.5,Metric Tonnes
Onion,Lasalgaon(Vinchur),2025-11-25,1120.0,Rs./Quintal,896.9,Metric Tonnes
Onion,Lasalgaon(Vinchur),2025-11-27,950.0,Rs./Quintal,942.5,Metric Tonnes
Onion,Lasalgaon(Vinchur),2025-11-28,980.0,Rs./Quintal,899.0,Metric Tonnes
Onion,Lasalgaon(Vinchur),2025-11-29,975.0,Rs./Quintal,784.3,Metric Tonnes
Onion,Lasalgaon(Vinchur),2025-12-01,1000.0,Rs./Quintal,737.7,Metric Tonnes
Onion,Lasalgaon(Vinchur),2025-12-02,1110.0,Rs./Quintal,697.5,Metric Tonnes
Onion,Lasalgaon(Vinchur),2025-12-03,1210.0,Rs./Quintal,695.9,Metric Tonnes
Onion,Lasalgaon(Vinchur),2025-12-04,1210.0,Rs./Quintal,639.0,Metric Tonnes
Onion,Lasalgaon(Vinchur),2025-12-05,1215.55,Rs./Quintal,278.5,Metric Tonnes
Onion,Lasalgaon(Vinchur),2025-12-06,1138.28,Rs./Quintal,454.5,Metric Tonnes
Onion,Lasalgaon(Vinchur),2025-12-08,1342.38,Rs./Quintal,438.0,Metric Tonnes
Onion,Lasalgaon(Vinchur),2025-12-09,1610.34,Rs./Quintal,478.5,Metric Tonnes
Onion,Lasalgaon(Vinchur),2025-12-10,1856.17,Rs./Quintal,595.5,Metric Tonnes
Onion,Lasalgaon(Vinchur),2025-12-11,1938.98,Rs./Quintal,619.5,Metric Tonnes
Onion,Lasalgaon(Vinchur),2025-12-12,1945.71,Rs./Quintal,765.0,Metric Tonnes
Onion,Lasalgaon(Vinchur),2025-12-13,1887.25,Rs./Quintal,453.0,Metric Tonnes
Onion,Lasalgaon(Vinchur),2025-12-15,2131.34,Rs./Quintal,1029.0,Metric Tonnes
Onion,Lasalgaon(Vinchur),2025-12-16,2157.98,Rs./Quintal,921.0,Metric Tonnes
Onion,Lasalgaon(Vinchur),2025-12-17,2173.57,Rs./Quintal,1126.5,Metric Tonnes
Onion,Lasalgaon(Vinchur),2025-12-18,2111.54,Rs./Quintal,1209.0,Metric Tonnes
Onion,Lasalgaon(Vinchur),2025-12-19,2112.97,Rs./Quintal,1227.1,Metric Tonnes
Onion,Lasalgaon(Vinchur),2025-12-20,1853.44,Rs./Quintal,1251.3,Metric Tonnes
Onion,Lasalgaon(Vinchur),2025-12-22,1719.24,Rs./Quintal,1106.3,Metric Tonnes
Onion,Lasalgaon(Vinchur),2025-12-23,1675.11,Rs./Quintal,1027.5,Metric Tonnes
Onion,Lasalgaon(Vinchur),2025-12-24,1792.13,Rs./Quintal,1009.7,Metric Tonnes
Onion,Lasalgaon(Vinchur),2025-12-25,1677.75,Rs./Quintal,549.7,Metric Tonnes
Onion,Lasalgaon(Vinchur),2025-12-26,1822.99,Rs./Quintal,1106.1,Metric Tonnes
Onion,Lasalgaon(Vinchur),2025-12-27,1752.43,Rs./Quintal,760.8,Metric Tonnes
Onion,Lasalgaon(Vinchur),2025-12-29,2050.0,Rs./Quintal,962.5,Metric Tonnes
Onion,Lasalgaon(Vinchur),2025-12-30,1950.0,Rs./Quintal,1255.5,Metric Tonnes
Onion,Lasalgaon(Vinchur),2025-12-31,1850.0,Rs./Quintal,1192.5,Metric Tonnes
Onion,Lasalgaon(Vinchur),2026-01-01,1800.0,Rs./Quintal,1033.8,Metric Tonnes
Onion,Lasalgaon(Vinchur),2026-01-02,1780.0,Rs./Quintal,1255.5,Metric Tonnes
Onion,Lasalgaon(Vinchur),2026-01-03,1750.0,Rs./Quintal,1240.5,Metric Tonnes
Onion,Lasalgaon(Vinchur),2026-01-05,1550.0,Rs./Quintal,1436.8,Metric Tonnes
Onion,Lasalgaon(Vinchur),2026-01-06,1550.0,Rs./Quintal,1240.0,Metric Tonnes
Onion,Lasalgaon(Vinchur),2026-01-07,1550.0,Rs./Quintal,1260.8,Metric Tonnes
Onion,Lasalgaon(Vinchur),2026-01-08,1575.0,Rs./Quintal,1193.5,Metric Tonnes
Onion,Lasalgaon(Vinchur),2026-01-09,1550.0,Rs./Quintal,1308.2,Metric Tonnes
Onion,Lasalgaon(Vinchur),2026-01-10,1460.0,Rs./Quintal,813.8,Metric Tonnes
Onion,Lasalgaon(Vinchur),2026-01-12,1500.0,Rs./Quintal,1379.5,Metric Tonnes
Onion,Lasalgaon(Vinchur),2026-01-13,1450.0,Rs./Quintal,1470.9,Metric Tonnes
Onion,Lasalgaon(Vinchur),2026-01-14,1420.0,Rs./Quintal,1027.6,Metric Tonnes
Onion,Lasalgaon(Vinchur),2026-01-16,1425.0,Rs./Quintal,1611.2,Metric Tonnes
Onion,Lasalgaon(Vinchur),2026-01-17,1500.0,Rs./Quintal,1363.4,Metric Tonnes
Onion,Lasalgaon(Vinchur),2026-01-19,1550.0,Rs./Quintal,1712.0,Metric Tonnes
Onion,Lasalgaon(Vinchur),2026-01-20,1475.0,Rs./Quintal,1858.5,Metric Tonnes
Onion,Lasalgaon(Vinchur),2026-01-21,1450.0,Rs./Quintal,1949.9,Metric Tonnes
Onion,Lasalgaon(Vinchur),2026-01-22,1450.0,Rs./Quintal,850.0,Metric Tonnes
Onion,Lasalgaon(Vinchur),2026-01-23,1450.0,Rs./Quintal,2211.7,Metric Tonnes
Onion,Lasalgaon(Vinchur),2026-01-24,1350.0,Rs./Quintal,1552.1,Metric Tonnes
Onion,Lasalgaon(Vinchur),2026-01-27,1300.0,Rs./Quintal,2119.9,Metric Tonnes
Onion,Lasalgaon(Vinchur),2026-01-28,1325.0,Rs./Quintal,1533.4,Metric Tonnes
Onion,Lasalgaon(Vinchur),2026-01-29,1260.0,Rs./Quintal,2029.8,Metric Tonnes
Onion,Lasalgaon(Vinchur),2026-01-30,1150.0,Rs./Quintal,2465.0,Metric Tonnes
Onion,Lasalgaon(Vinchur),2026-01-31,1080.0,Rs./Quintal,1384.0,Metric Tonnes
Onion,Lasalgaon(Vinchur),2026-02-02,1100.0,Rs./Quintal,1992.4,Metric Tonnes
Onion,Lasalgaon(Vinchur),2026-02-03,1125.0,Rs./Quintal,1836.0,Metric Tonnes
Onion,Lasalgaon(Vinchur),2026-02-04,1100.0,Rs./Quintal,1990.7,Metric Tonnes
Onion,Lasalgaon(Vinchur),2026-02-05,1050.0,Rs./Quintal,1842.8,Metric Tonnes
Onion,Lasalgaon(Vinchur),2026-02-06,1025.0,Rs./Quintal,1752.7,Metric Tonnes
Onion,Lasalgaon(Vinchur),2026-02-07,1100.0,Rs./Quintal,996.6,Metric Tonnes
Onion,Lasalgaon(Vinchur),2026-02-09,1225.0,Rs./Quintal,1718.7,Metric Tonnes
Onion,Lasalgaon(Vinchur),2026-02-10,1225.0,Rs./Quintal,850.0,Metric Tonnes
Onion,Lasalgaon(Vinchur),2026-02-11,1180.0,Rs./Quintal,1773.1,Metric Tonnes
Onion,Lasalgaon(Vinchur),2026-02-12,1200.0,Rs./Quintal,1771.4,Metric Tonnes
Onion,Lasalgaon(Vinchur),2026-02-13,1150.0,Rs./Quintal,2006.0,Metric Tonnes
Onion,Lasalgaon(Vinchur),2026-02-14,1100.0,Rs./Quintal,1343.0,Metric Tonnes
Onion,Lasalgaon(Vinchur),2026-02-16,1100.0,Rs./Quintal,1878.5,Metric Tonnes
Onion,Lasalgaon(Vinchur),2026-02-17,1100.0,Rs./Quintal,1947.7,Metric Tonnes
Onion,Lasalgaon(Vinchur),2026-02-18,1100.0,Rs./Quintal,2332.7,Metric Tonnes
Onion,Lasalgaon(Vinchur),2026-02-19,1100.0,Rs./Quintal,1130.5,Metric Tonnes
Onion,Lasalgaon(Vinchur),2026-02-20,1100.0,Rs./Quintal,2276.7,Metric Tonnes
Onion,Lasalgaon(Vinchur),2026-02-21,1100.0,Rs./Quintal,1849.7,Metric Tonnes
Onion,Lasalgaon(Vinchur),2026-02-23,1060.0,Rs./Quintal,2231.2,Metric Tonnes
Onion,Lasalgaon(Vinchur),2026-02-25,930.0,Rs./Quintal,2028.2,Metric Tonnes
Onion,Lasalgaon(Vinchur),2026-02-26,1000.0,Rs./Quintal,1666.0,Metric Tonnes
Onion,Lasalgaon(Vinchur),2026-02-27,1000.0,Rs./Quintal,1895.2,Metric Tonnes
Onion,Lasalgaon(Vinchur),2026-03-05,950.0,Rs./Quintal,1256.5,Metric Tonnes
Onion,Lasalgaon(Vinchur),2026-03-06,950.0,Rs./Quintal,1597.7,Metric Tonnes
Onion,Lasalgaon(Vinchur),2026-03-07,900.0,Rs./Quintal,1569.7,Metric Tonnes
Onion,Lasalgaon(Vinchur),2026-03-09,900.0,Rs./Quintal,1697.5,Metric Tonnes
Onion,Lasalgaon(Vinchur),2026-03-10,900.0,Rs./Quintal,1636.2,Metric Tonnes
Onion,Lasalgaon(Vinchur),2026-03-11,925.0,Rs./Quintal,1659.0,Metric Tonnes
Onion,Lasalgaon(Vinchur),2026-03-12,925.0,Rs./Quintal,1531.2,Metric Tonnes
Onion,Lasalgaon(Vinchur),2026-03-13,950.0,Rs./Quintal,1552.2,Metric Tonnes
Onion,Lasalgaon(Vinchur),2026-03-14,950.0,Rs./Quintal,832.9,Metric Tonnes
Onion,Lasalgaon(Vinchur),2026-03-16,950.0,Rs./Quintal,1358.0,Metric Tonnes
Onion,Lasalgaon(Vinchur),2026-03-17,900.0,Rs./Quintal,1300.2,Metric Tonnes
Onion,Lasalgaon(Vinchur),2026-03-18,900.0,Rs./Quintal,1279.2,Metric Tonnes
Onion,Lasalgaon(Vinchur),2026-03-19,900.0,Rs./Quintal,694.7,Metric Tonnes
Onion,Lasalgaon(Vinchur),2026-03-20,875.0,Rs./Quintal,1031.4,Metric Tonnes
Onion,Lasalgaon(Vinchur),2026-03-23,918.96,Rs./Quintal,1477.0,Metric Tonnes
Onion,Lasalgaon(Vinchur),2026-03-24,964.08,Rs./Quintal,1238.9,Metric Tonnes
Onion,Lasalgaon(Vinchur),2026-03-25,1121.24,Rs./Quintal,1384.2,Metric Tonnes
Onion,Lasalgaon(Vinchur),2026-03-27,976.52,Rs./Quintal,1263.5,Metric Tonnes
Onion,Lasalgaon(Vinchur),2026-04-02,955.63,Rs./Quintal,497.0,Metric Tonnes
Onion,Lasalgaon(Vinchur),2026-04-03,1054.26,Rs./Quintal,411.2,Metric Tonnes
Onion,Lasalgaon(Vinchur),2026-04-04,1039.39,Rs./Quintal,568.7,Metric Tonnes
Onion,Lasalgaon(Vinchur),2026-04-06,1028.76,Rs./Quintal,967.7,Metric Tonnes
Onion,Lasalgaon(Vinchur),2026-04-07,976.96,Rs./Quintal,694.7,Metric Tonnes
Onion,Lasalgaon(Vinchur),2026-04-08,1057.76,Rs./Quintal,642.2,Metric Tonnes
Onion,Lasalgaon(Vinchur),2026-04-09,1053.93,Rs./Quintal,603.7,Metric Tonnes
Onion,Lasalgaon(Vinchur),2026-04-10,1073.52,Rs./Quintal,475.9,Metric Tonnes
Onion,Lasalgaon(Vinchur),2026-04-11,1100.0,Rs./Quintal,292.5,Metric Tonnes
Onion,Lasalgaon(Vinchur),2026-04-13,1134.61,Rs./Quintal,732.4,Metric Tonnes
Onion,Lasalgaon(Vinchur),2026-04-14,1125.0,Rs./Quintal,327.7,Metric Tonnes
Onion,Lasalgaon(Vinchur),2026-04-15,1064.87,Rs./Quintal,1088.1,Metric Tonnes
Onion,Lasalgaon(Vinchur),2026-04-16,1065.85,Rs./Quintal,860.2,Metric Tonnes
Onion,Lasalgaon(Vinchur),2026-04-17,941.61,Rs./Quintal,934.6,Metric Tonnes
Onion,Lasalgaon(Vinchur),2026-04-20,950.0,Rs./Quintal,594.7,Metric Tonnes
Onion,Lasalgaon(Vinchur),2026-04-21,1000.0,Rs./Quintal,507.0,Metric Tonnes
Onion,Lasalgaon(Vinchur),2026-04-22,1000.0,Rs./Quintal,674.2,Metric Tonnes
Onion,Lasalgaon(Vinchur),2026-04-23,1000.0,Rs./Quintal,900.5,Metric Tonnes
Onion,Lasalgaon(Vinchur),2026-04-24,1000.0,Rs./Quintal,979.2,Metric Tonnes
Onion,Lasalgaon(Vinchur),2026-04-25,1000.0,Rs./Quintal,522.0,Metric Tonnes
Onion,Lasalgaon(Vinchur),2026-04-27,1000.0,Rs./Quintal,892.8,Metric Tonnes
Onion,Lasalgaon(Vinchur),2026-04-28,1000.0,Rs./Quintal,750.3,Metric Tonnes
Onion,Lasalgaon(Vinchur),2026-04-29,1000.0,Rs./Quintal,745.5,Metric Tonnes
Onion,Lasalgaon(Vinchur),2026-04-30,1050.0,Rs./Quintal,907.3,Metric Tonnes
Onion,Lasalgaon(Vinchur),2026-05-02,1100.0,Rs./Quintal,1179.5,Metric Tonnes
Onion,Lasalgaon(Vinchur),2026-05-04,1100.0,Rs./Quintal,1312.5,Metric Tonnes
Onion,Lasalgaon(Vinchur),2026-05-05,1100.0,Rs./Quintal,2838.0,Metric Tonnes
Onion,Lasalgaon(Vinchur),2026-05-06,1050.0,Rs./Quintal,1225.2,Metric Tonnes
Onion,Lasalgaon(Vinchur),2026-05-07,1050.0,Rs./Quintal,1095.8,Metric Tonnes
Onion,Lasalgaon(Vinchur),2026-05-08,1000.0,Rs./Quintal,1220.9,Metric Tonnes
Onion,Lasalgaon(Vinchur),2026-05-09,1000.0,Rs./Quintal,644.0,Metric Tonnes
Onion,Lasalgaon(Vinchur),2026-05-11,1000.0,Rs./Quintal,1140.0,Metric Tonnes
Onion,Lasalgaon(Vinchur),2026-05-12,1100.0,Rs./Quintal,1027.4,Metric Tonnes
Onion,Lasalgaon(Vinchur),2026-05-13,1100.0,Rs./Quintal,886.3,Metric Tonnes
Onion,Lasalgaon(Vinchur),2026-05-14,1075.0,Rs./Quintal,694.4,Metric Tonnes
Onion,Lasalgaon(Vinchur),2026-05-15,1100.0,Rs./Quintal,814.8,Metric Tonnes
Onion,Lasalgaon(Vinchur),2026-05-16,1000.0,Rs./Quintal,635.2,Metric Tonnes
Onion,Lasalgaon(Vinchur),2026-05-18,1000.0,Rs./Quintal,971.5,Metric Tonnes
Onion,Lasalgaon(Vinchur),2026-05-19,1100.0,Rs./Quintal,1007.7,Metric Tonnes
Onion,Lasalgaon(Vinchur),2026-05-20,1125.0,Rs./Quintal,849.1,Metric Tonnes
Onion,Lasalgaon(Vinchur),2026-05-21,1125.0,Rs./Quintal,742.5,Metric Tonnes
Onion,Lasalgaon(Vinchur),2026-05-22,1200.0,Rs./Quintal,861.3,Metric Tonnes
Onion,Lasalgaon(Vinchur),2026-05-23,1225.0,Rs./Quintal,500.4,Metric Tonnes
Onion,Lasalgaon(Vinchur),2026-05-25,1250.0,Rs./Quintal,601.9,Metric Tonnes
Onion,Lasalgaon(Vinchur),2026-05-26,1350.0,Rs./Quintal,837.0,Metric Tonnes
Onion,Lasalgaon(Vinchur),2026-05-27,1350.0,Rs./Quintal,959.8,Metric Tonnes
Onion,Lasalgaon(Vinchur),2026-05-28,1325.0,Rs./Quintal,926.1,Metric Tonnes
Onion,Lasalgaon(Vinchur),2026-05-29,1300.0,Rs./Quintal,1078.5,Metric Tonnes
Onion,Lasalgaon(Vinchur),2026-05-30,1300.0,Rs./Quintal,654.0,Metric Tonnes
Onion,Lasalgaon(Vinchur),2026-06-01,1325.0,Rs./Quintal,971.7,Metric Tonnes
Onion,Lasalgaon(Vinchur),2026-06-02,1400.0,Rs./Quintal,957.5,Metric Tonnes
Onion,Lasalgaon(Vinchur),2026-06-03,1400.0,Rs./Quintal,1118.7,Metric Tonnes
Onion,Lasalgaon(Vinchur),2026-06-04,1450.0,Rs./Quintal,1002.0,Metric Tonnes
Onion,Lasalgaon(Vinchur),2026-06-05,1500.0,Rs./Quintal,1063.7,Metric Tonnes
Onion,Lasalgaon(Vinchur),2026-06-06,1550.0,Rs./Quintal,825.0,Metric Tonnes
Onion,Lasalgaon(Vinchur),2026-06-08,1600.0,Rs./Quintal,1060.0,Metric Tonnes
Onion,Lasalgaon(Vinchur),2026-06-09,1525.0,Rs./Quintal,635.0,Metric Tonnes
Onion,Lasalgaon(Vinchur),2026-06-10,1550.0,Rs./Quintal,1050.0,Metric Tonnes
Onion,Lasalgaon(Vinchur),2026-06-11,1500.0,Rs./Quintal,1078.7,Metric Tonnes
Onion,Lasalgaon(Vinchur),2026-06-12,1450.0,Rs./Quintal,993.2,Metric Tonnes
Onion,Lasalgaon(Vinchur),2026-06-13,1500.0,Rs./Quintal,476.2,Metric Tonnes
Onion,Lasalgaon(Vinchur),2026-06-15,1450.0,Rs./Quintal,868.7,Metric Tonnes
Onion,Lasalgaon(Vinchur),2026-06-16,1600.0,Rs./Quintal,891.2,Metric Tonnes
Onion,Lasalgaon(Vinchur),2026-06-17,1750.0,Rs./Quintal,1048.6,Metric Tonnes
Onion,Lasalgaon(Vinchur),2026-06-18,1750.0,Rs./Quintal,1171.1,Metric Tonnes
Onion,Lasalgaon(Vinchur),2026-06-19,1700.0,Rs./Quintal,1133.7,Metric Tonnes
Onion,Lasalgaon(Vinchur),2026-06-20,1650.0,Rs./Quintal,813.0,Metric Tonnes
Onion,Lasalgaon(Vinchur),2026-06-22,1750.0,Rs./Quintal,1138.7,Metric Tonnes
Onion,Lasalgaon(Vinchur),2026-06-23,1950.0,Rs./Quintal,1018.7,Metric Tonnes
Onion,Lasalgaon(Vinchur),2026-06-24,2100.0,Rs./Quintal,1019.2,Metric Tonnes
Onion,Lasalgaon(Vinchur),2026-06-25,2100.0,Rs./Quintal,1339.8,Metric Tonnes
Onion,Lasalgaon(Vinchur),2026-06-26,2100.0,Rs./Quintal,1547.9,Metric Tonnes
Onion,Lasalgaon(Vinchur),2026-06-29,2200.0,Rs./Quintal,1258.8,Metric Tonnes
Onion,Lasalgaon(Vinchur),2026-06-30,2200.0,Rs./Quintal,1315.2,Metric Tonnes
Onion,Lasalgaon(Vinchur),2026-07-01,2200.0,Rs./Quintal,1281.9,Metric Tonnes
Onion,Lasalgaon(Vinchur),2026-07-02,2150.0,Rs./Quintal,1099.4,Metric Tonnes
Onion,Lasalgaon(Vinchur),2026-07-03,2150.0,Rs./Quintal,882.0,Metric Tonnes
Onion,Lasalgaon(Vinchur),2026-07-04,2150.0,Rs./Quintal,480.0,Metric Tonnes
Onion,Lasalgaon(Vinchur),2026-07-06,2200.0,Rs./Quintal,967.1,Metric Tonnes
Onion,Lasalgaon(Vinchur),2026-07-07,2250.0,Rs./Quintal,782.0,Metric Tonnes
Onion,Lasalgaon(Vinchur),2026-07-08,2250.0,Rs./Quintal,819.9,Metric Tonnes
Onion,Lasalgaon(Vinchur),2026-07-09,2200.0,Rs./Quintal,990.0,Metric Tonnes
Onion,Lasalgaon(Vinchur),2026-07-10,2150.0,Rs./Quintal,951.5,Metric Tonnes
Onion,Lasalgaon(Vinchur),2026-07-11,2150.0,Rs./Quintal,590.7,Metric Tonnes
Onion,Lasalgaon(Vinchur),2026-07-13,2150.0,Rs./Quintal,1004.0,Metric Tonnes
Onion,Lasalgaon(Vinchur),2026-07-14,2200.0,Rs./Quintal,908.3,Metric Tonnes
Onion,Lasalgaon(Vinchur),2026-07-15,2150.0,Rs./Quintal,1032.9,Metric Tonnes
Onion,Lasalgaon(Vinchur),2026-07-16,2200.0,Rs./Quintal,1024.1,Metric Tonnes
Onion,Lasalgaon(Vinchur),2026-07-17,2200.0,Rs./Quintal,1040.6,Metric Tonnes
Onion,Lasalgaon(Vinchur),2026-07-18,2150.0,Rs./Quintal,695.0,Metric Tonnes
Onion,Lasalgaon(Vinchur),2026-07-20,2100.0,Rs./Quintal,865.9,Metric Tonnes
Onion,Lasalgaon(Vinchur),2026-07-21,2025.0,Rs./Quintal,975.2,Metric Tonnes
Onion,Lasalgaon(Vinchur),2026-07-22,2000.0,Rs./Quintal,818.8,Metric Tonnes
Onion,Lasalgaon(Vinchur),2026-07-23,2050.0,Rs./Quintal,380.0,Metric Tonnes
Onion,Lasalgaon(Vinchur),2026-07-24,2050.0,Rs./Quintal,971.3,Metric Tonnes
Onion,Lasalgaon(Vinchur),2026-07-27,2100.0,Rs./Quintal,1023.5,Metric Tonnes
Onion,Lasalgaon(Vinchur),2026-07-28,2050.0,Rs./Quintal,1080.0,Metric Tonnes
Onion,Lasalgaon(Vinchur),2026-07-29,2000.0,Rs./Quintal,932.6,Metric Tonnes
Onion,Lasalgaon(Vinchur),2026-07-30,2050.0,Rs./Quintal,881.1,Metric Tonnes
Onion,Lasalgaon(Vinchur),2026-07-31,2100.0,Rs./Quintal,614.5,Metric Tonnes
Onion,Lasalgaon(Vinchur),2026-08-03,2100.0,Rs./Quintal,1051.8,Metric Tonnes
Onion,Lasalgaon(Vinchur),2026-08-04,2150.0,Rs./Quintal,1006.8,Metric Tonnes
Onion,Lasalgaon(Vinchur),2026-08-05,2150.0,Rs./Quintal,938.3,Metric Tonnes
Onion,Lasalgaon(Vinchur),2026-08-06,2200.0,Rs./Quintal,821.7,Metric Tonnes
Onion,Lasalgaon(Vinchur),2026-08-07,2150.0,Rs./Quintal,869.0,Metric Tonnes
Onion,Lasalgaon(Vinchur),2026-08-08,2200.0,Rs./Quintal,403.0,Metric Tonnes
Onion,Lasalgaon(Vinchur),2026-08-10,2325.0,Rs./Quintal,885.1,Metric Tonnes
Onion,Lasalgaon(Vinchur),2026-08-11,2500.0,Rs./Quintal,766.5,Metric Tonnes
Onion,Lasalgaon(Vinchur),2026-08-12,2600.0,Rs./Quintal,547.0,Metric Tonnes
Onion,Lasalgaon(Vinchur),2026-08-13,2900.0,Rs./Quintal,665.2,Metric Tonnes
Onion,Lasalgaon(Vinchur),2026-08-14,2900.0,Rs./Quintal,992.2,Metric Tonnes
Onion,Lasalgaon(Vinchur),2026-08-17,3300.0,Rs./Quintal,527.0,Metric Tonnes
Onion,Lasalgaon(Vinchur),2026-08-18,3700.0,Rs./Quintal,882.0,Metric Tonnes
Onion,Lasalgaon(Vinchur),2026-08-19,3600.0,Rs./Quintal,977.8,Metric Tonnes
Onion,Lasalgaon(Vinchur),2026-08-20,3450.0,Rs./Quintal,897.0,Metric Tonnes
Onion,Lasalgaon(Vinchur),2026-08-21,3600.0,Rs./Quintal,795.6,Metric Tonnes
Onion,Lasalgaon(Vinchur),2026-08-22,3700.0,Rs./Quintal,385.7,Metric Tonnes
Onion,Lasalgaon(Vinchur),2026-08-24,4300.0,Rs./Quintal,780.0,Metric Tonnes
Onion,Lasalgaon(Vinchur),2026-08-25,4000.0,Rs./Quintal,865.8,Metric Tonnes
Onion,Lasalgaon(Vinchur),2026-08-26,3950.0,Rs./Quintal,380.2,Metric Tonnes
Onion,Lasalgaon(Vinchur),2026-08-27,3800.0,Rs./Quintal,805.3,Metric Tonnes
Onion,Lasalgaon(Vinchur),2026-08-29,3650.0,Rs./Quintal,353.3,Metric Tonnes
Onion,Lasalgaon(Vinchur),2026-08-31,4025.0,Rs./Quintal,500.6,Metric Tonnes
Onion,Lasalgaon(Vinchur),2026-09-01,4300.0,Rs./Quintal,501.3,Metric Tonnes
Onion,Lasalgaon(Vinchur),2026-09-02,4300.0,Rs./Quintal,514.8,Metric Tonnes
Onion,Lasalgaon(Vinchur),2026-09-03,4500.0,Rs./Quintal,556.8,Metric Tonnes
Onion,Lasalgaon(Vinchur),2026-09-04,4600.0,Rs./Quintal,687.2,Metric Tonnes
Onion,Lasalgaon(Vinchur),2026-09-05,4500.0,Rs./Quintal,450.9,Metric Tonnes
Onion,Lasalgaon(Vinchur),2026-09-07,4450.0,Rs./Quintal,686.8,Metric Tonnes
Onion,Lasalgaon(Vinchur),2026-09-08,4500.0,Rs./Quintal,480.0,Metric Tonnes
Onion,Lasalgaon(Vinchur),2026-09-09,4400.0,Rs./Quintal,666.9,Metric Tonnes
Onion,Lasalgaon(Vinchur),2026-09-11,4350.0,Rs./Quintal,481.2,Metric Tonnes
Onion,Lasalgaon(Vinchur),2026-09-12,4300.0,Rs./Quintal,300.3,Metric Tonnes
Onion,Lasalgaon(Vinchur),2026-09-15,4300.0,Rs./Quintal,397.8,Metric Tonnes
Onion,Lasalgaon(Vinchur),2026-09-16,4500.0,Rs./Quintal,543.6,Metric Tonnes
Onion,Lasalgaon(Vinchur),2026-09-17,4450.0,Rs./Quintal,602.4,Metric Tonnes
Onion,Lasalgaon(Vinchur),2026-09-18,4200.0,Rs./Quintal,610.0,Metric Tonnes
Onion,Lasalgaon(Vinchur),2026-09-19,4100.0,Rs./Quintal,411.0,Metric Tonnes
Onion,Lasalgaon(Vinchur),2026-09-21,4000.0,Rs./Quintal,404.0,Metric Tonnes
Onion,Lasalgaon(Vinchur),2026-09-22,3975.0,Rs./Quintal,400.9,Metric Tonnes
Onion,Lasalgaon(Vinchur),2026-09-23,3900.0,Rs./Quintal,317.0,Metric Tonnes
Onion,Lasalgaon(Vinchur),2026-09-24,4000.0,Rs./Quintal,225.7,Metric Tonnes
Onion,Lasalgaon(Vinchur),2026-09-26,4050.0,Rs./Quintal,251.9,Metric Tonnes
Onion,Lasalgaon(Vinchur),2026-09-28,4200.0,Rs./Quintal,499.5,Metric Tonnes
Onion,Lasalgaon(Vinchur),2026-09-29,4100.0,Rs./Quintal,447.1,Metric Tonnes
Onion,Lasalgaon(Vinchur),2026-09-30,4000.0,Rs./Quintal,433.1,Metric Tonnes
Onion,Lasalgaon(Vinchur),2026-10-01,4000.0,Rs./Quintal,499.0,Metric Tonnes
Onion,Lasalgaon(Vinchur),2026-10-03,3950.0,Rs./Quintal,491.9,Metric Tonnes
Onion,Lasalgaon(Vinchur),2026-10-05,3900.0,Rs./Quintal,463.1,Metric Tonnes
Onion,Lasalgaon(Vinchur),2026-10-06,3600.0,Rs./Quintal,451.5,Metric Tonnes
Tomato,APMC Pimpalgaon Baswant,2024-01-01,1605.0,Rs./Quintal,64.0,Metric Tonnes
Tomato,APMC Pimpalgaon Baswant,2024-01-02,1925.0,Rs./Quintal,39.0,Metric Tonnes
Tomato,APMC Pimpalgaon Baswant,2024-01-03,1950.0,Rs./Quintal,53.0,Metric Tonnes
Tomato,APMC Pimpalgaon Baswant,2024-01-04,1905.0,Rs./Quintal,26.0,Metric Tonnes
Tomato,APMC Pimpalgaon Baswant,2024-01-05,1500.0,Rs./Quintal,46.0,Metric Tonnes
Tomato,APMC Pimpalgaon Baswant,2024-01-06,1400.0,Rs./Quintal,15.0,Metric Tonnes
Tomato,APMC Pimpalgaon Baswant,2024-01-07,1200.0,Rs./Quintal,2.0,Metric Tonnes
Tomato,APMC Pimpalgaon Baswant,2024-01-08,1250.0,Rs./Quintal,78.0,Metric Tonnes
Tomato,APMC Pimpalgaon Baswant,2024-01-09,1250.0,Rs./Quintal,45.0,Metric Tonnes
Tomato,APMC Pimpalgaon Baswant,2024-01-10,1200.0,Rs./Quintal,60.0,Metric Tonnes
Tomato,APMC Pimpalgaon Baswant,2024-01-11,1355.0,Rs./Quintal,43.0,Metric Tonnes
Tomato,APMC Pimpalgaon Baswant,2024-01-12,1250.0,Rs./Quintal,35.0,Metric Tonnes
Tomato,APMC Pimpalgaon Baswant,2024-01-13,1205.0,Rs./Quintal,10.0,Metric Tonnes
Tomato,APMC Pimpalgaon Baswant,2024-01-16,1400.0,Rs./Quintal,22.0,Metric Tonnes
Tomato,APMC Pimpalgaon Baswant,2024-01-17,1500.0,Rs./Quintal,12.0,Metric Tonnes
Tomato,APMC Pimpalgaon Baswant,2024-01-18,1455.0,Rs./Quintal,17.0,Metric Tonnes
Tomato,APMC Pimpalgaon Baswant,2024-01-19,1305.0,Rs./Quintal,32.0,Metric Tonnes
Tomato,APMC Pimpalgaon Baswant,2024-01-22,1400.0,Rs./Quintal,1.0,Metric Tonnes
Tomato,APMC Pimpalgaon Baswant,2024-01-23,1905.0,Rs./Quintal,36.0,Metric Tonnes
Tomato,APMC Pimpalgaon Baswant,2024-01-24,2005.0,Rs./Quintal,23.0,Metric Tonnes
Tomato,APMC Pimpalgaon Baswant,2024-01-27,2255.0,Rs./Quintal,6.0,Metric Tonnes
Tomato,APMC Pimpalgaon Baswant,2024-01-29,1705.0,Rs./Quintal,27.0,Metric Tonnes
Tomato,APMC Pimpalgaon Baswant,2024-01-30,1705.0,Rs./Quintal,12.0,Metric Tonnes
Tomato,APMC Pimpalgaon Baswant,2024-01-31,1755.0,Rs./Quintal,13.0,Metric Tonnes
Tomato,APMC Pimpalgaon Baswant,2024-02-01,2505.0,Rs./Quintal,15.0,Metric Tonnes
Tomato,APMC Pimpalgaon Baswant,2024-02-02,1805.0,Rs./Quintal,16.0,Metric Tonnes
Tomato,APMC Pimpalgaon Baswant,2024-02-03,2505.0,Rs./Quintal,9.0,Metric Tonnes
Tomato,APMC Pimpalgaon Baswant,2024-02-05,1675.0,Rs./Quintal,11.0,Metric Tonnes
Tomato,APMC Pimpalgaon Baswant,2024-02-06,2000.0,Rs./Quintal,26.0,Metric Tonnes
Tomato,APMC Pimpalgaon Baswant,2024-02-07,2005.0,Rs./Quintal,14.0,Metric Tonnes
Tomato,APMC Pimpalgaon Baswant,2024-02-08,2005.0,Rs./Quintal,1.0,Metric Tonnes
Tomato,APMC Pimpalgaon Baswant,2024-02-09,1105.0,Rs./Quintal,9.0,Metric Tonnes
Tomato,APMC Pimpalgaon Baswant,2024-02-10,1155.0,Rs./Quintal,11.0,Metric Tonnes
Tomato,APMC Pimpalgaon Baswant,2024-02-12,1655.0,Rs./Quintal,11.0,Metric Tonnes
Tomato,APMC Pimpalgaon Baswant,2024-02-13,1375.0,Rs./Quintal,14.0,Metric Tonnes
Tomato,APMC Pimpalgaon Baswant,2024-02-14,1255.0,Rs./Quintal,17.0,Metric Tonnes
Tomato,APMC Pimpalgaon Baswant,2024-02-15,1105.0,Rs./Quintal,12.0,Metric Tonnes
Tomato,APMC Pimpalgaon Baswant,2024-02-16,1055.0,Rs./Quintal,13.0,Metric Tonnes
Tomato,APMC Pimpalgaon Baswant,2024-02-20,1350.0,Rs./Quintal,20.0,Metric Tonnes
Tomato,APMC Pimpalgaon Baswant,2024-02-21,855.0,Rs./Quintal,11.0,Metric Tonnes
Tomato,APMC Pimpalgaon Baswant,2024-02-22,1025.0,Rs./Quintal,12.0,Metric Tonnes
Tomato,APMC Pimpalgaon Baswant,2024-02-23,1125.0,Rs./Quintal,6.0,Metric Tonnes
Tomato,APMC Pimpalgaon Baswant,2024-02-24,1055.0,Rs./Quintal,7.0,Metric Tonnes
Tomato,APMC Pimpalgaon Baswant,2024-02-25,1255.0,Rs./Quintal,4.0,Metric Tonnes
Tomato,APMC Pimpalgaon Baswant,2024-02-26,1255.0,Rs./Quintal,6.0,Metric Tonnes
Tomato,APMC Pimpalgaon Baswant,2024-02-27,1005.0,Rs./Quintal,9.0,Metric Tonnes
Tomato,APMC Pimpalgaon Baswant,2024-02-28,755.0,Rs./Quintal,13.1,Metric Tonnes
Tomato,APMC Pimpalgaon Baswant,2024-02-29,855.0,Rs./Quintal,12.3,Metric Tonnes
Tomato,APMC Pimpalgaon Baswant,2024-03-01,855.0,Rs./Quintal,9.8,Metric Tonnes
Tomato,APMC Pimpalgaon Baswant,2024-03-02,875.0,Rs./Quintal,2.5,Metric Tonnes
Tomato,APMC Pimpalgaon Baswant,2024-03-04,1325.0,Rs./Quintal,8.4,Metric Tonnes
Tomato,APMC Pimpalgaon Baswant,2024-03-05,1325.0,Rs./Quintal,6.0,Metric Tonnes
Tomato,APMC Pimpalgaon Baswant,2024-03-06,1355.0,Rs./Quintal,10.4,Metric Tonnes
Tomato,APMC Pimpalgaon Baswant,2024-03-09,1305.0,Rs./Quintal,5.3,Metric Tonnes
Tomato,APMC Pimpalgaon Baswant,2024-03-11,905.0,Rs./Quintal,8.8,Metric Tonnes
Tomato,APMC Pimpalgaon Baswant,2024-03-12,1105.0,Rs./Quintal,6.6,Metric Tonnes
Tomato,APMC Pimpalgaon Baswant,2024-03-13,1355.0,Rs./Quintal,7.5,Metric Tonnes
Tomato,APMC Pimpalgaon Baswant,2024-03-14,1305.0,Rs./Quintal,9.7,Metric Tonnes
Tomato,APMC Pimpalgaon Baswant,2024-03-15,1000.0,Rs./Quintal,7.7,Metric Tonnes
Tomato,APMC Pimpalgaon Baswant,2024-03-16,1200.0,Rs./Quintal,7.5,Metric Tonnes
Tomato,APMC Pimpalgaon Baswant,2024-03-18,1005.0,Rs./Quintal,27.1,Metric Tonnes
Tomato,APMC Pimpalgaon Baswant,2024-03-19,800.0,Rs./Quintal,13.7,Metric Tonnes
Tomato,APMC Pimpalgaon Baswant,2024-03-20,800.0,Rs./Quintal,14.8,Metric Tonnes
Tomato,APMC Pimpalgaon Baswant,2024-03-21,700.0,Rs./Quintal,14.6,Metric Tonnes
Tomato,APMC Pimpalgaon Baswant,2024-03-22,755.0,Rs./Quintal,14.5,Metric Tonnes
Tomato,APMC Pimpalgaon Baswant,2024-03-23,825.0,Rs./Quintal,9.5,Metric Tonnes
Tomato,APMC Pimpalgaon Baswant,2024-03-25,875.0,Rs./Quintal,63.6,Metric Tonnes
Tomato,APMC Pimpalgaon Baswant,2024-03-26,855.0,Rs./Quintal,13.2,Metric Tonnes
Tomato,APMC Pimpalgaon Baswant,2024-03-27,755.0,Rs./Quintal,9.1,Metric Tonnes
Tomato,APMC Pimpalgaon Baswant,2024-03-28,955.0,Rs./Quintal,25.2,Metric Tonnes
Tomato,APMC Pimpalgaon Baswant,2024-03-29,555.0,Rs./Quintal,8.6,Metric Tonnes
Tomato,APMC Pimpalgaon Baswant,2024-04-02,755.0,Rs./Quintal,0.5,Metric Tonnes
Tomato,APMC Pimpalgaon Baswant,2024-04-03,875.0,Rs./Quintal,50.3,Metric Tonnes
Tomato,APMC Pimpalgaon Baswant,2024-04-04,1000.0,Rs./Quintal,29.8,Metric Tonnes
Tomato,APMC Pimpalgaon Baswant,2024-04-05,1100.0,Rs./Quintal,26.4,Metric Tonnes
Tomato,APMC Pimpalgaon Baswant,2024-04-06,1105.0,Rs./Quintal,55.4,Metric Tonnes
Tomato,APMC Pimpalgaon Baswant,2024-04-19,1000.0,Rs./Quintal,139.2,Metric Tonnes
Tomato,APMC Pimpalgaon Baswant,2024-04-23,1250.0,Rs./Quintal,190.7,Metric Tonnes
Tomato,APMC Pimpalgaon Baswant,2024-04-24,1125.0,Rs./Quintal,185.5,Metric Tonnes
Tomato,APMC Pimpalgaon Baswant,2024-04-25,1000.0,Rs./Quintal,168.8,Metric Tonnes
Tomato,APMC Pimpalgaon Baswant,2024-04-26,750.0,Rs./Quintal,187.5,Metric Tonnes
Tomato,APMC Pimpalgaon Baswant,2024-04-27,800.0,Rs./Quintal,141.6,Metric Tonnes
Tomato,APMC Pimpalgaon Baswant,2024-04-28,700.0,Rs./Quintal,4.0,Metric Tonnes
Tomato,APMC Pimpalgaon Baswant,2024-04-29,800.0,Rs./Quintal,270.8,Metric Tonnes
Tomato,APMC Pimpalgaon Baswant,2024-04-30,900.0,Rs./Quintal,242.2,Metric Tonnes
Tomato,APMC Pimpalgaon Baswant,2024-05-02,805.0,Rs./Quintal,151.9,Metric Tonnes
Tomato,APMC Pimpalgaon Baswant,2024-05-03,855.0,Rs./Quintal,284.3,Metric Tonnes
Tomato,APMC Pimpalgaon Baswant,2024-05-04,825.0,Rs./Quintal,116.3,Metric Tonnes
Tomato,APMC Pimpalgaon Baswant,2024-05-05,850.0,Rs./Quintal,45.1,Metric Tonnes
Tomato,APMC Pimpalgaon Baswant,2024-05-06,855.0,Rs./Quintal,207.0,Metric Tonnes
Tomato,APMC Pimpalgaon Baswant,2024-05-07,825.0,Rs./Quintal,183.5,Metric Tonnes
Tomato,APMC Pimpalgaon Baswant,2024-05-08,550.0,Rs./Quintal,134.0,Metric Tonnes
Tomato,APMC Pimpalgaon Baswant,2024-05-09,605.0,Rs./Quintal,184.0,Metric Tonnes
Tomato,APMC Pimpalgaon Baswant,2024-05-10,650.0,Rs./Quintal,72.8,Metric Tonnes
Tomato,APMC Pimpalgaon Baswant,2024-05-11,905.0,Rs./Quintal,78.4,Metric Tonnes
Tomato,APMC Pimpalgaon Baswant,2024-05-12,700.0,Rs./Quintal,8.9,Metric Tonnes
Tomato,APMC Pimpalgaon Baswant,2024-05-13,800.0,Rs./Quintal,80.8,Metric Tonnes
Tomato,APMC Pimpalgaon Baswant,2024-05-16,500.0,Rs./Quintal,174.3,Metric Tonnes
Tomato,APMC Pimpalgaon Baswant,2024-05-17,500.0,Rs./Quintal,92.9,Metric Tonnes
Tomato,APMC Pimpalgaon Baswant,2024-05-20,1200.0,Rs./Quintal,6.8,Metric Tonnes
Tomato,APMC Pimpalgaon Baswant,2024-05-21,800.0,Rs./Quintal,169.9,Metric Tonnes
Tomato,APMC Pimpalgaon Baswant,2024-05-22,950.0,Rs./Quintal,94.4,Metric Tonnes
Tomato,APMC Pimpalgaon Baswant,2024-05-23,875.0,Rs./Quintal,51.9,Metric Tonnes
Tomato,APMC Pimpalgaon Baswant,2024-05-24,1105.0,Rs./Quintal,56.9,Metric Tonnes
Tomato,APMC Pimpalgaon Baswant,2024-05-25,1155.0,Rs./Quintal,34.6,Metric Tonnes
Tomato,APMC Pimpalgaon Baswant,2024-05-26,1150.0,Rs./Quintal,5.9,Metric Tonnes
Tomato,APMC Pimpalgaon Baswant,2024-05-27,1100.0,Rs./Quintal,74.1,Metric Tonnes
Tomato,APMC Pimpalgaon Baswant,2024-05-28,1300.0,Rs./Quintal,55.0,Metric Tonnes
Tomato,APMC Pimpalgaon Baswant,2024-05-29,1200.0,Rs./Quintal,65.2,Metric Tonnes
Tomato,APMC Pimpalgaon Baswant,2024-05-30,950.0,Rs./Quintal,58.4,Metric Tonnes
Tomato,APMC Pimpalgaon Baswant,2024-05-31,1225.0,Rs./Quintal,29.0,Metric Tonnes
Tomato,APMC Pimpalgaon Baswant,2024-06-01,1275.0,Rs./Quintal,8.5,Metric Tonnes
Tomato,APMC Pimpalgaon Baswant,2024-06-02,1750.0,Rs./Quintal,4.2,Metric Tonnes
Tomato,APMC Pimpalgaon Baswant,2024-06-03,2125.0,Rs./Quintal,27.7,Metric Tonnes
Tomato,APMC Pimpalgaon Baswant,2024-06-04,2255.0,Rs./Quintal,18.4,Metric Tonnes
Tomato,APMC Pimpalgaon Baswant,2024-06-05,1325.0,Rs./Quintal,18.7,Metric Tonnes
Tomato,APMC Pimpalgaon Baswant,2024-06-06,1750.0,Rs./Quintal,27.6,Metric Tonnes
Tomato,APMC Pimpalgaon Baswant,2024-06-07,1555.0,Rs./Quintal,7.1,Metric Tonnes
Tomato,APMC Pimpalgaon Baswant,2024-06-08,1505.0,Rs./Quintal,3.8,Metric Tonnes
Tomato,APMC Pimpalgaon Baswant,2024-06-09,2700.0,Rs./Quintal,3.0,Metric Tonnes
Tomato,APMC Pimpalgaon Baswant,2024-06-10,2255.0,Rs./Quintal,17.1,Metric Tonnes
Tomato,APMC Pimpalgaon Baswant,2024-06-11,1500.0,Rs./Quintal,7.6,Metric Tonnes
Tomato,APMC Pimpalgaon Baswant,2024-06-29,3255.0,Rs./Quintal,2.4,Metric Tonnes
Tomato,APMC Pimpalgaon Baswant,2024-07-01,3555.0,Rs./Quintal,5.6,Metric Tonnes
Tomato,APMC Pimpalgaon Baswant,2024-07-02,2025.0,Rs./Quintal,4.4,Metric Tonnes
Tomato,APMC Pimpalgaon Baswant,2024-07-03,3155.0,Rs./Quintal,2.3,Metric Tonnes
Tomato,APMC Pimpalgaon Baswant,2024-07-04,3275.0,Rs./Quintal,3.4,Metric Tonnes
Tomato,APMC Pimpalgaon Baswant,2024-07-05,4255.0,Rs./Quintal,2.6,Metric Tonnes
Tomato,APMC Pimpalgaon Baswant,2024-07-08,3000.0,Rs./Quintal,1.0,Metric Tonnes
Tomato,APMC Pimpalgaon Baswant,2024-07-10,4255.0,Rs./Quintal,3.4,Metric Tonnes
Tomato,APMC Pimpalgaon Baswant,2024-07-11,3005.0,Rs./Quintal,1.3,Metric Tonnes
Tomato,APMC Pimpalgaon Baswant,2024-07-31,2905.0,Rs./Quintal,186.8,Metric Tonnes
Tomato,APMC Pimpalgaon Baswant,2024-08-01,2750.0,Rs./Quintal,197.4,Metric Tonnes
Tomato,APMC Pimpalgaon Baswant,2024-08-02,2305.0,Rs./Quintal,170.4,Metric Tonnes
Tomato,APMC Pimpalgaon Baswant,2024-08-03,2405.0,Rs./Quintal,160.2,Metric Tonnes
Tomato,APMC Pimpalgaon Baswant,2024-08-04,2605.0,Rs./Quintal,80.7,Metric Tonnes
Tomato,APMC Pimpalgaon Baswant,2024-08-05,2305.0,Rs./Quintal,181.6,Metric Tonnes
Tomato,APMC Pimpalgaon Baswant,2024-08-06,2755.0,Rs./Quintal,370.3,Metric Tonnes
Tomato,APMC Pimpalgaon Baswant,2024-08-07,2755.0,Rs./Quintal,486.2,Metric Tonnes
Tomato,APMC Pimpalgaon Baswant,2024-08-08,2255.0,Rs./Quintal,605.2,Metric Tonnes
Tomato,APMC Pimpalgaon Baswant,2024-08-09,1750.0,Rs./Quintal,516.9,Metric Tonnes
Tomato,APMC Pimpalgaon Baswant,2024-08-10,1705.0,Rs./Quintal,600.3,Metric Tonnes
Tomato,APMC Pimpalgaon Baswant,2024-08-11,2155.0,Rs./Quintal,542.5,Metric Tonnes
Tomato,APMC Pimpalgaon Baswant,2024-08-22,1750.0,Rs./Quintal,1799.2,Metric Tonnes
Tomato,APMC Pimpalgaon Baswant,2024-08-23,2005.0,Rs./Quintal,1507.2,Metric Tonnes
Tomato,APMC Pimpalgaon Baswant,2024-08-24,1805.0,Rs./Quintal,1502.3,Metric Tonnes
Tomato,APMC Pimpalgaon Baswant,2024-08-25,1655.0,Rs./Quintal,864.6,Metric Tonnes
Tomato,APMC Pimpalgaon Baswant,2024-08-26,1555.0,Rs./Quintal,2081.3,Metric Tonnes
Tomato,APMC Pimpalgaon Baswant,2024-08-27,1505.0,Rs./Quintal,2489.8,Metric Tonnes
Tomato,APMC Pimpalgaon Baswant,2024-08-28,1405.0,Rs./Quintal,2526.7,Metric Tonnes
Tomato,APMC Pimpalgaon Baswant,2024-08-29,1055.0,Rs./Quintal,3015.2,Metric Tonnes
Tomato,APMC Pimpalgaon Baswant,2024-08-30,1005.0,Rs./Quintal,3214.4,Metric Tonnes
Tomato,APMC Pimpalgaon Baswant,2024-09-02,1805.0,Rs./Quintal,1843.5,Metric Tonnes
Tomato,APMC Pimpalgaon Baswant,2024-09-03,1900.0,Rs./Quintal,4584.4,Metric Tonnes
Tomato,APMC Pimpalgaon Baswant,2024-09-04,1855.0,Rs./Quintal,3973.6,Metric Tonnes
Tomato,APMC Pimpalgaon Baswant,2024-09-05,1755.0,Rs./Quintal,3552.3,Metric Tonnes
Tomato,APMC Pimpalgaon Baswant,2024-09-06,1505.0,Rs./Quintal,3946.5,Metric Tonnes
Tomato,APMC Pimpalgaon Baswant,2024-09-07,1400.0,Rs./Quintal,2666.8,Metric Tonnes
Tomato,APMC Pimpalgaon Baswant,2024-09-08,1555.0,Rs./Quintal,1946.6,Metric Tonnes
Tomato,APMC Pimpalgaon Baswant,2024-09-09,1655.0,Rs./Quintal,5714.6,Metric Tonnes
Tomato,APMC Pimpalgaon Baswant,2024-09-10,1705.0,Rs./Quintal,5069.5,Metric Tonnes
Tomato,APMC Pimpalgaon Baswant,2024-09-11,1805.0,Rs./Quintal,4634.4,Metric Tonnes
Tomato,APMC Pimpalgaon Baswant,2024-09-12,1905.0,Rs./Quintal,4088.3,Metric Tonnes
Tomato,APMC Pimpalgaon Baswant,2024-09-13,1955.0,Rs./Quintal,4185.2,Metric Tonnes
Tomato,APMC Pimpalgaon Baswant,2024-09-14,2205.0,Rs./Quintal,2867.7,Metric Tonnes
Tomato,APMC Pimpalgaon Baswant,2024-09-15,2555.0,Rs./Quintal,1219.4,Metric Tonnes
Tomato,APMC Pimpalgaon Baswant,2024-09-17,4155.0,Rs./Quintal,3659.7,Metric Tonnes
Tomato,APMC Pimpalgaon Baswant,2024-09-18,3255.0,Rs./Quintal,5846.8,Metric Tonnes
Tomato,APMC Pimpalgaon Baswant,2024-09-19,3255.0,Rs./Quintal,5061.1,Metric Tonnes
Tomato,APMC Pimpalgaon Baswant,2024-09-20,3055.0,Rs./Quintal,4654.3,Metric Tonnes
Tomato,APMC Pimpalgaon Baswant,2024-09-21,3505.0,Rs./Quintal,3067.2,Metric Tonnes
Tomato,APMC Pimpalgaon Baswant,2024-09-22,4005.0,Rs./Quintal,1139.6,Metric Tonnes
Tomato,APMC Pimpalgaon Baswant,2024-09-23,3805.0,Rs./Quintal,5580.9,Metric Tonnes
Tomato,APMC Pimpalgaon Baswant,2024-09-24,3755.0,Rs./Quintal,5086.2,Metric Tonnes
Tomato,APMC Pimpalgaon Baswant,2024-09-25,3905.0,Rs./Quintal,4182.8,Metric Tonnes
Tomato,APMC Pimpalgaon Baswant,2024-09-26,3755.0,Rs./Quintal,2816.8,Metric Tonnes
Tomato,APMC Pimpalgaon Baswant,2024-09-27,3805.0,Rs./Quintal,3644.0,Metric Tonnes
Tomato,APMC Pimpalgaon Baswant,2024-09-28,3755.0,Rs./Quintal,2101.8,Metric Tonnes
Tomato,APMC Pimpalgaon Baswant,2024-09-29,4405.0,Rs./Quintal,970.3,Metric Tonnes
Tomato,APMC Pimpalgaon Baswant,2024-09-30,4505.0,Rs./Quintal,5470.6,Metric Tonnes
Tomato,APMC Pimpalgaon Baswant,2024-10-02,5405.0,Rs./Quintal,2526.4,Metric Tonnes
Tomato,APMC Pimpalgaon Baswant,2024-10-03,5505.0,Rs./Quintal,4927.6,Metric Tonnes
Tomato,APMC Pimpalgaon Baswant,2024-10-04,5255.0,Rs./Quintal,5309.0,Metric Tonnes
Tomato,APMC Pimpalgaon Baswant,2024-10-05,6505.0,Rs./Quintal,2666.7,Metric Tonnes
Tomato,APMC Pimpalgaon Baswant,2024-10-06,5405.0,Rs./Quintal,885.5,Metric Tonnes
Tomato,APMC Pimpalgaon Baswant,2024-10-09,4755.0,Rs./Quintal,3418.0,Metric Tonnes
Tomato,APMC Pimpalgaon Baswant,2024-10-10,5255.0,Rs./Quintal,3793.9,Metric Tonnes
Tomato,APMC Pimpalgaon Baswant,2024-10-11,4255.0,Rs./Quintal,3880.0,Metric Tonnes
Tomato,APMC Pimpalgaon Baswant,2024-10-12,4005.0,Rs./Quintal,664.3,Metric Tonnes
Tomato,APMC Pimpalgaon Baswant,2024-10-13,3755.0,Rs./Quintal,843.4,Metric Tonnes
Tomato,APMC Pimpalgaon Baswant,2024-10-14,3855.0,Rs./Quintal,5923.3,Metric Tonnes
Tomato,APMC Pimpalgaon Baswant,2024-10-15,4005.0,Rs./Quintal,5669.1,Metric Tonnes
Tomato,APMC Pimpalgaon Baswant,2024-10-16,4255.0,Rs./Quintal,4155.9,Metric Tonnes
Tomato,APMC Pimpalgaon Baswant,2024-10-17,4155.0,Rs./Quintal,3604.7,Metric Tonnes
Tomato,APMC Pimpalgaon Baswant,2024-10-18,3755.0,Rs./Quintal,3261.4,Metric Tonnes
Tomato,APMC Pimpalgaon Baswant,2024-10-19,3305.0,Rs./Quintal,2262.0,Metric Tonnes
Tomato,APMC Pimpalgaon Baswant,2024-10-20,3155.0,Rs./Quintal,1037.7,Metric Tonnes
Tomato,APMC Pimpalgaon Baswant,2024-10-21,3355.0,Rs./Quintal,5982.1,Metric Tonnes
Tomato,APMC Pimpalgaon Baswant,2024-10-22,3505.0,Rs./Quintal,4554.3,Metric Tonnes
Tomato,APMC Pimpalgaon Baswant,2024-10-23,3755.0,Rs./Quintal,3378.6,Metric Tonnes
Tomato,APMC Pimpalgaon Baswant,2024-10-24,3005.0,Rs./Quintal,3560.1,Metric Tonnes
Tomato,APMC Pimpalgaon Baswant,2024-10-25,1755.0,Rs./Quintal,3798.0,Metric Tonnes
Tomato,APMC Pimpalgaon Baswant,2024-10-26,2005.0,Rs./Quintal,2027.2,Metric Tonnes
Tomato,APMC Pimpalgaon Baswant,2024-10-27,2505.0,Rs./Quintal,804.1,Metric Tonnes
Tomato,APMC Pimpalgaon Baswant,2024-10-30,1805.0,Rs./Quintal,2905.6,Metric Tonnes
Tomato,APMC Pimpalgaon Baswant,2024-11-01,2005.0,Rs./Quintal,195.6,Metric Tonnes
Tomato,APMC Pimpalgaon Baswant,2024-11-02,2155.0,Rs./Quintal,542.9,Metric Tonnes
Tomato,APMC Pimpalgaon Baswant,2024-11-03,2305.0,Rs./Quintal,452.0,Metric Tonnes
Tomato,APMC Pimpalgaon Baswant,2024-11-04,2455.0,Rs./Quintal,2889.6,Metric Tonnes
Tomato,APMC Pimpalgaon Baswant,2024-11-05,2255.0,Rs./Quintal,3960.4,Metric Tonnes
Tomato,APMC Pimpalgaon Baswant,2024-11-06,2625.0,Rs./Quintal,3569.9,Metric Tonnes
Tomato,APMC Pimpalgaon Baswant,2024-11-07,2555.0,Rs./Quintal,3571.4,Metric Tonnes
Tomato,APMC Pimpalgaon Baswant,2024-11-08,2505.0,Rs./Quintal,3108.5,Metric Tonnes
Tomato,APMC Pimpalgaon Baswant,2024-11-09,2555.0,Rs./Quintal,1267.1,Metric Tonnes
Tomato,APMC Pimpalgaon Baswant,2024-11-10,2505.0,Rs./Quintal,577.3,Metric Tonnes
Tomato,APMC Pimpalgaon Baswant,2024-11-11,2455.0,Rs./Quintal,4254.2,Metric Tonnes
Tomato,APMC Pimpalgaon Baswant,2024-11-12,2255.0,Rs./Quintal,3004.7,Metric Tonnes
Tomato,APMC Pimpalgaon Baswant,2024-11-13,2455.0,Rs./Quintal,2819.0,Metric Tonnes
Tomato,APMC Pimpalgaon Baswant,2024-11-14,2305.0,Rs./Quintal,1956.0,Metric Tonnes
Tomato,APMC Pimpalgaon Baswant,2024-11-15,2305.0,Rs./Quintal,1192.2,Metric Tonnes
Tomato,APMC Pimpalgaon Baswant,2024-11-16,2255.0,Rs./Quintal,1129.7,Metric Tonnes
Tomato,APMC Pimpalgaon Baswant,2024-11-17,2505.0,Rs./Quintal,409.6,Metric Tonnes
Tomato,APMC Pimpalgaon Baswant,2024-11-18,2705.0,Rs./Quintal,2700.7,Metric Tonnes
Tomato,APMC Pimpalgaon Baswant,2024-11-21,2555.0,Rs./Quintal,2339.5,Metric Tonnes
Tomato,APMC Pimpalgaon Baswant,2024-11-22,2255.0,Rs./Quintal,2283.7,Metric Tonnes
Tomato,APMC Pimpalgaon Baswant,2024-11-23,2625.0,Rs./Quintal,655.8,Metric Tonnes
Tomato,APMC Pimpalgaon Baswant,2024-11-24,2705.0,Rs./Quintal,556.0,Metric Tonnes
Tomato,APMC Pimpalgaon Baswant,2024-11-25,2305.0,Rs./Quintal,2702.9,Metric Tonnes
Tomato,APMC Pimpalgaon Baswant,2024-11-26,2425.0,Rs./Quintal,2237.6,Metric Tonnes
Tomato,APMC Pimpalgaon Baswant,2024-11-27,2305.0,Rs./Quintal,1486.6,Metric Tonnes
Tomato,APMC Pimpalgaon Baswant,2024-11-30,2500.0,Rs./Quintal,571.1,Metric Tonnes
Tomato,APMC Pimpalgaon Baswant,2024-12-01,2755.0,Rs./Quintal,309.4,Metric Tonnes
Tomato,APMC Pimpalgaon Baswant,2024-12-02,2855.0,Rs./Quintal,1941.4,Metric Tonnes
Tomato,APMC Pimpalgaon Baswant,2024-12-03,2905.0,Rs./Quintal,1117.6,Metric Tonnes
Tomato,APMC Pimpalgaon Baswant,2024-12-04,2655.0,Rs./Quintal,849.5,Metric Tonnes
Tomato,APMC Pimpalgaon Baswant,2024-12-05,2155.0,Rs./Quintal,782.3,Metric Tonnes
Tomato,APMC Pimpalgaon Baswant,2024-12-06,2105.0,Rs./Quintal,930.1,Metric Tonnes
Tomato,APMC Pimpalgaon Baswant,2024-12-07,1805.0,Rs./Quintal,327.5,Metric Tonnes
Tomato,APMC Pimpalgaon Baswant,2024-12-08,1705.0,Rs./Quintal,196.6,Metric Tonnes
Tomato,APMC Pimpalgaon Baswant,2024-12-09,1375.0,Rs./Quintal,1181.9,Metric Tonnes
Tomato,APMC Pimpalgaon Baswant,2024-12-10,1205.0,Rs./Quintal,904.1,Metric Tonnes
Tomato,APMC Pimpalgaon Baswant,2024-12-12,1125.0,Rs./Quintal,542.7,Metric Tonnes
Tomato,APMC Pimpalgaon Baswant,2024-12-13,1105.0,Rs./Quintal,637.8,Metric Tonnes
Tomato,APMC Pimpalgaon Baswant,2024-12-14,1205.0,Rs./Quintal,130.9,Metric Tonnes
Tomato,APMC Pimpalgaon Baswant,2024-12-15,1450.0,Rs./Quintal,56.3,Metric Tonnes
Tomato,APMC Pimpalgaon Baswant,2024-12-16,1255.0,Rs./Quintal,679.1,Metric Tonnes
Tomato,APMC Pimpalgaon Baswant,2024-12-17,1755.0,Rs./Quintal,376.3,Metric Tonnes
Tomato,APMC Pimpalgaon Baswant,2024-12-18,1605.0,Rs./Quintal,268.5,Metric Tonnes
Tomato,APMC Pimpalgaon Baswant,2024-12-19,1655.0,Rs./Quintal,274.6,Metric Tonnes
Tomato,APMC Pimpalgaon Baswant,2024-12-20,1455.0,Rs./Quintal,274.1,Metric Tonnes
Tomato,APMC Pimpalgaon Baswant,2024-12-21,1605.0,Rs./Quintal,105.1,Metric Tonnes
Tomato,APMC Pimpalgaon Baswant,2024-12-22,1725.0,Rs./Quintal,29.5,Metric Tonnes
Tomato,APMC Pimpalgaon Baswant,2024-12-23,1500.0,Rs./Quintal,320.0,Metric Tonnes
Tomato,APMC Pimpalgaon Baswant,2024-12-24,1400.0,Rs./Quintal,242.4,Metric Tonnes
Tomato,APMC Pimpalgaon Baswant,2024-12-26,775.0,Rs./Quintal,164.7,Metric Tonnes
Tomato,APMC Pimpalgaon Baswant,2024-12-27,700.0,Rs./Quintal,149.0,Metric Tonnes
Tomato,APMC Pimpalgaon Baswant,2024-12-28,605.0,Rs./Quintal,35.1,Metric Tonnes
Tomato,APMC Pimpalgaon Baswant,2024-12-29,600.0,Rs./Quintal,14.1,Metric Tonnes
Tomato,APMC Pimpalgaon Baswant,2024-12-30,755.0,Rs./Quintal,136.5,Metric Tonnes
Tomato,APMC Pimpalgaon Baswant,2025-01-01,1125.0,Rs./Quintal,113.5,Metric Tonnes
Tomato,APMC Pimpalgaon Baswant,2025-01-02,1000.0,Rs./Quintal,60.6,Metric Tonnes
Tomato,APMC Pimpalgaon Baswant,2025-01-03,955.0,Rs./Quintal,72.0,Metric Tonnes
Tomato,APMC Pimpalgaon Baswant,2025-01-04,850.0,Rs./Quintal,28.4,Metric Tonnes
Tomato,APMC Pimpalgaon Baswant,2025-01-05,900.0,Rs./Quintal,3.5,Metric Tonnes
Tomato,APMC Pimpalgaon Baswant,2025-01-06,800.0,Rs./Quintal,42.6,Metric Tonnes
Tomato,APMC Pimpalgaon Baswant,2025-01-07,825.0,Rs./Quintal,44.4,Metric Tonnes
Tomato,APMC Pimpalgaon Baswant,2025-01-08,1250.0,Rs./Quintal,28.4,Metric Tonnes
Tomato,APMC Pimpalgaon Baswant,2025-01-09,1050.0,Rs./Quintal,19.9,Metric Tonnes
Tomato,APMC Pimpalgaon Baswant,2025-01-10,900.0,Rs./Quintal,25.5,Metric Tonnes
Tomato,APMC Pimpalgaon Baswant,2025-01-11,750.0,Rs./Quintal,7.3,Metric Tonnes
Tomato,APMC Pimpalgaon Baswant,2025-01-12,750.0,Rs./Quintal,3.5,Metric Tonnes
Tomato,APMC Pimpalgaon Baswant,2025-01-13,825.0,Rs./Quintal,36.0,Metric Tonnes
Tomato,APMC Pimpalgaon Baswant,2025-01-15,850.0,Rs./Quintal,16.1,Metric Tonnes
Tomato,APMC Pimpalgaon Baswant,2025-01-16,655.0,Rs./Quintal,22.3,Metric Tonnes
Tomato,APMC Pimpalgaon Baswant,2025-01-17,450.0,Rs./Quintal,29.1,Metric Tonnes
Tomato,APMC Pimpalgaon Baswant,2025-01-18,550.0,Rs./Quintal,6.8,Metric Tonnes
Tomato,APMC Pimpalgaon Baswant,2025-01-19,500.0,Rs./Quintal,3.8,Metric Tonnes
Tomato,APMC Pimpalgaon Baswant,2025-01-20,575.0,Rs./Quintal,20.4,Metric Tonnes
Tomato,APMC Pimpalgaon Baswant,2025-01-21,550.0,Rs./Quintal,38.1,Metric Tonnes
Tomato,APMC Pimpalgaon Baswant,2025-01-22,655.0,Rs./Quintal,28.6,Metric Tonnes
Tomato,APMC Pimpalgaon Baswant,2025-01-23,605.0,Rs./Quintal,8.8,Metric Tonnes
Tomato,APMC Pimpalgaon Baswant,2025-01-24,500.0,Rs./Quintal,7.1,Metric Tonnes
Tomato,APMC Pimpalgaon Baswant,2025-01-25,525.0,Rs./Quintal,8.4,Metric Tonnes
Tomato,APMC Pimpalgaon Baswant,2025-01-26,550.0,Rs./Quintal,4.3,Metric Tonnes
Tomato,APMC Pimpalgaon Baswant,2025-01-27,825.0,Rs./Quintal,24.3,Metric Tonnes
Tomato,APMC Pimpalgaon Baswant,2025-01-28,755.0,Rs./Quintal,28.9,Metric Tonnes
Tomato,APMC Pimpalgaon Baswant,2025-01-29,705.0,Rs./Quintal,14.4,Metric Tonnes
Tomato,APMC Pimpalgaon Baswant,2025-01-30,675.0,Rs./Quintal,13.5,Metric Tonnes
Tomato,APMC Pimpalgaon Baswant,2025-01-31,625.0,Rs./Quintal,10.5,Metric Tonnes
Tomato,APMC Pimpalgaon Baswant,2025-02-01,600.0,Rs./Quintal,44.8,Metric Tonnes
Tomato,APMC Pimpalgaon Baswant,2025-02-02,675.0,Rs./Quintal,21.2,Metric Tonnes
Tomato,APMC Pimpalgaon Baswant,2025-02-03,550.0,Rs./Quintal,6.4,Metric Tonnes
Tomato,APMC Pimpalgaon Baswant,2025-02-04,550.0,Rs./Quintal,6.1,Metric Tonnes
Tomato,APMC Pimpalgaon Baswant,2025-02-05,575.0,Rs./Quintal,9.1,Metric Tonnes
Tomato,APMC Pimpalgaon Baswant,2025-02-06,650.0,Rs./Quintal,4.7,Metric Tonnes
Tomato,APMC Pimpalgaon Baswant,2025-02-07,550.0,Rs./Quintal,3.6,Metric Tonnes
Tomato,APMC Pimpalgaon Baswant,2025-02-12,675.0,Rs./Quintal,7.7,Metric Tonnes
Tomato,APMC Pimpalgaon Baswant,2025-02-13,655.0,Rs./Quintal,2.5,Metric Tonnes
Tomato,APMC Pimpalgaon Baswant,2025-02-14,655.0,Rs./Quintal,9.5,Metric Tonnes
Tomato,APMC Pimpalgaon Baswant,2025-02-15,605.0,Rs./Quintal,5.5,Metric Tonnes
Tomato,APMC Pimpalgaon Baswant,2025-02-16,625.0,Rs./Quintal,3.6,Metric Tonnes
Tomato,APMC Pimpalgaon Baswant,2025-02-17,655.0,Rs./Quintal,3.9,Metric Tonnes
Tomato,APMC Pimpalgaon Baswant,2025-02-18,605.0,Rs./Quintal,4.2,Metric Tonnes
Tomato,APMC Pimpalgaon Baswant,2025-02-19,655.0,Rs./Quintal,3.5,Metric Tonnes
Tomato,APMC Pimpalgaon Baswant,2025-02-20,605.0,Rs./Quintal,2.9,Metric Tonnes
Tomato,APMC Pimpalgaon Baswant,2025-02-21,705.0,Rs./Quintal,11.9,Metric Tonnes
Tomato,APMC Pimpalgaon Baswant,2025-02-22,555.0,Rs./Quintal,2.1,Metric Tonnes
Tomato,APMC Pimpalgaon Baswant,2025-02-23,605.0,Rs./Quintal,2.7,Metric Tonnes
Tomato,APMC Pimpalgaon Baswant,2025-02-24,555.0,Rs./Quintal,8.6,Metric Tonnes
Tomato,APMC Pimpalgaon Baswant,2025-02-26,655.0,Rs./Quintal,6.1,Metric Tonnes
Tomato,APMC Pimpalgaon Baswant,2025-02-27,605.0,Rs./Quintal,12.5,Metric Tonnes
Tomato,APMC Pimpalgaon Baswant,2025-02-28,605.0,Rs./Quintal,11.3,Metric Tonnes
Tomato,APMC Pimpalgaon Baswant,2025-03-01,605.0,Rs./Quintal,5.7,Metric Tonnes
Tomato,APMC Pimpalgaon Baswant,2025-03-02,555.0,Rs./Quintal,1.5,Metric Tonnes
Tomato,APMC Pimpalgaon Baswant,2025-03-03,655.0,Rs./Quintal,9.8,Metric Tonnes
Tomato,APMC Pimpalgaon Baswant,2025-03-04,555.0,Rs./Quintal,21.0,Metric Tonnes
Tomato,APMC Pimpalgaon Baswant,2025-03-05,655.0,Rs./Quintal,14.8,Metric Tonnes
Tomato,APMC Pimpalgaon Baswant,2025-03-06,605.0,Rs./Quintal,15.2,Metric Tonnes
Tomato,APMC Pimpalgaon Baswant,2025-03-07,555.0,Rs./Quintal,6.2,Metric Tonnes
Tomato,APMC Pimpalgaon Baswant,2025-03-08,605.0,Rs./Quintal,4.3,Metric Tonnes
Tomato,APMC Pimpalgaon Baswant,2025-03-09,555.0,Rs./Quintal,3.4,Metric Tonnes
Tomato,APMC Pimpalgaon Baswant,2025-03-10,500.0,Rs./Quintal,7.4,Metric Tonnes
Tomato,APMC Pimpalgaon Baswant,2025-03-11,555.0,Rs./Quintal,3.2,Metric Tonnes
Tomato,APMC Pimpalgaon Baswant,2025-03-12,555.0,Rs./Quintal,7.5,Metric Tonnes
Tomato,APMC Pimpalgaon Baswant,2025-03-13,555.0,Rs./Quintal,11.5,Metric Tonnes
Tomato,APMC Pimpalgaon Baswant,2025-03-14,755.0,Rs./Quintal,2.3,Metric Tonnes
Tomato,APMC Pimpalgaon Baswant,2025-03-15,605.0,Rs./Quintal,4.8,Metric Tonnes
Tomato,APMC Pimpalgaon Baswant,2025-03-16,525.0,Rs./Quintal,3.6,Metric Tonnes
Tomato,APMC Pimpalgaon Baswant,2025-03-17,655.0,Rs./Quintal,14.0,Metric Tonnes
Tomato,APMC Pimpalgaon Baswant,2025-03-18,605.0,Rs./Quintal,8.2,Metric Tonnes
Tomato,APMC Pimpalgaon Baswant,2025-03-19,555.0,Rs./Quintal,5.6,Metric Tonnes
Tomato,APMC Pimpalgaon Baswant,2025-03-20,555.0,Rs./Quintal,8.0,Metric Tonnes
Tomato,APMC Pimpalgaon Baswant,2025-03-21,655.0,Rs./Quintal,5.1,Metric Tonnes
Tomato,APMC Pimpalgaon Baswant,2025-03-22,705.0,Rs./Quintal,10.6,Metric Tonnes
Tomato,APMC Pimpalgaon Baswant,2025-03-23,675.0,Rs./Quintal,4.8,Metric Tonnes
Tomato,APMC Pimpalgaon Baswant,2025-03-24,655.0,Rs./Quintal,11.4,Metric Tonnes
Tomato,APMC Pimpalgaon Baswant,2025-03-25,725.0,Rs./Quintal,13.1,Metric Tonnes
Tomato,APMC Pimpalgaon Baswant,2025-03-26,655.0,Rs./Quintal,5.7,Metric Tonnes
Tomato,APMC Pimpalgaon Baswant,2025-03-27,605.0,Rs./Quintal,9.3,Metric Tonnes
Tomato,APMC Pimpalgaon Baswant,2025-03-28,555.0,Rs./Quintal,1.7,Metric Tonnes
Tomato,APMC Pimpalgaon Baswant,2025-03-29,625.0,Rs./Quintal,3.0,Metric Tonnes
Tomato,APMC Pimpalgaon Baswant,2025-03-30,600.0,Rs./Quintal,2.3,Metric Tonnes
Tomato,APMC Pimpalgaon Baswant,2025-03-31,555.0,Rs./Quintal,4.1,Metric Tonnes
Tomato,APMC Pimpalgaon Baswant,2025-04-01,655.0,Rs./Quintal,5.1,Metric Tonnes
Tomato,APMC Pimpalgaon Baswant,2025-04-02,605.0,Rs./Quintal,2.6,Metric Tonnes
Tomato,APMC Pimpalgaon Baswant,2025-04-03,605.0,Rs./Quintal,6.9,Metric Tonnes
Tomato,APMC Pimpalgaon Baswant,2025-04-04,555.0,Rs./Quintal,3.5,Metric Tonnes
Tomato,APMC Pimpalgaon Baswant,2025-04-05,555.0,Rs./Quintal,9.0,Metric Tonnes
Tomato,APMC Pimpalgaon Baswant,2025-04-07,550.0,Rs./Quintal,7.0,Metric Tonnes
Tomato,APMC Pimpalgaon Baswant,2025-04-08,705.0,Rs./Quintal,8.5,Metric Tonnes
Tomato,APMC Pimpalgaon Baswant,2025-04-10,755.0,Rs./Quintal,5.2,Metric Tonnes
Tomato,APMC Pimpalgaon Baswant,2025-04-11,725.0,Rs./Quintal,5.8,Metric Tonnes
Tomato,APMC Pimpalgaon Baswant,2025-04-12,650.0,Rs./Quintal,3.3,Metric Tonnes
Tomato,APMC Pimpalgaon Baswant,2025-04-14,625.0,Rs./Quintal,8.6,Metric Tonnes
Tomato,APMC Pimpalgaon Baswant,2025-04-15,555.0,Rs./Quintal,5.0,Metric Tonnes
Tomato,APMC Pimpalgaon Baswant,2025-04-16,625.0,Rs./Quintal,10.2,Metric Tonnes
Tomato,APMC Pimpalgaon Baswant,2025-04-17,555.0,Rs./Quintal,7.7,Metric Tonnes
Tomato,APMC Pimpalgaon Baswant,2025-04-18,550.0,Rs./Quintal,6.7,Metric Tonnes
Tomato,APMC Pimpalgaon Baswant,2025-04-19,625.0,Rs./Quintal,9.8,Metric Tonnes
Tomato,APMC Pimpalgaon Baswant,2025-04-21,755.0,Rs./Quintal,5.8,Metric Tonnes
Tomato,APMC Pimpalgaon Baswant,2025-04-22,705.0,Rs./Quintal,2.6,Metric Tonnes
Tomato,APMC Pimpalgaon Baswant,2025-04-23,755.0,Rs./Quintal,4.0,Metric Tonnes
Tomato,APMC Pimpalgaon Baswant,2025-04-24,755.0,Rs./Quintal,6.6,Metric Tonnes
Tomato,APMC Pimpalgaon Baswant,2025-04-25,605.0,Rs./Quintal,15.4,Metric Tonnes
Tomato,APMC Pimpalgaon Baswant,2025-04-26,855.0,Rs./Quintal,9.3,Metric Tonnes
Tomato,APMC Pimpalgaon Baswant,2025-04-28,600.0,Rs./Quintal,15.0,Metric Tonnes
Tomato,APMC Pimpalgaon Baswant,2025-04-29,755.0,Rs./Quintal,26.4,Metric Tonnes
Tomato,APMC Pimpalgaon Baswant,2025-05-01,950.0,Rs./Quintal,4.4,Metric Tonnes
Tomato,APMC Pimpalgaon Baswant,2025-05-02,900.0,Rs./Quintal,12.7,Metric Tonnes
Tomato,APMC Pimpalgaon Baswant,2025-05-03,805.0,Rs./Quintal,23.0,Metric Tonnes
Tomato,APMC Pimpalgaon Baswant,2025-05-04,950.0,Rs./Quintal,3.8,Metric Tonnes
Tomato,APMC Pimpalgaon Baswant,2025-05-05,905.0,Rs./Quintal,37.0,Metric Tonnes
Tomato,APMC Pimpalgaon Baswant,2025-05-06,755.0,Rs./Quintal,19.3,Metric Tonnes
Tomato,APMC Pimpalgaon Baswant,2025-05-07,805.0,Rs./Quintal,37.2,Metric Tonnes
Tomato,APMC Pimpalgaon Baswant,2025-05-08,755.0,Rs./Quintal,27.0,Metric Tonnes
Tomato,APMC Pimpalgaon Baswant,2025-05-09,855.0,Rs./Quintal,42.7,Metric Tonnes
Tomato,APMC Pimpalgaon Baswant,2025-05-10,905.0,Rs./Quintal,21.9,Metric Tonnes
Tomato,APMC Pimpalgaon Baswant,2025-05-11,500.0,Rs./Quintal,4.1,Metric Tonnes
Tomato,APMC Pimpalgaon Baswant,2025-05-12,755.0,Rs./Quintal,17.7,Metric Tonnes
Tomato,APMC Pimpalgaon Baswant,2025-05-15,1055.0,Rs./Quintal,42.5,Metric Tonnes
Tomato,APMC Pimpalgaon Baswant,2025-05-16,1005.0,Rs./Quintal,23.9,Metric Tonnes
Tomato,APMC Pimpalgaon Baswant,2025-05-17,1255.0,Rs./Quintal,24.2,Metric Tonnes
Tomato,APMC Pimpalgaon Baswant,2025-05-18,1250.0,Rs./Quintal,5.0,Metric Tonnes
Tomato,APMC Pimpalgaon Baswant,2025-05-19,1255.0,Rs./Quintal,28.5,Metric Tonnes
Tomato,APMC Pimpalgaon Baswant,2025-05-20,1305.0,Rs./Quintal,6.0,Metric Tonnes
Tomato,APMC Pimpalgaon Baswant,2025-05-21,755.0,Rs./Quintal,15.3,Metric Tonnes
Tomato,APMC Pimpalgaon Baswant,2025-05-22,1105.0,Rs./Quintal,16.4,Metric Tonnes
Tomato,APMC Pimpalgaon Baswant,2025-05-23,1255.0,Rs./Quintal,20.8,Metric Tonnes
Tomato,APMC Pimpalgaon Baswant,2025-05-24,1105.0,Rs./Quintal,3.2,Metric Tonnes
Tomato,APMC Pimpalgaon Baswant,2025-05-26,1355.0,Rs./Quintal,13.0,Metric Tonnes
Tomato,APMC Pimpalgaon Baswant,2025-05-27,1055.0,Rs./Quintal,28.1,Metric Tonnes
Tomato,APMC Pimpalgaon Baswant,2025-05-28,1055.0,Rs./Quintal,18.9,Metric Tonnes
Tomato,APMC Pimpalgaon Baswant,2025-05-29,1505.0,Rs./Quintal,14.6,Metric Tonnes
Tomato,APMC Pimpalgaon Baswant,2025-05-30,1055.0,Rs./Quintal,34.8,Metric Tonnes
Tomato,APMC Pimpalgaon Baswant,2025-05-31,1255.0,Rs./Quintal,3.6,Metric Tonnes
Tomato,APMC Pimpalgaon Baswant,2025-06-02,1055.0,Rs./Quintal,23.3,Metric Tonnes
Tomato,APMC Pimpalgaon Baswant,2025-06-03,1005.0,Rs./Quintal,5.0,Metric Tonnes
Tomato,APMC Pimpalgaon Baswant,2025-06-04,1105.0,Rs./Quintal,16.7,Metric Tonnes
Tomato,APMC Pimpalgaon Baswant,2025-06-05,1155.0,Rs./Quintal,10.0,Metric Tonnes
Tomato,APMC Pimpalgaon Baswant,2025-06-06,1055.0,Rs./Quintal,3.2,Metric Tonnes
Tomato,APMC Pimpalgaon Baswant,2025-06-07,1005.0,Rs./Quintal,5.5,Metric Tonnes
Tomato,APMC Pimpalgaon Baswant,2025-06-09,1255.0,Rs./Quintal,14.0,Metric Tonnes
Tomato,APMC Pimpalgaon Baswant,2025-06-10,1555.0,Rs./Quintal,5.9,Metric Tonnes
Tomato,APMC Pimpalgaon Baswant,2025-06-11,1805.0,Rs./Quintal,12.1,Metric Tonnes
Tomato,APMC Pimpalgaon Baswant,2025-06-12,1705.0,Rs./Quintal,3.0,Metric Tonnes
Tomato,APMC Pimpalgaon Baswant,2025-06-13,1705.0,Rs./Quintal,10.7,Metric Tonnes
Tomato,APMC Pimpalgaon Baswant,2025-06-14,1655.0,Rs./Quintal,12.4,Metric Tonnes
Tomato,APMC Pimpalgaon Baswant,2025-06-16,1355.0,Rs./Quintal,14.9,Metric Tonnes
Tomato,APMC Pimpalgaon Baswant,2025-06-17,1255.0,Rs./Quintal,17.6,Metric Tonnes
Tomato,APMC Pimpalgaon Baswant,2025-06-18,1255.0,Rs./Quintal,4.9,Metric Tonnes
Tomato,APMC Pimpalgaon Baswant,2025-06-19,1255.0,Rs./Quintal,5.6,Metric Tonnes
Tomato,APMC Pimpalgaon Baswant,2025-06-20,1005.0,Rs./Quintal,7.1,Metric Tonnes
Tomato,APMC Pimpalgaon Baswant,2025-06-21,1105.0,Rs./Quintal,2.5,Metric Tonnes
Tomato,APMC Pimpalgaon Baswant,2025-06-23,1005.0,Rs./Quintal,3.0,Metric Tonnes
Tomato,APMC Pimpalgaon Baswant,2025-06-24,1255.0,Rs./Quintal,7.6,Metric Tonnes
Tomato,APMC Pimpalgaon Baswant,2025-06-25,1055.0,Rs./Quintal,3.5,Metric Tonnes
Tomato,APMC Pimpalgaon Baswant,2025-06-26,1305.0,Rs./Quintal,4.5,Metric Tonnes
Tomato,APMC Pimpalgaon Baswant,2025-06-27,1555.0,Rs./Quintal,4.4,Metric Tonnes
Tomato,APMC Pimpalgaon Baswant,2025-06-28,1355.0,Rs./Quintal,4.4,Metric Tonnes
Tomato,APMC Pimpalgaon Baswant,2025-06-30,1305.0,Rs./Quintal,7.5,Metric Tonnes
Tomato,APMC Pimpalgaon Baswant,2025-07-02,1755.0,Rs./Quintal,0.8,Metric Tonnes
Tomato,APMC Pimpalgaon Baswant,2025-07-03,1655.0,Rs./Quintal,2.6,Metric Tonnes
Tomato,APMC Pimpalgaon Baswant,2025-07-04,1555.0,Rs./Quintal,9.2,Metric Tonnes
Tomato,APMC Pimpalgaon Baswant,2025-07-05,1605.0,Rs./Quintal,3.3,Metric Tonnes
Tomato,APMC Pimpalgaon Baswant,2025-07-07,1755.0,Rs./Quintal,2.4,Metric Tonnes
Tomato,APMC Pimpalgaon Baswant,2025-07-08,1805.0,Rs./Quintal,2.7,Metric Tonnes
Tomato,APMC Pimpalgaon Baswant,2025-07-09,1755.0,Rs./Quintal,2.2,Metric Tonnes
Tomato,APMC Pimpalgaon Baswant,2025-07-10,2005.0,Rs./Quintal,1.5,Metric Tonnes
Tomato,APMC Pimpalgaon Baswant,2025-07-11,1805.0,Rs./Quintal,7.4,Metric Tonnes
Tomato,APMC Pimpalgaon Baswant,2025-07-12,1755.0,Rs./Quintal,4.1,Metric Tonnes
Tomato,APMC Pimpalgaon Baswant,2025-07-14,1355.0,Rs./Quintal,12.4,Metric Tonnes
Tomato,APMC Pimpalgaon Baswant,2025-07-15,1555.0,Rs./Quintal,10.1,Metric Tonnes
Tomato,APMC Pimpalgaon Baswant,2025-07-16,1655.0,Rs./Quintal,13.3,Metric Tonnes
Tomato,APMC Pimpalgaon Baswant,2025-07-17,1805.0,Rs./Quintal,11.5,Metric Tonnes
Tomato,APMC Pimpalgaon Baswant,2025-07-18,1855.0,Rs./Quintal,19.6,Metric Tonnes
Tomato,APMC Pimpalgaon Baswant,2025-07-19,2055.0,Rs./Quintal,17.9,Metric Tonnes
Tomato,APMC Pimpalgaon Baswant,2025-07-20,2505.0,Rs./Quintal,20.4,Metric Tonnes
Tomato,APMC Pimpalgaon Baswant,2025-07-21,2505.0,Rs./Quintal,46.0,Metric Tonnes
Tomato,APMC Pimpalgaon Baswant,2025-07-22,2505.0,Rs./Quintal,34.6,Metric Tonnes
Tomato,APMC Pimpalgaon Baswant,2025-07-23,3005.0,Rs./Quintal,80.6,Metric Tonnes
Tomato,APMC Pimpalgaon Baswant,2025-07-26,4505.0,Rs./Quintal,43.5,Metric Tonnes
Tomato,APMC Pimpalgaon Baswant,2025-07-27,4505.0,Rs./Quintal,68.1,Metric Tonnes
Tomato,APMC Pimpalgaon Baswant,2025-07-28,4755.0,Rs./Quintal,136.4,Metric Tonnes
Tomato,APMC Pimpalgaon Baswant,2025-07-29,3000.0,Rs./Quintal,98.8,Metric Tonnes
Tomato,APMC Pimpalgaon Baswant,2025-07-30,4505.0,Rs./Quintal,173.5,Metric Tonnes
Tomato,APMC Pimpalgaon Baswant,2025-07-31,4555.0,Rs./Quintal,177.7,Metric Tonnes
Tomato,APMC Pimpalgaon Baswant,2025-08-01,4255.0,Rs./Quintal,180.3,Metric Tonnes
Tomato,APMC Pimpalgaon Baswant,2025-08-02,3255.0,Rs./Quintal,300.2,Metric Tonnes
Tomato,APMC Pimpalgaon Baswant,2025-08-03,3955.0,Rs./Quintal,247.9,Metric Tonnes
Tomato,APMC Pimpalgaon Baswant,2025-08-04,4255.0,Rs./Quintal,430.0,Metric Tonnes
Tomato,APMC Pimpalgaon Baswant,2025-08-05,4275.0,Rs./Quintal,582.4,Metric Tonnes
Tomato,APMC Pimpalgaon Baswant,2025-08-06,3805.0,Rs./Quintal,509.1,Metric Tonnes
Tomato,APMC Pimpalgaon Baswant,2025-08-07,3555.0,Rs./Quintal,652.7,Metric Tonnes
Tomato,APMC Pimpalgaon Baswant,2025-08-08,3425.0,Rs./Quintal,749.5,Metric Tonnes
Tomato,APMC Pimpalgaon Baswant,2025-08-09,3905.0,Rs./Quintal,663.7,Metric Tonnes
Tomato,APMC Pimpalgaon Baswant,2025-08-10,3505.0,Rs./Quintal,749.1,Metric Tonnes
Tomato,APMC Pimpalgaon Baswant,2025-08-11,3255.0,Rs./Quintal,1622.5,Metric Tonnes
Tomato,APMC Pimpalgaon Baswant,2025-08-12,3105.0,Rs./Quintal,1453.9,Metric Tonnes
Tomato,APMC Pimpalgaon Baswant,2025-08-13,3725.0,Rs./Quintal,1528.4,Metric Tonnes
Tomato,APMC Pimpalgaon Baswant,2025-08-15,3955.0,Rs./Quintal,1253.9,Metric Tonnes
Tomato,APMC Pimpalgaon Baswant,2025-08-16,3605.0,Rs./Quintal,1384.5,Metric Tonnes
Tomato,APMC Pimpalgaon Baswant,2025-08-17,4255.0,Rs./Quintal,1037.6,Metric Tonnes
Tomato,APMC Pimpalgaon Baswant,2025-08-18,4425.0,Rs./Quintal,1796.3,Metric Tonnes
Tomato,APMC Pimpalgaon Baswant,2025-08-19,3805.0,Rs./Quintal,1823.2,Metric Tonnes
Tomato,APMC Pimpalgaon Baswant,2025-08-20,3555.0,Rs./Quintal,3247.8,Metric Tonnes
Tomato,APMC Pimpalgaon Baswant,2025-08-22,2325.0,Rs./Quintal,2154.0,Metric Tonnes
Tomato,APMC Pimpalgaon Baswant,2025-08-23,2255.0,Rs./Quintal,2488.5,Metric Tonnes
Tomato,APMC Pimpalgaon Baswant,2025-08-24,2005.0,Rs./Quintal,1975.0,Metric Tonnes
Tomato,APMC Pimpalgaon Baswant,2025-08-25,1775.0,Rs./Quintal,7956.0,Metric Tonnes
Tomato,APMC Pimpalgaon Baswant,2025-08-27,1750.0,Rs./Quintal,2470.0,Metric Tonnes
Tomato,APMC Pimpalgaon Baswant,2025-08-28,1875.0,Rs./Quintal,3356.3,Metric Tonnes
Tomato,APMC Pimpalgaon Baswant,2025-08-29,1825.0,Rs./Quintal,3557.4,Metric Tonnes
Tomato,APMC Pimpalgaon Baswant,2025-08-30,2255.0,Rs./Quintal,2630.3,Metric Tonnes
Tomato,APMC Pimpalgaon Baswant,2025-08-31,2255.0,Rs./Quintal,1828.6,Metric Tonnes
Tomato,APMC Pimpalgaon Baswant,2025-09-01,2375.0,Rs./Quintal,3309.9,Metric Tonnes
Tomato,APMC Pimpalgaon Baswant,2025-09-02,2105.0,Rs./Quintal,3392.2,Metric Tonnes
Tomato,APMC Pimpalgaon Baswant,2025-09-03,1655.0,Rs./Quintal,3975.9,Metric Tonnes
Tomato,APMC Pimpalgaon Baswant,2025-09-04,1575.0,Rs./Quintal,3153.9,Metric Tonnes
Tomato,APMC Pimpalgaon Baswant,2025-09-05,1825.0,Rs./Quintal,1911.6,Metric Tonnes
Tomato,APMC Pimpalgaon Baswant,2025-09-06,1605.0,Rs./Quintal,1933.9,Metric Tonnes
Tomato,APMC Pimpalgaon Baswant,2025-09-07,1755.0,Rs./Quintal,1595.0,Metric Tonnes
Tomato,APMC Pimpalgaon Baswant,2025-09-08,1375.0,Rs./Quintal,5691.8,Metric Tonnes
Tomato,APMC Pimpalgaon Baswant,2025-09-09,1105.0,Rs./Quintal,3639.4,Metric Tonnes
Tomato,APMC Pimpalgaon Baswant,2025-09-10,755.0,Rs./Quintal,4436.8,Metric Tonnes
Tomato,APMC Pimpalgaon Baswant,2025-09-11,705.0,Rs./Quintal,8724.6,Metric Tonnes
Tomato,APMC Pimpalgaon Baswant,2025-09-12,1105.0,Rs./Quintal,4503.0,Metric Tonnes
Tomato,APMC Pimpalgaon Baswant,2025-09-13,1250.0,Rs./Quintal,2568.9,Metric Tonnes
Tomato,APMC Pimpalgaon Baswant,2025-09-14,1005.0,Rs./Quintal,1383.6,Metric Tonnes
Tomato,APMC Pimpalgaon Baswant,2025-09-15,775.0,Rs./Quintal,5811.7,Metric Tonnes
Tomato,APMC Pimpalgaon Baswant,2025-09-16,755.0,Rs./Quintal,5456.7,Metric Tonnes
Tomato,APMC Pimpalgaon Baswant,2025-09-17,755.0,Rs./Quintal,4917.0,Metric Tonnes
Tomato,APMC Pimpalgaon Baswant,2025-09-18,575.0,Rs./Quintal,5117.6,Metric Tonnes
Tomato,APMC Pimpalgaon Baswant,2025-09-19,875.0,Rs./Quintal,5569.2,Metric Tonnes
Tomato,APMC Pimpalgaon Baswant,2025-09-20,1255.0,Rs./Quintal,3914.6,Metric Tonnes
Tomato,APMC Pimpalgaon Baswant,2025-09-21,1955.0,Rs./Quintal,2022.3,Metric Tonnes
Tomato,APMC Pimpalgaon Baswant,2025-09-22,1875.0,Rs./Quintal,5960.6,Metric Tonnes
Tomato,APMC Pimpalgaon Baswant,2025-09-23,1455.0,Rs./Quintal,7323.1,Metric Tonnes
Tomato,APMC Pimpalgaon Baswant,2025-09-24,1005.0,Rs./Quintal,7107.8,Metric Tonnes
Tomato,APMC Pimpalgaon Baswant,2025-09-25,1105.0,Rs./Quintal,6894.8,Metric Tonnes
Tomato,APMC Pimpalgaon Baswant,2025-09-27,1155.0,Rs./Quintal,3036.3,Metric Tonnes
Tomato,APMC Pimpalgaon Baswant,2025-09-28,1555.0,Rs./Quintal,525.0,Metric Tonnes
Tomato,APMC Pimpalgaon Baswant,2025-09-29,1305.0,Rs./Quintal,7607.2,Metric Tonnes
Tomato,APMC Pimpalgaon Baswant,2025-09-30,1250.0,Rs./Quintal,7686.3,Metric Tonnes
Tomato,APMC Pimpalgaon Baswant,2025-10-02,1350.0,Rs./Quintal,1319.2,Metric Tonnes
Tomato,APMC Pimpalgaon Baswant,2025-10-03,1205.0,Rs./Quintal,6506.1,Metric Tonnes
Tomato,APMC Pimpalgaon Baswant,2025-10-07,1105.0,Rs./Quintal,7765.1,Metric Tonnes
Tomato,APMC Pimpalgaon Baswant,2025-10-08,1275.0,Rs./Quintal,6868.4,Metric Tonnes
Tomato,APMC Pimpalgaon Baswant,2025-10-09,855.0,Rs./Quintal,7998.3,Metric Tonnes
Tomato,APMC Pimpalgaon Baswant,2025-10-11,1105.0,Rs./Quintal,4185.5,Metric Tonnes
Tomato,APMC Pimpalgaon Baswant,2025-10-12,1355.0,Rs./Quintal,1572.3,Metric Tonnes
Tomato,APMC Pimpalgaon Baswant,2025-10-14,1355.0,Rs./Quintal,7912.6,Metric Tonnes
Tomato,APMC Pimpalgaon Baswant,2025-10-15,1555.0,Rs./Quintal,6729.3,Metric Tonnes
Tomato,APMC Pimpalgaon Baswant,2025-10-16,1205.0,Rs./Quintal,7424.4,Metric Tonnes
Tomato,APMC Pimpalgaon Baswant,2025-10-21,855.0,Rs./Quintal,722.5,Metric Tonnes
Tomato,APMC Pimpalgaon Baswant,2025-10-23,1005.0,Rs./Quintal,1403.5,Metric Tonnes
Tomato,APMC Pimpalgaon Baswant,2025-10-25,875.0,Rs./Quintal,3715.1,Metric Tonnes
Tomato,APMC Pimpalgaon Baswant,2025-10-26,855.0,Rs./Quintal,1289.6,Metric Tonnes
Tomato,APMC Pimpalgaon Baswant,2025-10-28,775.0,Rs./Quintal,8566.2,Metric Tonnes
Tomato,APMC Pimpalgaon Baswant,2025-10-29,855.0,Rs./Quintal,6165.6,Metric Tonnes
Tomato,APMC Pimpalgaon Baswant,2025-10-30,1055.0,Rs./Quintal,5124.2,Metric Tonnes
Tomato,APMC Pimpalgaon Baswant,2025-10-31,855.0,Rs./Quintal,4377.1,Metric Tonnes
Tomato,APMC Pimpalgaon Baswant,2025-11-01,1105.0,Rs./Quintal,2548.4,Metric Tonnes
Tomato,APMC Pimpalgaon Baswant,2025-11-02,1055.0,Rs./Quintal,858.1,Metric Tonnes
Tomato,APMC Pimpalgaon Baswant,2025-11-03,1205.0,Rs./Quintal,6445.0,Metric Tonnes
Tomato,APMC Pimpalgaon Baswant,2025-11-05,2105.0,Rs./Quintal,2431.8,Metric Tonnes
Tomato,APMC Pimpalgaon Baswant,2025-11-06,1355.0,Rs./Quintal,3990.3,Metric Tonnes
Tomato,APMC Pimpalgaon Baswant,2025-11-07,1605.0,Rs./Quintal,3645.5,Metric Tonnes
Tomato,APMC Pimpalgaon Baswant,2025-11-16,2755.0,Rs./Quintal,248.9,Metric Tonnes
Tomato,APMC Pimpalgaon Baswant,2025-11-17,2625.0,Rs./Quintal,3102.5,Metric Tonnes
Tomato,APMC Pimpalgaon Baswant,2025-11-18,3005.0,Rs./Quintal,2197.9,Metric Tonnes
Tomato,APMC Pimpalgaon Baswant,2025-11-19,3205.0,Rs./Quintal,1778.2,Metric Tonnes
Tomato,APMC Pimpalgaon Baswant,2025-11-20,3655.0,Rs./Quintal,1926.2,Metric Tonnes
Tomato,APMC Pimpalgaon Baswant,2025-11-21,3125.0,Rs./Quintal,1773.9,Metric Tonnes
Tomato,APMC Pimpalgaon Baswant,2025-11-23,3855.0,Rs./Quintal,228.4,Metric Tonnes
Tomato,APMC Pimpalgaon Baswant,2025-11-24,3255.0,Rs./Quintal,2518.2,Metric Tonnes
Tomato,APMC Pimpalgaon Baswant,2025-11-25,2105.0,Rs./Quintal,1829.4,Metric Tonnes
Tomato,APMC Pimpalgaon Baswant,2025-11-26,2055.0,Rs./Quintal,1249.6,Metric Tonnes
Tomato,APMC Pimpalgaon Baswant,2025-11-27,1555.0,Rs./Quintal,1190.9,Metric Tonnes
Tomato,APMC Pimpalgaon Baswant,2025-11-28,2755.0,Rs./Quintal,1252.3,Metric Tonnes
Tomato,APMC Pimpalgaon Baswant,2025-11-30,2455.0,Rs./Quintal,187.3,Metric Tonnes
Tomato,APMC Pimpalgaon Baswant,2025-12-02,2155.0,Rs./Quintal,749.1,Metric Tonnes
Tomato,APMC Pimpalgaon Baswant,2025-12-03,2255.0,Rs./Quintal,1179.3,Metric Tonnes
Tomato,APMC Pimpalgaon Baswant,2025-12-04,2205.0,Rs./Quintal,906.6,Metric Tonnes
Tomato,APMC Pimpalgaon Baswant,2025-12-05,2105.0,Rs./Quintal,763.9,Metric Tonnes
Tomato,APMC Pimpalgaon Baswant,2025-12-07,2055.0,Rs./Quintal,73.7,Metric Tonnes
Tomato,APMC Pimpalgaon Baswant,2025-12-08,2105.0,Rs./Quintal,853.6,Metric Tonnes
Tomato,APMC Pimpalgaon Baswant,2025-12-09,2155.0,Rs./Quintal,726.5,Metric Tonnes
Tomato,APMC Pimpalgaon Baswant,2025-12-10,2125.0,Rs./Quintal,535.1,Metric Tonnes
Tomato,APMC Pimpalgaon Baswant,2025-12-11,2405.0,Rs./Quintal,431.7,Metric Tonnes
Tomato,APMC Pimpalgaon Baswant,2025-12-12,2505.0,Rs./Quintal,410.5,Metric Tonnes
Tomato,APMC Pimpalgaon Baswant,2025-12-14,2755.0,Rs./Quintal,53.7,Metric Tonnes
Tomato,APMC Pimpalgaon Baswant,2025-12-15,2905.0,Rs./Quintal,473.5,Metric Tonnes
Tomato,APMC Pimpalgaon Baswant,2025-12-16,3405.0,Rs./Quintal,338.1,Metric Tonnes
Tomato,APMC Pimpalgaon Baswant,2025-12-17,3205.0,Rs./Quintal,288.1,Metric Tonnes
Tomato,APMC Pimpalgaon Baswant,2025-12-18,3105.0,Rs./Quintal,303.3,Metric Tonnes
Tomato,APMC Pimpalgaon Baswant,2025-12-19,2505.0,Rs./Quintal,249.3,Metric Tonnes
Tomato,APMC Pimpalgaon Baswant,2025-12-21,3105.0,Rs./Quintal,46.7,Metric Tonnes
Tomato,APMC Pimpalgaon Baswant,2025-12-22,3255.0,Rs./Quintal,405.7,Metric Tonnes
Tomato,APMC Pimpalgaon Baswant,2025-12-23,3355.0,Rs./Quintal,257.8,Metric Tonnes
Tomato,APMC Pimpalgaon Baswant,2025-12-24,3405.0,Rs./Quintal,312.3,Metric Tonnes
Tomato,APMC Pimpalgaon Baswant,2025-12-25,2555.0,Rs./Quintal,209.3,Metric Tonnes
Tomato,APMC Pimpalgaon Baswant,2025-12-26,2255.0,Rs./Quintal,203.5,Metric Tonnes
Tomato,APMC Pimpalgaon Baswant,2025-12-28,2875.0,Rs./Quintal,104.5,Metric Tonnes
Tomato,APMC Pimpalgaon Baswant,2025-12-29,3005.0,Rs./Quintal,300.7,Metric Tonnes
Tomato,APMC Pimpalgaon Baswant,2025-12-30,2105.0,Rs./Quintal,202.8,Metric Tonnes
Tomato,APMC Pimpalgaon Baswant,2025-12-31,2755.0,Rs./Quintal,146.1,Metric Tonnes
Tomato,APMC Pimpalgaon Baswant,2026-01-01,3100.0,Rs./Quintal,142.0,Metric Tonnes
Tomato,APMC Pimpalgaon Baswant,2026-01-02,2950.0,Rs./Quintal,85.8,Metric Tonnes
Tomato,APMC Pimpalgaon Baswant,2026-01-04,3105.0,Rs./Quintal,51.2,Metric Tonnes
Tomato,APMC Pimpalgaon Baswant,2026-01-05,2605.0,Rs./Quintal,203.3,Metric Tonnes
Tomato,APMC Pimpalgaon Baswant,2026-01-06,2405.0,Rs./Quintal,168.6,Metric Tonnes
Tomato,APMC Pimpalgaon Baswant,2026-01-07,1605.0,Rs./Quintal,149.1,Metric Tonnes
Tomato,APMC Pimpalgaon Baswant,2026-01-08,1505.0,Rs./Quintal,204.0,Metric Tonnes
Tomato,APMC Pimpalgaon Baswant,2026-01-09,1405.0,Rs./Quintal,143.3,Metric Tonnes
Tomato,APMC Pimpalgaon Baswant,2026-01-11,1405.0,Rs./Quintal,30.5,Metric Tonnes
Tomato,APMC Pimpalgaon Baswant,2026-01-12,1255.0,Rs./Quintal,135.5,Metric Tonnes
Tomato,APMC Pimpalgaon Baswant,2026-01-13,1605.0,Rs./Quintal,108.9,Metric Tonnes
Tomato,APMC Pimpalgaon Baswant,2026-01-15,1405.0,Rs./Quintal,47.5,Metric Tonnes
Tomato,APMC Pimpalgaon Baswant,2026-01-16,2255.0,Rs./Quintal,159.6,Metric Tonnes
Tomato,APMC Pimpalgaon Baswant,2026-01-18,1505.0,Rs./Quintal,26.9,Metric Tonnes
Tomato,APMC Pimpalgaon Baswant,2026-01-21,1605.0,Rs./Quintal,96.9,Metric Tonnes
Tomato,APMC Pimpalgaon Baswant,2026-01-22,1505.0,Rs./Quintal,105.2,Metric Tonnes
Tomato,APMC Pimpalgaon Baswant,2026-01-23,1405.0,Rs./Quintal,96.9,Metric Tonnes
Tomato,APMC Pimpalgaon Baswant,2026-01-28,905.0,Rs./Quintal,58.4,Metric Tonnes
Tomato,APMC Pimpalgaon Baswant,2026-02-01,755.0,Rs./Quintal,26.6,Metric Tonnes
Tomato,APMC Pimpalgaon Baswant,2026-02-02,905.0,Rs./Quintal,50.3,Metric Tonnes
Tomato,APMC Pimpalgaon Baswant,2026-02-03,755.0,Rs./Quintal,80.1,Metric Tonnes
Tomato,APMC Pimpalgaon Baswant,2026-02-04,855.0,Rs./Quintal,70.9,Metric Tonnes
Tomato,APMC Pimpalgaon Baswant,2026-02-05,705.0,Rs./Quintal,53.8,Metric Tonnes
Tomato,APMC Pimpalgaon Baswant,2026-02-06,505.0,Rs./Quintal,39.3,Metric Tonnes
Tomato,APMC Pimpalgaon Baswant,2026-02-08,500.0,Rs./Quintal,8.8,Metric Tonnes
Tomato,APMC Pimpalgaon Baswant,2026-02-09,555.0,Rs./Quintal,63.9,Metric Tonnes
Tomato,APMC Pimpalgaon Baswant,2026-02-10,605.0,Rs./Quintal,51.1,Metric Tonnes
Tomato,APMC Pimpalgaon Baswant,2026-02-11,755.0,Rs./Quintal,32.8,Metric Tonnes
Tomato,APMC Pimpalgaon Baswant,2026-02-12,805.0,Rs./Quintal,80.1,Metric Tonnes
Tomato,APMC Pimpalgaon Baswant,2026-02-13,605.0,Rs./Quintal,43.3,Metric Tonnes
Tomato,APMC Pimpalgaon Baswant,2026-02-15,555.0,Rs./Quintal,13.5,Metric Tonnes
Tomato,APMC Pimpalgaon Baswant,2026-02-16,605.0,Rs./Quintal,61.7,Metric Tonnes
Tomato,APMC Pimpalgaon Baswant,2026-02-17,855.0,Rs./Quintal,82.1,Metric Tonnes
Tomato,APMC Pimpalgaon Baswant,2026-02-19,855.0,Rs./Quintal,20.7,Metric Tonnes
Tomato,APMC Pimpalgaon Baswant,2026-02-20,905.0,Rs./Quintal,50.1,Metric Tonnes
Tomato,APMC Pimpalgaon Baswant,2026-02-22,755.0,Rs./Quintal,22.7,Metric Tonnes
Tomato,APMC Pimpalgaon Baswant,2026-02-23,755.0,Rs./Quintal,52.0,Metric Tonnes
Tomato,APMC Pimpalgaon Baswant,2026-02-24,705.0,Rs./Quintal,66.1,Metric Tonnes
Tomato,APMC Pimpalgaon Baswant,2026-02-25,755.0,Rs./Quintal,66.8,Metric Tonnes
Tomato,APMC Pimpalgaon Baswant,2026-02-26,805.0,Rs./Quintal,47.0,Metric Tonnes
Tomato,APMC Pimpalgaon Baswant,2026-02-27,905.0,Rs./Quintal,40.7,Metric Tonnes
Tomato,APMC Pimpalgaon Baswant,2026-03-01,755.0,Rs./Quintal,20.2,Metric Tonnes
Tomato,APMC Pimpalgaon Baswant,2026-03-03,755.0,Rs./Quintal,30.9,Metric Tonnes
Tomato,APMC Pimpalgaon Baswant,2026-03-04,805.0,Rs./Quintal,51.1,Metric Tonnes
Tomato,APMC Pimpalgaon Baswant,2026-03-05,755.0,Rs./Quintal,89.4,Metric Tonnes
Tomato,APMC Pimpalgaon Baswant,2026-03-06,905.0,Rs./Quintal,67.6,Metric Tonnes
Tomato,APMC Pimpalgaon Baswant,2026-03-08,855.0,Rs./Quintal,11.2,Metric Tonnes
Tomato,APMC Pimpalgaon Baswant,2026-03-09,1155.0,Rs./Quintal,57.2,Metric Tonnes
Tomato,APMC Pimpalgaon Baswant,2026-03-10,1005.0,Rs./Quintal,79.8,Metric Tonnes
Tomato,APMC Pimpalgaon Baswant,2026-03-11,955.0,Rs./Quintal,45.4,Metric Tonnes
Tomato,APMC Pimpalgaon Baswant,2026-03-12,905.0,Rs./Quintal,42.5,Metric Tonnes
Tomato,APMC Pimpalgaon Baswant,2026-03-13,755.0,Rs./Quintal,62.6,Metric Tonnes
Tomato,APMC Pimpalgaon Baswant,2026-03-15,905.0,Rs./Quintal,25.5,Metric Tonnes
Tomato,APMC Pimpalgaon Baswant,2026-03-16,1005.0,Rs./Quintal,57.5,Metric Tonnes
Tomato,APMC Pimpalgaon Baswant,2026-03-17,755.0,Rs./Quintal,71.7,Metric Tonnes
Tomato,APMC Pimpalgaon Baswant,2026-03-18,705.0,Rs./Quintal,56.4,Metric Tonnes
Tomato,APMC Pimpalgaon Baswant,2026-03-19,605.0,Rs./Quintal,29.9,Metric Tonnes
Tomato,APMC Pimpalgaon Baswant,2026-03-20,555.0,Rs./Quintal,91.3,Metric Tonnes
Tomato,APMC Pimpalgaon Baswant,2026-03-22,500.0,Rs./Quintal,13.0,Metric Tonnes
Tomato,APMC Pimpalgaon Baswant,2026-03-23,905.0,Rs./Quintal,63.4,Metric Tonnes
Tomato,APMC Pimpalgaon Baswant,2026-03-24,1005.0,Rs./Quintal,104.3,Metric Tonnes
Tomato,APMC Pimpalgaon Baswant,2026-03-26,1255.0,Rs./Quintal,46.0,Metric Tonnes
Tomato,APMC Pimpalgaon Baswant,2026-03-27,1305.0,Rs./Quintal,88.9,Metric Tonnes
Tomato,APMC Pimpalgaon Baswant,2026-03-29,1505.0,Rs./Quintal,58.2,Metric Tonnes
Tomato,APMC Pimpalgaon Baswant,2026-03-31,605.0,Rs./Quintal,150.9,Metric Tonnes
Tomato,APMC Pimpalgaon Baswant,2026-04-01,555.0,Rs./Quintal,112.3,Metric Tonnes
Tomato,APMC Pimpalgaon Baswant,2026-04-03,605.0,Rs./Quintal,102.5,Metric Tonnes
Tomato,APMC Pimpalgaon Baswant,2026-04-05,505.0,Rs./Quintal,25.4,Metric Tonnes
Tomato,APMC Pimpalgaon Baswant,2026-04-06,655.0,Rs./Quintal,205.4,Metric Tonnes
Tomato,APMC Pimpalgaon Baswant,2026-04-07,755.0,Rs./Quintal,130.6,Metric Tonnes
Tomato,APMC Pimpalgaon Baswant,2026-04-08,655.0,Rs./Quintal,151.0,Metric Tonnes
Tomato,APMC Pimpalgaon Baswant,2026-04-09,605.0,Rs./Quintal,90.0,Metric Tonnes
Tomato,APMC Pimpalgaon Baswant,2026-04-10,655.0,Rs./Quintal,92.9,Metric Tonnes
Tomato,APMC Pimpalgaon Baswant,2026-04-12,1105.0,Rs./Quintal,57.3,Metric Tonnes
Tomato,APMC Pimpalgaon Baswant,2026-04-13,1255.0,Rs./Quintal,238.2,Metric Tonnes
Tomato,APMC Pimpalgaon Baswant,2026-04-14,1605.0,Rs./Quintal,91.3,Metric Tonnes
Tomato,APMC Pimpalgaon Baswant,2026-04-15,1505.0,Rs./Quintal,202.7,Metric Tonnes
Tomato,APMC Pimpalgaon Baswant,2026-04-16,1755.0,Rs./Quintal,157.3,Metric Tonnes
Tomato,APMC Pimpalgaon Baswant,2026-04-17,1855.0,Rs./Quintal,258.3,Metric Tonnes
Tomato,APMC Pimpalgaon Baswant,2026-04-19,1855.0,Rs./Quintal,131.1,Metric Tonnes
Tomato,APMC Pimpalgaon Baswant,2026-04-20,1805.0,Rs./Quintal,203.7,Metric Tonnes
Tomato,APMC Pimpalgaon Baswant,2026-04-21,1755.0,Rs./Quintal,274.9,Metric Tonnes
Tomato,APMC Pimpalgaon Baswant,2026-04-22,1705.0,Rs./Quintal,262.5,Metric Tonnes
Tomato,APMC Pimpalgaon Baswant,2026-04-23,1755.0,Rs./Quintal,362.3,Metric Tonnes
Tomato,APMC Pimpalgaon Baswant,2026-04-24,1505.0,Rs./Quintal,333.6,Metric Tonnes
Tomato,APMC Pimpalgaon Baswant,2026-04-26,1755.0,Rs./Quintal,125.3,Metric Tonnes
Tomato,APMC Pimpalgaon Baswant,2026-04-27,1905.0,Rs./Quintal,423.7,Metric Tonnes
Tomato,APMC Pimpalgaon Baswant,2026-04-28,1905.0,Rs./Quintal,364.9,Metric Tonnes
Tomato,APMC Pimpalgaon Baswant,2026-04-29,1755.0,Rs./Quintal,235.1,Metric Tonnes
Tomato,APMC Pimpalgaon Baswant,2026-05-01,1505.0,Rs./Quintal,142.7,Metric Tonnes
Tomato,APMC Pimpalgaon Baswant,2026-05-03,1255.0,Rs./Quintal,113.6,Metric Tonnes
Tomato,APMC Pimpalgaon Baswant,2026-05-04,1405.0,Rs./Quintal,482.3,Metric Tonnes
Tomato,APMC Pimpalgaon Baswant,2026-05-05,1255.0,Rs./Quintal,260.9,Metric Tonnes
Tomato,APMC Pimpalgaon Baswant,2026-05-06,1105.0,Rs./Quintal,198.5,Metric Tonnes
Tomato,APMC Pimpalgaon Baswant,2026-05-07,1255.0,Rs./Quintal,191.4,Metric Tonnes
Tomato,APMC Pimpalgaon Baswant,2026-05-08,1305.0,Rs./Quintal,228.0,Metric Tonnes
Tomato,APMC Pimpalgaon Baswant,2026-05-10,1755.0,Rs./Quintal,60.1,Metric Tonnes
Tomato,APMC Pimpalgaon Baswant,2026-05-11,1655.0,Rs./Quintal,236.5,Metric Tonnes
Tomato,APMC Pimpalgaon Baswant,2026-05-12,1705.0,Rs./Quintal,263.7,Metric Tonnes
Tomato,APMC Pimpalgaon Baswant,2026-05-13,1755.0,Rs./Quintal,203.0,Metric Tonnes
Tomato,APMC Pimpalgaon Baswant,2026-05-14,2055.0,Rs./Quintal,123.7,Metric Tonnes
Tomato,APMC Pimpalgaon Baswant,2026-05-15,2505.0,Rs./Quintal,186.0,Metric Tonnes
Tomato,APMC Pimpalgaon Baswant,2026-05-17,2055.0,Rs./Quintal,80.3,Metric Tonnes
Tomato,APMC Pimpalgaon Baswant,2026-05-18,1855.0,Rs./Quintal,165.2,Metric Tonnes
Tomato,APMC Pimpalgaon Baswant,2026-05-19,1755.0,Rs./Quintal,138.2,Metric Tonnes
Tomato,APMC Pimpalgaon Baswant,2026-05-20,1805.0,Rs./Quintal,145.1,Metric Tonnes
Tomato,APMC Pimpalgaon Baswant,2026-05-21,1505.0,Rs./Quintal,104.0,Metric Tonnes
Tomato,APMC Pimpalgaon Baswant,2026-05-22,1405.0,Rs./Quintal,108.0,Metric Tonnes
Tomato,APMC Pimpalgaon Baswant,2026-05-24,1255.0,Rs./Quintal,44.6,Metric Tonnes
Tomato,APMC Pimpalgaon Baswant,2026-05-25,1905.0,Rs./Quintal,163.1,Metric Tonnes
Tomato,APMC Pimpalgaon Baswant,2026-05-26,2055.0,Rs./Quintal,88.7,Metric Tonnes
Tomato,APMC Pimpalgaon Baswant,2026-05-27,2155.0,Rs./Quintal,104.0,Metric Tonnes
Tomato,APMC Pimpalgaon Baswant,2026-05-28,2005.0,Rs./Quintal,73.4,Metric Tonnes
Tomato,APMC Pimpalgaon Baswant,2026-05-29,1955.0,Rs./Quintal,89.7,Metric Tonnes
Tomato,APMC Pimpalgaon Baswant,2026-05-31,2055.0,Rs./Quintal,32.5,Metric Tonnes
Tomato,APMC Pimpalgaon Baswant,2026-06-01,2155.0,Rs./Quintal,72.3,Metric Tonnes
Tomato,APMC Pimpalgaon Baswant,2026-06-02,2305.0,Rs./Quintal,57.4,Metric Tonnes
Tomato,APMC Pimpalgaon Baswant,2026-06-03,2005.0,Rs./Quintal,50.6,Metric Tonnes
Tomato,APMC Pimpalgaon Baswant,2026-06-04,1955.0,Rs./Quintal,70.8,Metric Tonnes
Tomato,APMC Pimpalgaon Baswant,2026-06-05,2055.0,Rs./Quintal,85.0,Metric Tonnes
Tomato,APMC Pimpalgaon Baswant,2026-06-07,2005.0,Rs./Quintal,24.2,Metric Tonnes
Tomato,APMC Pimpalgaon Baswant,2026-06-08,2705.0,Rs./Quintal,80.0,Metric Tonnes
Tomato,APMC Pimpalgaon Baswant,2026-06-09,3750.0,Rs./Quintal,47.2,Metric Tonnes
Tomato,APMC Pimpalgaon Baswant,2026-06-10,3105.0,Rs./Quintal,41.7,Metric Tonnes
Tomato,APMC Pimpalgaon Baswant,2026-06-11,3255.0,Rs./Quintal,31.7,Metric Tonnes
Tomato,APMC Pimpalgaon Baswant,2026-06-12,3105.0,Rs./Quintal,60.9,Metric Tonnes
Tomato,APMC Pimpalgaon Baswant,2026-06-14,3005.0,Rs./Quintal,30.3,Metric Tonnes
Tomato,APMC Pimpalgaon Baswant,2026-06-15,2655.0,Rs./Quintal,65.3,Metric Tonnes
Tomato,APMC Pimpalgaon Baswant,2026-06-16,3005.0,Rs./Quintal,36.4,Metric Tonnes
Tomato,APMC Pimpalgaon Baswant,2026-06-17,2655.0,Rs./Quintal,25.2,Metric Tonnes
Tomato,APMC Pimpalgaon Baswant,2026-06-18,3605.0,Rs./Quintal,28.3,Metric Tonnes
Tomato,APMC Pimpalgaon Baswant,2026-06-19,3255.0,Rs./Quintal,25.4,Metric Tonnes
Tomato,APMC Pimpalgaon Baswant,2026-06-21,3405.0,Rs./Quintal,21.2,Metric Tonnes
Tomato,APMC Pimpalgaon Baswant,2026-06-22,4005.0,Rs./Quintal,22.4,Metric Tonnes
Tomato,APMC Pimpalgaon Baswant,2026-06-23,3755.0,Rs./Quintal,37.2,Metric Tonnes
Tomato,APMC Pimpalgaon Baswant,2026-06-24,3405.0,Rs./Quintal,30.8,Metric Tonnes
Tomato,APMC Pimpalgaon Baswant,2026-06-25,3055.0,Rs./Quintal,21.5,Metric Tonnes
Tomato,APMC Pimpalgaon Baswant,2026-06-29,1905.0,Rs./Quintal,31.1,Metric Tonnes
Tomato,APMC Pimpalgaon Baswant,2026-07-01,1755.0,Rs./Quintal,3.4,Metric Tonnes
Tomato,APMC Pimpalgaon Baswant,2026-07-02,1750.0,Rs./Quintal,5.8,Metric Tonnes
Tomato,APMC Pimpalgaon Baswant,2026-07-03,1505.0,Rs./Quintal,3.7,Metric Tonnes
Tomato,APMC Pimpalgaon Baswant,2026-07-06,1405.0,Rs./Quintal,1.7,Metric Tonnes
Tomato,APMC Pimpalgaon Baswant,2026-07-09,2505.0,Rs./Quintal,10.3,Metric Tonnes
Tomato,APMC Pimpalgaon Baswant,2026-07-10,2755.0,Rs./Quintal,3.0,Metric Tonnes
Tomato,APMC Pimpalgaon Baswant,2026-07-12,2755.0,Rs./Quintal,2.0,Metric Tonnes
Tomato,APMC Pimpalgaon Baswant,2026-07-13,2005.0,Rs./Quintal,6.3,Metric Tonnes
Tomato,APMC Pimpalgaon Baswant,2026-07-14,2105.0,Rs./Quintal,14.7,Metric Tonnes
Tomato,APMC Pimpalgaon Baswant,2026-07-15,1905.0,Rs./Quintal,13.3,Metric Tonnes
Tomato,APMC Pimpalgaon Baswant,2026-07-16,1455.0,Rs./Quintal,14.7,Metric Tonnes
Tomato,APMC Pimpalgaon Baswant,2026-07-17,1655.0,Rs./Quintal,10.2,Metric Tonnes
Tomato,APMC Pimpalgaon Baswant,2026-07-19,2505.0,Rs./Quintal,7.0,Metric Tonnes
Tomato,APMC Pimpalgaon Baswant,2026-07-20,2655.0,Rs./Quintal,16.5,Metric Tonnes
Tomato,APMC Pimpalgaon Baswant,2026-07-21,2755.0,Rs./Quintal,11.5,Metric Tonnes
Tomato,APMC Pimpalgaon Baswant,2026-07-22,3005.0,Rs./Quintal,12.3,Metric Tonnes
Tomato,APMC Pimpalgaon Baswant,2026-07-23,2155.0,Rs./Quintal,20.7,Metric Tonnes
Tomato,APMC Pimpalgaon Baswant,2026-07-26,3005.0,Rs./Quintal,31.5,Metric Tonnes
Tomato,APMC Pimpalgaon Baswant,2026-07-27,2655.0,Rs./Quintal,37.9,Metric Tonnes
Tomato,APMC Pimpalgaon Baswant,2026-07-28,2505.0,Rs./Quintal,30.3,Metric Tonnes
Tomato,APMC Pimpalgaon Baswant,2026-07-29,2005.0,Rs./Quintal,49.9,Metric Tonnes
Tomato,APMC Pimpalgaon Baswant,2026-07-30,2105.0,Rs./Quintal,40.4,Metric Tonnes
Tomato,APMC Pimpalgaon Baswant,2026-07-31,2755.0,Rs./Quintal,3.5,Metric Tonnes
Tomato,APMC Pimpalgaon Baswant,2026-08-02,2405.0,Rs./Quintal,30.7,Metric Tonnes
Tomato,APMC Pimpalgaon Baswant,2026-08-03,2505.0,Rs./Quintal,50.9,Metric Tonnes
Tomato,APMC Pimpalgaon Baswant,2026-08-04,2405.0,Rs./Quintal,77.9,Metric Tonnes
Tomato,APMC Pimpalgaon Baswant,2026-08-05,1905.0,Rs./Quintal,111.0,Metric Tonnes
Tomato,APMC Pimpalgaon Baswant,2026-08-06,1755.0,Rs./Quintal,124.7,Metric Tonnes
Tomato,APMC Pimpalgaon Baswant,2026-08-07,1505.0,Rs./Quintal,163.2,Metric Tonnes
Tomato,APMC Pimpalgaon Baswant,2026-08-08,1555.0,Rs./Quintal,171.4,Metric Tonnes
Tomato,APMC Pimpalgaon Baswant,2026-08-09,1400.0,Rs./Quintal,289.9,Metric Tonnes
Tomato,APMC Pimpalgaon Baswant,2026-08-10,1755.0,Rs./Quintal,507.7,Metric Tonnes
Tomato,APMC Pimpalgaon Baswant,2026-08-11,2375.0,Rs./Quintal,673.8,Metric Tonnes
Tomato,APMC Pimpalgaon Baswant,2026-08-12,1755.0,Rs./Quintal,606.0,Metric Tonnes
Tomato,APMC Pimpalgaon Baswant,2026-08-13,1905.0,Rs./Quintal,724.7,Metric Tonnes
Tomato,APMC Pimpalgaon Baswant,2026-08-14,1855.0,Rs./Quintal,842.4,Metric Tonnes
Tomato,APMC Pimpalgaon Baswant,2026-08-15,1905.0,Rs./Quintal,869.5,Metric Tonnes
Tomato,APMC Pimpalgaon Baswant,2026-08-16,1755.0,Rs./Quintal,785.2,Metric Tonnes
Tomato,APMC Pimpalgaon Baswant,2026-08-17,1705.0,Rs./Quintal,1332.4,Metric Tonnes
Tomato,APMC Pimpalgaon Baswant,2026-08-18,1455.0,Rs./Quintal,1574.9,Metric Tonnes
Tomato,APMC Pimpalgaon Baswant,2026-08-19,1355.0,Rs./Quintal,1613.2,Metric Tonnes
Tomato,APMC Pimpalgaon Baswant,2026-08-20,1055.0,Rs./Quintal,1435.8,Metric Tonnes
Tomato,APMC Pimpalgaon Baswant,2026-08-21,905.0,Rs./Quintal,1931.7,Metric Tonnes
Tomato,APMC Pimpalgaon Baswant,2026-08-23,1150.0,Rs./Quintal,1524.0,Metric Tonnes
Tomato,APMC Pimpalgaon Baswant,2026-08-24,1405.0,Rs./Quintal,2906.1,Metric Tonnes
Tomato,APMC Pimpalgaon Baswant,2026-08-25,1455.0,Rs./Quintal,2403.1,Metric Tonnes
Tomato,APMC Pimpalgaon Baswant,2026-08-26,1255.0,Rs./Quintal,2650.0,Metric Tonnes
Tomato,APMC Pimpalgaon Baswant,2026-08-27,1155.0,Rs./Quintal,3222.9,Metric Tonnes
Tomato,APMC Pimpalgaon Baswant,2026-08-28,1305.0,Rs./Quintal,2563.7,Metric Tonnes
Tomato,APMC Pimpalgaon Baswant,2026-08-29,1405.0,Rs./Quintal,3023.3,Metric Tonnes
Tomato,APMC Pimpalgaon Baswant,2026-08-30,1555.0,Rs./Quintal,2171.3,Metric Tonnes
Tomato,APMC Pimpalgaon Baswant,2026-08-31,2125.0,Rs./Quintal,4303.6,Metric Tonnes
Tomato,APMC Pimpalgaon Baswant,2026-09-01,2505.0,Rs./Quintal,3316.5,Metric Tonnes
Tomato,APMC Pimpalgaon Baswant,2026-09-02,2055.0,Rs./Quintal,3714.9,Metric Tonnes
Tomato,APMC Pimpalgaon Baswant,2026-09-03,2105.0,Rs./Quintal,3556.3,Metric Tonnes
Tomato,APMC Pimpalgaon Baswant,2026-09-04,2005.0,Rs./Quintal,3904.8,Metric Tonnes
Tomato,APMC Pimpalgaon Baswant,2026-09-05,2255.0,Rs./Quintal,3254.0,Metric Tonnes
Tomato,APMC Pimpalgaon Baswant,2026-09-06,2005.0,Rs./Quintal,1995.7,Metric Tonnes
Tomato,APMC Pimpalgaon Baswant,2026-09-07,2295.0,Rs./Quintal,4408.9,Metric Tonnes
Tomato,APMC Pimpalgaon Baswant,2026-09-08,2005.0,Rs./Quintal,4479.0,Metric Tonnes
Tomato,APMC Pimpalgaon Baswant,2026-09-09,1755.0,Rs./Quintal,4257.3,Metric Tonnes
Tomato,APMC Pimpalgaon Baswant,2026-09-10,1505.0,Rs./Quintal,2906.5,Metric Tonnes
Tomato,APMC Pimpalgaon Baswant,2026-09-11,1355.0,Rs./Quintal,4257.3,Metric Tonnes
Tomato,APMC Pimpalgaon Baswant,2026-09-12,1405.0,Rs./Quintal,2705.6,Metric Tonnes
Tomato,APMC Pimpalgaon Baswant,2026-09-13,1455.0,Rs./Quintal,1909.2,Metric Tonnes
Tomato,APMC Pimpalgaon Baswant,2026-09-14,1755.0,Rs./Quintal,3105.7,Metric Tonnes
Tomato,APMC Pimpalgaon Baswant,2026-09-15,1405.0,Rs./Quintal,6309.0,Metric Tonnes
Tomato,APMC Pimpalgaon Baswant,2026-09-16,1005.0,Rs./Quintal,5412.6,Metric Tonnes
Tomato,APMC Pimpalgaon Baswant,2026-09-17,855.0,Rs./Quintal,5222.3,Metric Tonnes
Tomato,APMC Pimpalgaon Baswant,2026-09-18,805.0,Rs./Quintal,5018.9,Metric Tonnes
Tomato,APMC Pimpalgaon Baswant,2026-09-20,1805.0,Rs./Quintal,3991.4,Metric Tonnes
Tomato,APMC Pimpalgaon Baswant,2026-09-21,2055.0,Rs./Quintal,4906.3,Metric Tonnes
Tomato,APMC Pimpalgaon Baswant,2026-09-22,1605.0,Rs./Quintal,5109.9,Metric Tonnes
Tomato,APMC Pimpalgaon Baswant,2026-09-23,1655.0,Rs./Quintal,5807.5,Metric Tonnes
Tomato,APMC Pimpalgaon Baswant,2026-09-24,1905.0,Rs./Quintal,5323.2,Metric Tonnes
Tomato,APMC Pimpalgaon Baswant,2026-09-25,2005.0,Rs./Quintal,5517.3,Metric Tonnes
Tomato,APMC Pimpalgaon Baswant,2026-09-27,1405.0,Rs./Quintal,5703.8,Metric Tonnes
Tomato,APMC Pimpalgaon Baswant,2026-09-28,1455.0,Rs./Quintal,6711.7,Metric Tonnes
Tomato,APMC Pimpalgaon Baswant,2026-09-29,1505.0,Rs./Quintal,6688.4,Metric Tonnes
Tomato,APMC Pimpalgaon Baswant,2026-09-30,2255.0,Rs./Quintal,7924.3,Metric Tonnes
Tomato,APMC Pimpalgaon Baswant,2026-10-01,2205.0,Rs./Quintal,6615.7,Metric Tonnes
Tomato,APMC Pimpalgaon Baswant,2026-10-02,1905.0,Rs./Quintal,4422.6,Metric Tonnes
Tomato,APMC Pimpalgaon Baswant,2026-10-03,1555.0,Rs./Quintal,5556.6,Metric Tonnes
Tomato,APMC Pimpalgaon Baswant,2026-10-04,2005.0,Rs./Quintal,1900.0,Metric Tonnes
Tomato,APMC Pimpalgaon Baswant,2026-10-05,2255.0,Rs./Quintal,8806.9,Metric Tonnes
Tomato,APMC Pimpalgaon Baswant,2026-10-06,1905.0,Rs./Quintal,7611.3,Metric Tonnes
Brinjal,APMC Nasik,2024-01-01,4500.0,Rs./Quintal,11.0,Metric Tonnes
Brinjal,APMC Nasik,2024-01-02,7000.0,Rs./Quintal,9.0,Metric Tonnes
Brinjal,APMC Nasik,2024-01-03,4250.0,Rs./Quintal,8.0,Metric Tonnes
Brinjal,APMC Nasik,2024-01-04,4100.0,Rs./Quintal,9.0,Metric Tonnes
Brinjal,APMC Nasik,2024-01-05,4600.0,Rs./Quintal,8.0,Metric Tonnes
Brinjal,APMC Nasik,2024-01-06,4750.0,Rs./Quintal,8.0,Metric Tonnes
Brinjal,APMC Nasik,2024-01-08,4000.0,Rs./Quintal,17.0,Metric Tonnes
Brinjal,APMC Nasik,2024-01-09,6500.0,Rs./Quintal,15.0,Metric Tonnes
Brinjal,APMC Nasik,2024-01-10,6750.0,Rs./Quintal,12.0,Metric Tonnes
Brinjal,APMC Nasik,2024-01-11,6250.0,Rs./Quintal,10.0,Metric Tonnes
Brinjal,APMC Nasik,2024-01-12,6000.0,Rs./Quintal,6.0,Metric Tonnes
Brinjal,APMC Nasik,2024-01-13,5250.0,Rs./Quintal,7.0,Metric Tonnes
Brinjal,APMC Nasik,2024-01-14,5000.0,Rs./Quintal,11.0,Metric Tonnes
Brinjal,APMC Nasik,2024-01-15,5000.0,Rs./Quintal,8.0,Metric Tonnes
Brinjal,APMC Nasik,2024-01-16,5000.0,Rs./Quintal,9.0,Metric Tonnes
Brinjal,APMC Nasik,2024-01-17,6500.0,Rs./Quintal,8.0,Metric Tonnes
Brinjal,APMC Nasik,2024-01-18,5500.0,Rs./Quintal,7.0,Metric Tonnes
Brinjal,APMC Nasik,2024-01-19,5300.0,Rs./Quintal,11.0,Metric Tonnes
Brinjal,APMC Nasik,2024-01-20,4000.0,Rs./Quintal,13.0,Metric Tonnes
Brinjal,APMC Nasik,2024-01-21,4000.0,Rs./Quintal,9.0,Metric Tonnes
Brinjal,APMC Nasik,2024-01-22,3250.0,Rs./Quintal,7.0,Metric Tonnes
Brinjal,APMC Nasik,2024-01-23,3500.0,Rs./Quintal,8.0,Metric Tonnes
Brinjal,APMC Nasik,2024-01-24,4500.0,Rs./Quintal,14.0,Metric Tonnes
Brinjal,APMC Nasik,2024-01-25,4000.0,Rs./Quintal,14.0,Metric Tonnes
Brinjal,APMC Nasik,2024-01-28,5000.0,Rs./Quintal,14.0,Metric Tonnes
Brinjal,APMC Nasik,2024-01-29,4700.0,Rs./Quintal,16.0,Metric Tonnes
Brinjal,APMC Nasik,2024-01-30,2700.0,Rs./Quintal,17.0,Metric Tonnes
Brinjal,APMC Nasik,2024-01-31,2200.0,Rs./Quintal,19.0,Metric Tonnes
Brinjal,APMC Nasik,2024-02-01,3500.0,Rs./Quintal,14.0,Metric Tonnes
Brinjal,APMC Nasik,2024-02-02,4000.0,Rs./Quintal,15.0,Metric Tonnes
Brinjal,APMC Nasik,2024-02-05,2000.0,Rs./Quintal,17.0,Metric Tonnes
Brinjal,APMC Nasik,2024-02-06,1400.0,Rs./Quintal,17.0,Metric Tonnes
Brinjal,APMC Nasik,2024-02-07,3000.0,Rs./Quintal,15.0,Metric Tonnes
Brinjal,APMC Nasik,2024-02-08,4000.0,Rs./Quintal,21.0,Metric Tonnes
Brinjal,APMC Nasik,2024-02-09,1400.0,Rs./Quintal,23.0,Metric Tonnes
Brinjal,APMC Nasik,2024-02-10,1300.0,Rs./Quintal,33.0,Metric Tonnes
Brinjal,APMC Nasik,2024-02-11,1500.0,Rs./Quintal,32.0,Metric Tonnes
Brinjal,APMC Nasik,2024-02-12,1500.0,Rs./Quintal,20.0,Metric Tonnes
Brinjal,APMC Nasik,2024-02-13,3000.0,Rs./Quintal,19.0,Metric Tonnes
Brinjal,APMC Nasik,2024-02-14,1500.0,Rs./Quintal,14.0,Metric Tonnes
Brinjal,APMC Nasik,2024-02-15,2500.0,Rs./Quintal,20.0,Metric Tonnes
Brinjal,APMC Nasik,2024-02-16,1750.0,Rs./Quintal,14.0,Metric Tonnes
Brinjal,APMC Nasik,2024-02-17,1500.0,Rs./Quintal,17.0,Metric Tonnes
Brinjal,APMC Nasik,2024-02-19,2250.0,Rs./Quintal,14.0,Metric Tonnes
Brinjal,APMC Nasik,2024-02-20,3000.0,Rs./Quintal,16.0,Metric Tonnes
Brinjal,APMC Nasik,2024-02-21,3000.0,Rs./Quintal,16.0,Metric Tonnes
Brinjal,APMC Nasik,2024-02-22,2300.0,Rs./Quintal,15.0,Metric Tonnes
Brinjal,APMC Nasik,2024-02-23,1800.0,Rs./Quintal,17.0,Metric Tonnes
Brinjal,APMC Nasik,2024-02-24,2500.0,Rs./Quintal,13.0,Metric Tonnes
Brinjal,APMC Nasik,2024-02-27,2800.0,Rs./Quintal,31.0,Metric Tonnes
Brinjal,APMC Nasik,2024-02-28,2500.0,Rs./Quintal,11.6,Metric Tonnes
Brinjal,APMC Nasik,2024-02-29,2200.0,Rs./Quintal,20.7,Metric Tonnes
Brinjal,APMC Nasik,2024-03-01,2150.0,Rs./Quintal,25.5,Metric Tonnes
Brinjal,APMC Nasik,2024-03-02,3000.0,Rs./Quintal,21.6,Metric Tonnes
Brinjal,APMC Nasik,2024-03-04,2400.0,Rs./Quintal,17.1,Metric Tonnes
Brinjal,APMC Nasik,2024-03-05,2850.0,Rs./Quintal,49.1,Metric Tonnes
Brinjal,APMC Nasik,2024-03-06,2900.0,Rs./Quintal,32.5,Metric Tonnes
Brinjal,APMC Nasik,2024-03-07,2250.0,Rs./Quintal,19.9,Metric Tonnes
Brinjal,APMC Nasik,2024-03-08,2500.0,Rs./Quintal,15.8,Metric Tonnes
Brinjal,APMC Nasik,2024-03-09,2250.0,Rs./Quintal,22.8,Metric Tonnes
Brinjal,APMC Nasik,2024-03-10,2500.0,Rs./Quintal,22.3,Metric Tonnes
Brinjal,APMC Nasik,2024-03-11,2800.0,Rs./Quintal,24.4,Metric Tonnes
Brinjal,APMC Nasik,2024-03-12,3000.0,Rs./Quintal,24.9,Metric Tonnes
Brinjal,APMC Nasik,2024-03-19,3200.0,Rs./Quintal,20.5,Metric Tonnes
Brinjal,APMC Nasik,2024-03-20,2250.0,Rs./Quintal,22.8,Metric Tonnes
Brinjal,APMC Nasik,2024-03-21,2750.0,Rs./Quintal,18.3,Metric Tonnes
Brinjal,APMC Nasik,2024-03-22,2250.0,Rs./Quintal,18.7,Metric Tonnes
Brinjal,APMC Nasik,2024-03-23,2000.0,Rs./Quintal,21.6,Metric Tonnes
Brinjal,APMC Nasik,2024-03-24,2200.0,Rs./Quintal,106.6,Metric Tonnes
Brinjal,APMC Nasik,2024-03-25,2750.0,Rs./Quintal,14.8,Metric Tonnes
Brinjal,APMC Nasik,2024-03-26,2700.0,Rs./Quintal,18.3,Metric Tonnes
Brinjal,APMC Nasik,2024-03-27,3250.0,Rs./Quintal,20.1,Metric Tonnes
Brinjal,APMC Nasik,2024-03-28,2500.0,Rs./Quintal,20.9,Metric Tonnes
Brinjal,APMC Nasik,2024-03-29,2250.0,Rs./Quintal,16.4,Metric Tonnes
Brinjal,APMC Nasik,2024-03-30,2400.0,Rs./Quintal,21.6,Metric Tonnes
Brinjal,APMC Nasik,2024-03-31,1700.0,Rs./Quintal,21.7,Metric Tonnes
Brinjal,APMC Nasik,2024-04-01,2250.0,Rs./Quintal,16.2,Metric Tonnes
Brinjal,APMC Nasik,2024-04-02,2500.0,Rs./Quintal,1.4,Metric Tonnes
Brinjal,APMC Nasik,2024-04-03,3000.0,Rs./Quintal,17.0,Metric Tonnes
Brinjal,APMC Nasik,2024-04-04,3000.0,Rs./Quintal,18.6,Metric Tonnes
Brinjal,APMC Nasik,2024-04-05,3000.0,Rs./Quintal,20.2,Metric Tonnes
Brinjal,APMC Nasik,2024-04-06,2600.0,Rs./Quintal,22.0,Metric Tonnes
Brinjal,APMC Nasik,2024-04-07,3000.0,Rs./Quintal,24.3,Metric Tonnes
Brinjal,APMC Nasik,2024-04-08,3000.0,Rs./Quintal,13.6,Metric Tonnes
Brinjal,APMC Nasik,2024-04-09,3300.0,Rs./Quintal,8.9,Metric Tonnes
Brinjal,APMC Nasik,2024-04-13,2500.0,Rs./Quintal,34.4,Metric Tonnes
Brinjal,APMC Nasik,2024-04-15,1700.0,Rs./Quintal,30.2,Metric Tonnes
Brinjal,APMC Nasik,2024-04-19,2500.0,Rs./Quintal,24.8,Metric Tonnes
Brinjal,APMC Nasik,2024-04-22,3700.0,Rs./Quintal,30.1,Metric Tonnes
Brinjal,APMC Nasik,2024-04-23,3000.0,Rs./Quintal,32.6,Metric Tonnes
Brinjal,APMC Nasik,2024-04-24,3300.0,Rs./Quintal,30.3,Metric Tonnes
Brinjal,APMC Nasik,2024-04-25,3100.0,Rs./Quintal,25.4,Metric Tonnes
Brinjal,APMC Nasik,2024-04-26,2750.0,Rs./Quintal,20.4,Metric Tonnes
Brinjal,APMC Nasik,2024-04-27,2250.0,Rs./Quintal,30.8,Metric Tonnes
Brinjal,APMC Nasik,2024-04-28,2000.0,Rs./Quintal,39.8,Metric Tonnes
Brinjal,APMC Nasik,2024-04-29,2350.0,Rs./Quintal,44.1,Metric Tonnes
Brinjal,APMC Nasik,2024-04-30,2500.0,Rs./Quintal,44.8,Metric Tonnes
Brinjal,APMC Nasik,2024-05-01,3000.0,Rs./Quintal,25.8,Metric Tonnes
Brinjal,APMC Nasik,2024-05-02,3000.0,Rs./Quintal,23.7,Metric Tonnes
Brinjal,APMC Nasik,2024-05-03,4000.0,Rs./Quintal,13.8,Metric Tonnes
Brinjal,APMC Nasik,2024-05-04,3700.0,Rs./Quintal,16.0,Metric Tonnes
Brinjal,APMC Nasik,2024-05-05,3500.0,Rs./Quintal,34.8,Metric Tonnes
Brinjal,APMC Nasik,2024-05-06,3400.0,Rs./Quintal,33.3,Metric Tonnes
Brinjal,APMC Nasik,2024-05-07,3800.0,Rs./Quintal,35.9,Metric Tonnes
Brinjal,APMC Nasik,2024-05-08,2700.0,Rs./Quintal,29.7,Metric Tonnes
Brinjal,APMC Nasik,2024-05-09,2800.0,Rs./Quintal,26.8,Metric Tonnes
Brinjal,APMC Nasik,2024-05-10,3000.0,Rs./Quintal,31.7,Metric Tonnes
Brinjal,APMC Nasik,2024-05-11,2800.0,Rs./Quintal,56.0,Metric Tonnes
Brinjal,APMC Nasik,2024-05-12,2500.0,Rs./Quintal,45.8,Metric Tonnes
Brinjal,APMC Nasik,2024-05-13,2200.0,Rs./Quintal,31.6,Metric Tonnes
Brinjal,APMC Nasik,2024-05-14,2200.0,Rs./Quintal,33.9,Metric Tonnes
Brinjal,APMC Nasik,2024-05-15,2850.0,Rs./Quintal,25.7,Metric Tonnes
Brinjal,APMC Nasik,2024-05-16,2500.0,Rs./Quintal,27.9,Metric Tonnes
Brinjal,APMC Nasik,2024-05-17,2800.0,Rs./Quintal,32.0,Metric Tonnes
Brinjal,APMC Nasik,2024-05-18,1800.0,Rs./Quintal,67.0,Metric Tonnes
Brinjal,APMC Nasik,2024-05-19,2000.0,Rs./Quintal,49.3,Metric Tonnes
Brinjal,APMC Nasik,2024-05-20,2500.0,Rs./Quintal,15.9,Metric Tonnes
Brinjal,APMC Nasik,2024-05-21,2200.0,Rs./Quintal,44.2,Metric Tonnes
Brinjal,APMC Nasik,2024-05-22,2200.0,Rs./Quintal,54.0,Metric Tonnes
Brinjal,APMC Nasik,2024-05-23,3000.0,Rs./Quintal,38.8,Metric Tonnes
Brinjal,APMC Nasik,2024-05-24,2700.0,Rs./Quintal,27.4,Metric Tonnes
Brinjal,APMC Nasik,2024-05-25,2300.0,Rs./Quintal,54.6,Metric Tonnes
Brinjal,APMC Nasik,2024-05-26,2100.0,Rs./Quintal,67.1,Metric Tonnes
Brinjal,APMC Nasik,2024-05-27,2500.0,Rs./Quintal,47.0,Metric Tonnes
Brinjal,APMC Nasik,2024-05-28,3000.0,Rs./Quintal,48.5,Metric Tonnes
Brinjal,APMC Nasik,2024-05-29,3000.0,Rs./Quintal,41.4,Metric Tonnes
Brinjal,APMC Nasik,2024-05-30,3000.0,Rs./Quintal,46.2,Metric Tonnes
Brinjal,APMC Nasik,2024-05-31,2900.0,Rs./Quintal,41.9,Metric Tonnes
Brinjal,APMC Nasik,2024-06-01,3000.0,Rs./Quintal,19.0,Metric Tonnes
Brinjal,APMC Nasik,2024-06-02,2800.0,Rs./Quintal,57.0,Metric Tonnes
Brinjal,APMC Nasik,2024-06-03,3700.0,Rs./Quintal,56.1,Metric Tonnes
Brinjal,APMC Nasik,2024-06-04,3000.0,Rs./Quintal,63.4,Metric Tonnes
Brinjal,APMC Nasik,2024-06-05,2600.0,Rs./Quintal,63.1,Metric Tonnes
Brinjal,APMC Nasik,2024-06-06,3800.0,Rs./Quintal,60.3,Metric Tonnes
Brinjal,APMC Nasik,2024-06-07,3350.0,Rs./Quintal,32.0,Metric Tonnes
Brinjal,APMC Nasik,2024-06-08,3400.0,Rs./Quintal,36.3,Metric Tonnes
Brinjal,APMC Nasik,2024-06-09,3000.0,Rs./Quintal,41.3,Metric Tonnes
Brinjal,APMC Nasik,2024-06-10,3800.0,Rs./Quintal,37.1,Metric Tonnes
Brinjal,APMC Nasik,2024-06-11,4500.0,Rs./Quintal,49.8,Metric Tonnes
Brinjal,APMC Nasik,2024-06-12,3500.0,Rs./Quintal,55.9,Metric Tonnes
Brinjal,APMC Nasik,2024-06-13,5000.0,Rs./Quintal,49.7,Metric Tonnes
Brinjal,APMC Nasik,2024-06-14,3750.0,Rs./Quintal,29.5,Metric Tonnes
Brinjal,APMC Nasik,2024-06-15,3500.0,Rs./Quintal,18.5,Metric Tonnes
Brinjal,APMC Nasik,2024-06-16,4100.0,Rs./Quintal,22.4,Metric Tonnes
Brinjal,APMC Nasik,2024-06-17,4000.0,Rs./Quintal,35.5,Metric Tonnes
Brinjal,APMC Nasik,2024-06-18,4000.0,Rs./Quintal,44.3,Metric Tonnes
Brinjal,APMC Nasik,2024-06-19,3800.0,Rs./Quintal,51.4,Metric Tonnes
Brinjal,APMC Nasik,2024-06-20,3700.0,Rs./Quintal,48.8,Metric Tonnes
Brinjal,APMC Nasik,2024-06-21,3800.0,Rs./Quintal,26.6,Metric Tonnes
Brinjal,APMC Nasik,2024-06-22,3350.0,Rs./Quintal,18.8,Metric Tonnes
Brinjal,APMC Nasik,2024-06-24,4000.0,Rs./Quintal,38.1,Metric Tonnes
Brinjal,APMC Nasik,2024-06-25,5000.0,Rs./Quintal,50.8,Metric Tonnes
Brinjal,APMC Nasik,2024-06-26,4000.0,Rs./Quintal,65.5,Metric Tonnes
Brinjal,APMC Nasik,2024-06-27,3200.0,Rs./Quintal,74.1,Metric Tonnes
Brinjal,APMC Nasik,2024-06-28,4000.0,Rs./Quintal,63.3,Metric Tonnes
Brinjal,APMC Nasik,2024-06-29,3800.0,Rs./Quintal,42.1,Metric Tonnes
Brinjal,APMC Nasik,2024-06-30,3800.0,Rs./Quintal,51.7,Metric Tonnes
Brinjal,APMC Nasik,2024-07-01,4000.0,Rs./Quintal,40.1,Metric Tonnes
Brinjal,APMC Nasik,2024-07-02,4000.0,Rs./Quintal,46.4,Metric Tonnes
Brinjal,APMC Nasik,2024-07-03,4800.0,Rs./Quintal,38.9,Metric Tonnes
Brinjal,APMC Nasik,2024-07-04,3500.0,Rs./Quintal,38.2,Metric Tonnes
Brinjal,APMC Nasik,2024-07-05,4000.0,Rs./Quintal,24.7,Metric Tonnes
Brinjal,APMC Nasik,2024-07-06,5200.0,Rs./Quintal,33.7,Metric Tonnes
Brinjal,APMC Nasik,2024-07-07,4100.0,Rs./Quintal,49.3,Metric Tonnes
Brinjal,APMC Nasik,2024-07-08,2750.0,Rs./Quintal,17.4,Metric Tonnes
Brinjal,APMC Nasik,2024-07-09,3000.0,Rs./Quintal,45.6,Metric Tonnes
Brinjal,APMC Nasik,2024-07-10,2900.0,Rs./Quintal,50.4,Metric Tonnes
Brinjal,APMC Nasik,2024-07-11,3000.0,Rs./Quintal,18.6,Metric Tonnes
Brinjal,APMC Nasik,2024-07-12,2250.0,Rs./Quintal,22.3,Metric Tonnes
Brinjal,APMC Nasik,2024-07-13,3200.0,Rs./Quintal,39.5,Metric Tonnes
Brinjal,APMC Nasik,2024-07-15,3000.0,Rs./Quintal,42.9,Metric Tonnes
Brinjal,APMC Nasik,2024-07-16,3200.0,Rs./Quintal,38.6,Metric Tonnes
Brinjal,APMC Nasik,2024-07-17,2900.0,Rs./Quintal,42.3,Metric Tonnes
Brinjal,APMC Nasik,2024-07-18,3000.0,Rs./Quintal,31.6,Metric Tonnes
Brinjal,APMC Nasik,2024-07-19,2200.0,Rs./Quintal,20.8,Metric Tonnes
Brinjal,APMC Nasik,2024-07-20,2100.0,Rs./Quintal,40.0,Metric Tonnes
Brinjal,APMC Nasik,2024-07-22,4000.0,Rs./Quintal,40.9,Metric Tonnes
Brinjal,APMC Nasik,2024-07-23,4000.0,Rs./Quintal,42.6,Metric Tonnes
Brinjal,APMC Nasik,2024-07-24,3800.0,Rs./Quintal,47.4,Metric Tonnes
Brinjal,APMC Nasik,2024-07-25,3000.0,Rs./Quintal,39.4,Metric Tonnes
Brinjal,APMC Nasik,2024-07-26,4500.0,Rs./Quintal,43.6,Metric Tonnes
Brinjal,APMC Nasik,2024-07-27,4300.0,Rs./Quintal,43.3,Metric Tonnes
Brinjal,APMC Nasik,2024-07-29,4500.0,Rs./Quintal,44.8,Metric Tonnes
Brinjal,APMC Nasik,2024-07-30,5200.0,Rs./Quintal,46.3,Metric Tonnes
Brinjal,APMC Nasik,2024-07-31,4800.0,Rs./Quintal,45.5,Metric Tonnes
Brinjal,APMC Nasik,2024-08-01,4250.0,Rs./Quintal,45.8,Metric Tonnes
Brinjal,APMC Nasik,2024-08-02,4250.0,Rs./Quintal,27.1,Metric Tonnes
Brinjal,APMC Nasik,2024-08-03,4500.0,Rs./Quintal,35.3,Metric Tonnes
Brinjal,APMC Nasik,2024-08-04,6000.0,Rs./Quintal,15.7,Metric Tonnes
Brinjal,APMC Nasik,2024-08-05,6000.0,Rs./Quintal,15.0,Metric Tonnes
Brinjal,APMC Nasik,2024-08-06,5000.0,Rs./Quintal,33.7,Metric Tonnes
Brinjal,APMC Nasik,2024-08-07,6000.0,Rs./Quintal,26.0,Metric Tonnes
Brinjal,APMC Nasik,2024-08-08,6000.0,Rs./Quintal,15.6,Metric Tonnes
Brinjal,APMC Nasik,2024-08-09,4750.0,Rs./Quintal,14.9,Metric Tonnes
Brinjal,APMC Nasik,2024-08-10,4000.0,Rs./Quintal,16.1,Metric Tonnes
Brinjal,APMC Nasik,2024-08-11,5000.0,Rs./Quintal,18.5,Metric Tonnes
Brinjal,APMC Nasik,2024-08-12,5500.0,Rs./Quintal,18.3,Metric Tonnes
Brinjal,APMC Nasik,2024-08-13,5500.0,Rs./Quintal,17.9,Metric Tonnes
Brinjal,APMC Nasik,2024-08-14,5000.0,Rs./Quintal,31.5,Metric Tonnes
Brinjal,APMC Nasik,2024-08-17,5750.0,Rs./Quintal,16.3,Metric Tonnes
Brinjal,APMC Nasik,2024-08-20,3500.0,Rs./Quintal,17.3,Metric Tonnes
Brinjal,APMC Nasik,2024-08-21,3000.0,Rs./Quintal,17.3,Metric Tonnes
Brinjal,APMC Nasik,2024-08-22,4500.0,Rs./Quintal,17.2,Metric Tonnes
Brinjal,APMC Nasik,2024-08-23,1700.0,Rs./Quintal,21.7,Metric Tonnes
Brinjal,APMC Nasik,2024-08-25,3000.0,Rs./Quintal,15.7,Metric Tonnes
Brinjal,APMC Nasik,2024-08-26,2250.0,Rs./Quintal,14.3,Metric Tonnes
Brinjal,APMC Nasik,2024-08-27,2700.0,Rs./Quintal,14.5,Metric Tonnes
Brinjal,APMC Nasik,2024-08-28,3250.0,Rs./Quintal,19.6,Metric Tonnes
Brinjal,APMC Nasik,2024-08-29,5000.0,Rs./Quintal,19.8,Metric Tonnes
Brinjal,APMC Nasik,2024-08-30,3600.0,Rs./Quintal,18.8,Metric Tonnes
Brinjal,APMC Nasik,2024-08-31,6000.0,Rs./Quintal,17.7,Metric Tonnes
Brinjal,APMC Nasik,2024-09-01,5000.0,Rs./Quintal,14.1,Metric Tonnes
Brinjal,APMC Nasik,2024-09-02,6000.0,Rs./Quintal,9.7,Metric Tonnes
Brinjal,APMC Nasik,2024-09-03,6000.0,Rs./Quintal,10.0,Metric Tonnes
Brinjal,APMC Nasik,2024-09-04,4000.0,Rs./Quintal,11.7,Metric Tonnes
Brinjal,APMC Nasik,2024-09-05,4500.0,Rs./Quintal,11.2,Metric Tonnes
Brinjal,APMC Nasik,2024-09-06,6000.0,Rs./Quintal,16.8,Metric Tonnes
Brinjal,APMC Nasik,2024-09-07,4500.0,Rs./Quintal,14.0,Metric Tonnes
Brinjal,APMC Nasik,2024-09-08,5500.0,Rs./Quintal,15.0,Metric Tonnes
Brinjal,APMC Nasik,2024-09-09,6000.0,Rs./Quintal,14.2,Metric Tonnes
Brinjal,APMC Nasik,2024-09-10,5000.0,Rs./Quintal,16.2,Metric Tonnes
Brinjal,APMC Nasik,2024-09-11,6000.0,Rs./Quintal,16.2,Metric Tonnes
Brinjal,APMC Nasik,2024-09-12,3500.0,Rs./Quintal,18.5,Metric Tonnes
Brinjal,APMC Nasik,2024-09-13,5500.0,Rs./Quintal,16.5,Metric Tonnes
Brinjal,APMC Nasik,2024-09-14,4100.0,Rs./Quintal,22.2,Metric Tonnes
Brinjal,APMC Nasik,2024-09-15,6000.0,Rs./Quintal,24.1,Metric Tonnes
Brinjal,APMC Nasik,2024-09-16,4500.0,Rs./Quintal,18.5,Metric Tonnes
Brinjal,APMC Nasik,2024-09-17,4500.0,Rs./Quintal,11.2,Metric Tonnes
Brinjal,APMC Nasik,2024-09-18,4500.0,Rs./Quintal,20.3,Metric Tonnes
Brinjal,APMC Nasik,2024-09-19,4000.0,Rs./Quintal,18.6,Metric Tonnes
Brinjal,APMC Nasik,2024-09-20,4000.0,Rs./Quintal,30.4,Metric Tonnes
Brinjal,APMC Nasik,2024-09-21,3500.0,Rs./Quintal,29.1,Metric Tonnes
Brinjal,APMC Nasik,2024-09-22,5000.0,Rs./Quintal,23.1,Metric Tonnes
Brinjal,APMC Nasik,2024-09-23,4000.0,Rs./Quintal,27.7,Metric Tonnes
Brinjal,APMC Nasik,2024-09-24,3300.0,Rs./Quintal,30.1,Metric Tonnes
Brinjal,APMC Nasik,2024-09-25,4000.0,Rs./Quintal,31.1,Metric Tonnes
Brinjal,APMC Nasik,2024-09-26,2300.0,Rs./Quintal,33.8,Metric Tonnes
Brinjal,APMC Nasik,2024-09-27,2500.0,Rs./Quintal,32.3,Metric Tonnes
Brinjal,APMC Nasik,2024-09-28,3000.0,Rs./Quintal,31.5,Metric Tonnes
Brinjal,APMC Nasik,2024-09-29,3500.0,Rs./Quintal,33.5,Metric Tonnes
Brinjal,APMC Nasik,2024-09-30,4500.0,Rs./Quintal,25.3,Metric Tonnes
Brinjal,APMC Nasik,2024-10-01,4000.0,Rs./Quintal,22.8,Metric Tonnes
Brinjal,APMC Nasik,2024-10-02,5000.0,Rs./Quintal,21.6,Metric Tonnes
Brinjal,APMC Nasik,2024-10-03,3500.0,Rs./Quintal,18.3,Metric Tonnes
Brinjal,APMC Nasik,2024-10-04,3500.0,Rs./Quintal,21.9,Metric Tonnes
Brinjal,APMC Nasik,2024-10-05,3500.0,Rs./Quintal,21.9,Metric Tonnes
Brinjal,APMC Nasik,2024-10-06,4000.0,Rs./Quintal,26.7,Metric Tonnes
Brinjal,APMC Nasik,2024-10-07,4000.0,Rs./Quintal,30.4,Metric Tonnes
Brinjal,APMC Nasik,2024-10-09,4500.0,Rs./Quintal,29.2,Metric Tonnes
Brinjal,APMC Nasik,2024-10-10,3000.0,Rs./Quintal,30.7,Metric Tonnes
Brinjal,APMC Nasik,2024-10-11,4100.0,Rs./Quintal,37.2,Metric Tonnes
Brinjal,APMC Nasik,2024-10-12,5500.0,Rs./Quintal,24.6,Metric Tonnes
Brinjal,APMC Nasik,2024-10-13,4000.0,Rs./Quintal,14.3,Metric Tonnes
Brinjal,APMC Nasik,2024-10-14,5000.0,Rs./Quintal,34.5,Metric Tonnes
Brinjal,APMC Nasik,2024-10-15,4000.0,Rs./Quintal,31.8,Metric Tonnes
Brinjal,APMC Nasik,2024-10-16,4500.0,Rs./Quintal,16.4,Metric Tonnes
Brinjal,APMC Nasik,2024-10-17,5200.0,Rs./Quintal,44.5,Metric Tonnes
Brinjal,APMC Nasik,2024-10-18,5250.0,Rs./Quintal,38.4,Metric Tonnes
Brinjal,APMC Nasik,2024-10-19,6000.0,Rs./Quintal,15.9,Metric Tonnes
Brinjal,APMC Nasik,2024-10-20,4000.0,Rs./Quintal,25.6,Metric Tonnes
Brinjal,APMC Nasik,2024-10-21,6000.0,Rs./Quintal,33.3,Metric Tonnes
Brinjal,APMC Nasik,2024-10-22,6000.0,Rs./Quintal,34.6,Metric Tonnes
Brinjal,APMC Nasik,2024-10-23,5000.0,Rs./Quintal,36.9,Metric Tonnes
Brinjal,APMC Nasik,2024-10-24,7000.0,Rs./Quintal,27.4,Metric Tonnes
Brinjal,APMC Nasik,2024-10-25,6500.0,Rs./Quintal,29.9,Metric Tonnes
Brinjal,APMC Nasik,2024-10-26,5500.0,Rs./Quintal,27.8,Metric Tonnes
Brinjal,APMC Nasik,2024-10-27,4500.0,Rs./Quintal,24.8,Metric Tonnes
Brinjal,APMC Nasik,2024-10-28,8000.0,Rs./Quintal,13.8,Metric Tonnes
Brinjal,APMC Nasik,2024-10-29,7500.0,Rs./Quintal,20.5,Metric Tonnes
Brinjal,APMC Nasik,2024-10-30,6500.0,Rs./Quintal,19.9,Metric Tonnes
Brinjal,APMC Nasik,2024-11-01,5500.0,Rs./Quintal,6.6,Metric Tonnes
Brinjal,APMC Nasik,2024-11-02,8000.0,Rs./Quintal,8.0,Metric Tonnes
Brinjal,APMC Nasik,2024-11-03,7500.0,Rs./Quintal,12.9,Metric Tonnes
Brinjal,APMC Nasik,2024-11-04,650.0,Rs./Quintal,14.5,Metric Tonnes
Brinjal,APMC Nasik,2024-11-05,8500.0,Rs./Quintal,15.7,Metric Tonnes
Brinjal,APMC Nasik,2024-11-06,7500.0,Rs./Quintal,14.8,Metric Tonnes
Brinjal,APMC Nasik,2024-11-07,6500.0,Rs./Quintal,15.8,Metric Tonnes
Brinjal,APMC Nasik,2024-11-08,7000.0,Rs./Quintal,7.6,Metric Tonnes
Brinjal,APMC Nasik,2024-11-09,8000.0,Rs./Quintal,12.2,Metric Tonnes
Brinjal,APMC Nasik,2024-11-10,6500.0,Rs./Quintal,9.3,Metric Tonnes
Brinjal,APMC Nasik,2024-11-11,6500.0,Rs./Quintal,13.1,Metric Tonnes
Brinjal,APMC Nasik,2024-11-12,8000.0,Rs./Quintal,14.1,Metric Tonnes
Brinjal,APMC Nasik,2024-11-13,7500.0,Rs./Quintal,14.9,Metric Tonnes
Brinjal,APMC Nasik,2024-11-14,8000.0,Rs./Quintal,15.6,Metric Tonnes
Brinjal,APMC Nasik,2024-11-15,8500.0,Rs./Quintal,15.0,Metric Tonnes
Brinjal,APMC Nasik,2024-11-16,8000.0,Rs./Quintal,21.9,Metric Tonnes
Brinjal,APMC Nasik,2024-11-17,7500.0,Rs./Quintal,14.4,Metric Tonnes
Brinjal,APMC Nasik,2024-11-18,6500.0,Rs./Quintal,17.9,Metric Tonnes
Brinjal,APMC Nasik,2024-11-19,5500.0,Rs./Quintal,17.3,Metric Tonnes
Brinjal,APMC Nasik,2024-11-21,6400.0,Rs./Quintal,15.4,Metric Tonnes
Brinjal,APMC Nasik,2024-11-22,6500.0,Rs./Quintal,13.4,Metric Tonnes
Brinjal,APMC Nasik,2024-11-23,6000.0,Rs./Quintal,14.2,Metric Tonnes
Brinjal,APMC Nasik,2024-11-24,6000.0,Rs./Quintal,14.1,Metric Tonnes
Brinjal,APMC Nasik,2024-11-25,5500.0,Rs./Quintal,17.7,Metric Tonnes
Brinjal,APMC Nasik,2024-11-26,4500.0,Rs./Quintal,15.8,Metric Tonnes
Brinjal,APMC Nasik,2024-11-27,5000.0,Rs./Quintal,19.0,Metric Tonnes
Brinjal,APMC Nasik,2024-11-28,6000.0,Rs./Quintal,9.4,Metric Tonnes
Brinjal,APMC Nasik,2024-11-30,4000.0,Rs./Quintal,15.4,Metric Tonnes
Brinjal,APMC Nasik,2024-12-01,5000.0,Rs./Quintal,14.7,Metric Tonnes
Brinjal,APMC Nasik,2024-12-02,5000.0,Rs./Quintal,16.8,Metric Tonnes
Brinjal,APMC Nasik,2024-12-03,4500.0,Rs./Quintal,26.5,Metric Tonnes
Brinjal,APMC Nasik,2024-12-04,4000.0,Rs./Quintal,24.3,Metric Tonnes
Brinjal,APMC Nasik,2024-12-06,1300.0,Rs./Quintal,37.3,Metric Tonnes
Brinjal,APMC Nasik,2024-12-07,2800.0,Rs./Quintal,41.1,Metric Tonnes
Brinjal,APMC Nasik,2024-12-08,1700.0,Rs./Quintal,18.0,Metric Tonnes
Brinjal,APMC Nasik,2024-12-09,3500.0,Rs./Quintal,15.6,Metric Tonnes
Brinjal,APMC Nasik,2024-12-10,4300.0,Rs./Quintal,14.6,Metric Tonnes
Brinjal,APMC Nasik,2024-12-11,3000.0,Rs./Quintal,14.4,Metric Tonnes
Brinjal,APMC Nasik,2024-12-12,2700.0,Rs./Quintal,17.9,Metric Tonnes
Brinjal,APMC Nasik,2024-12-13,4000.0,Rs./Quintal,18.6,Metric Tonnes
Brinjal,APMC Nasik,2024-12-14,4000.0,Rs./Quintal,14.6,Metric Tonnes
Brinjal,APMC Nasik,2024-12-15,3000.0,Rs./Quintal,15.1,Metric Tonnes
Brinjal,APMC Nasik,2024-12-16,4500.0,Rs./Quintal,16.0,Metric Tonnes
Brinjal,APMC Nasik,2024-12-17,3500.0,Rs./Quintal,15.0,Metric Tonnes
Brinjal,APMC Nasik,2024-12-18,2500.0,Rs./Quintal,17.7,Metric Tonnes
Brinjal,APMC Nasik,2024-12-19,3500.0,Rs./Quintal,15.6,Metric Tonnes
Brinjal,APMC Nasik,2024-12-20,4500.0,Rs./Quintal,15.4,Metric Tonnes
Brinjal,APMC Nasik,2024-12-21,3800.0,Rs./Quintal,14.6,Metric Tonnes
Brinjal,APMC Nasik,2024-12-22,4500.0,Rs./Quintal,16.8,Metric Tonnes
Brinjal,APMC Nasik,2024-12-23,4000.0,Rs./Quintal,22.5,Metric Tonnes
Brinjal,APMC Nasik,2024-12-24,3400.0,Rs./Quintal,20.5,Metric Tonnes
Brinjal,APMC Nasik,2024-12-25,1750.0,Rs./Quintal,23.1,Metric Tonnes
Brinjal,APMC Nasik,2024-12-26,2700.0,Rs./Quintal,22.0,Metric Tonnes
Brinjal,APMC Nasik,2024-12-27,2500.0,Rs./Quintal,28.0,Metric Tonnes
Brinjal,APMC Nasik,2024-12-28,3800.0,Rs./Quintal,27.0,Metric Tonnes
Brinjal,APMC Nasik,2024-12-29,2250.0,Rs./Quintal,16.9,Metric Tonnes
Brinjal,APMC Nasik,2024-12-30,3000.0,Rs./Quintal,29.7,Metric Tonnes
Brinjal,APMC Nasik,2024-12-31,2300.0,Rs./Quintal,23.3,Metric Tonnes
Brinjal,APMC Nasik,2025-01-01,4000.0,Rs./Quintal,32.8,Metric Tonnes
Brinjal,APMC Nasik,2025-01-02,3500.0,Rs./Quintal,29.6,Metric Tonnes
Brinjal,APMC Nasik,2025-01-03,3000.0,Rs./Quintal,23.2,Metric Tonnes
Brinjal,APMC Nasik,2025-01-04,2500.0,Rs./Quintal,22.7,Metric Tonnes
Brinjal,APMC Nasik,2025-01-05,3000.0,Rs./Quintal,13.2,Metric Tonnes
Brinjal,APMC Nasik,2025-01-06,4000.0,Rs./Quintal,14.7,Metric Tonnes
Brinjal,APMC Nasik,2025-01-07,4700.0,Rs./Quintal,15.6,Metric Tonnes
Brinjal,APMC Nasik,2025-01-08,5500.0,Rs./Quintal,14.5,Metric Tonnes
Brinjal,APMC Nasik,2025-01-09,3000.0,Rs./Quintal,14.6,Metric Tonnes
Brinjal,APMC Nasik,2025-01-10,4000.0,Rs./Quintal,14.4,Metric Tonnes
Brinjal,APMC Nasik,2025-01-11,4500.0,Rs./Quintal,10.4,Metric Tonnes
Brinjal,APMC Nasik,2025-01-12,3500.0,Rs./Quintal,12.2,Metric Tonnes
Brinjal,APMC Nasik,2025-01-13,4000.0,Rs./Quintal,12.3,Metric Tonnes
Brinjal,APMC Nasik,2025-01-14,5000.0,Rs./Quintal,9.2,Metric Tonnes
Brinjal,APMC Nasik,2025-01-15,5000.0,Rs./Quintal,15.8,Metric Tonnes
Brinjal,APMC Nasik,2025-01-16,4000.0,Rs./Quintal,15.6,Metric Tonnes
Brinjal,APMC Nasik,2025-01-17,3500.0,Rs./Quintal,14.2,Metric Tonnes
Brinjal,APMC Nasik,2025-01-18,3000.0,Rs./Quintal,12.3,Metric Tonnes
Brinjal,APMC Nasik,2025-01-19,3000.0,Rs./Quintal,17.5,Metric Tonnes
Brinjal,APMC Nasik,2025-01-20,3250.0,Rs./Quintal,15.0,Metric Tonnes
Brinjal,APMC Nasik,2025-01-21,3000.0,Rs./Quintal,15.5,Metric Tonnes
Brinjal,APMC Nasik,2025-01-22,3500.0,Rs./Quintal,17.8,Metric Tonnes
Brinjal,APMC Nasik,2025-01-23,4000.0,Rs./Quintal,35.0,Metric Tonnes
Brinjal,APMC Nasik,2025-01-24,3500.0,Rs./Quintal,32.6,Metric Tonnes
Brinjal,APMC Nasik,2025-01-25,3500.0,Rs./Quintal,30.6,Metric Tonnes
Brinjal,APMC Nasik,2025-01-26,3500.0,Rs./Quintal,18.0,Metric Tonnes
Brinjal,APMC Nasik,2025-01-27,3000.0,Rs./Quintal,15.3,Metric Tonnes
Brinjal,APMC Nasik,2025-01-28,2500.0,Rs./Quintal,15.0,Metric Tonnes
Brinjal,APMC Nasik,2025-01-29,2800.0,Rs./Quintal,17.5,Metric Tonnes
Brinjal,APMC Nasik,2025-01-30,3400.0,Rs./Quintal,4.0,Metric Tonnes
Brinjal,APMC Nasik,2025-01-31,3500.0,Rs./Quintal,16.0,Metric Tonnes
Brinjal,APMC Nasik,2025-02-01,3000.0,Rs./Quintal,26.9,Metric Tonnes
Brinjal,APMC Nasik,2025-02-02,4000.0,Rs./Quintal,55.2,Metric Tonnes
Brinjal,APMC Nasik,2025-02-03,4800.0,Rs./Quintal,174.0,Metric Tonnes
Brinjal,APMC Nasik,2025-02-04,4500.0,Rs./Quintal,42.6,Metric Tonnes
Brinjal,APMC Nasik,2025-02-05,5500.0,Rs./Quintal,44.7,Metric Tonnes
Brinjal,APMC Nasik,2025-02-06,4500.0,Rs./Quintal,35.0,Metric Tonnes
Brinjal,APMC Nasik,2025-02-07,4000.0,Rs./Quintal,14.5,Metric Tonnes
Brinjal,APMC Nasik,2025-02-08,4400.0,Rs./Quintal,20.4,Metric Tonnes
Brinjal,APMC Nasik,2025-02-13,4000.0,Rs./Quintal,40.1,Metric Tonnes
Brinjal,APMC Nasik,2025-02-14,3500.0,Rs./Quintal,36.5,Metric Tonnes
Brinjal,APMC Nasik,2025-02-15,3000.0,Rs./Quintal,15.3,Metric Tonnes
Brinjal,APMC Nasik,2025-02-16,3250.0,Rs./Quintal,34.2,Metric Tonnes
Brinjal,APMC Nasik,2025-02-17,3000.0,Rs./Quintal,30.1,Metric Tonnes
Brinjal,APMC Nasik,2025-02-18,4500.0,Rs./Quintal,36.8,Metric Tonnes
Brinjal,APMC Nasik,2025-02-19,4500.0,Rs./Quintal,41.3,Metric Tonnes
Brinjal,APMC Nasik,2025-02-20,3750.0,Rs./Quintal,25.8,Metric Tonnes
Brinjal,APMC Nasik,2025-02-21,3500.0,Rs./Quintal,12.8,Metric Tonnes
Brinjal,APMC Nasik,2025-02-22,4000.0,Rs./Quintal,12.1,Metric Tonnes
Brinjal,APMC Nasik,2025-02-23,3200.0,Rs./Quintal,13.7,Metric Tonnes
Brinjal,APMC Nasik,2025-02-24,1500.0,Rs./Quintal,15.7,Metric Tonnes
Brinjal,APMC Nasik,2025-02-25,2200.0,Rs./Quintal,14.1,Metric Tonnes
Brinjal,APMC Nasik,2025-02-26,2500.0,Rs./Quintal,10.7,Metric Tonnes
Brinjal,APMC Nasik,2025-02-27,3500.0,Rs./Quintal,15.2,Metric Tonnes
Brinjal,APMC Nasik,2025-02-28,2600.0,Rs./Quintal,14.5,Metric Tonnes
Brinjal,APMC Nasik,2025-03-01,2300.0,Rs./Quintal,13.2,Metric Tonnes
Brinjal,APMC Nasik,2025-03-02,2250.0,Rs./Quintal,19.9,Metric Tonnes
Brinjal,APMC Nasik,2025-03-03,2500.0,Rs./Quintal,16.9,Metric Tonnes
Brinjal,APMC Nasik,2025-03-04,2000.0,Rs./Quintal,29.2,Metric Tonnes
Brinjal,APMC Nasik,2025-03-05,2500.0,Rs./Quintal,27.6,Metric Tonnes
Brinjal,APMC Nasik,2025-03-06,2500.0,Rs./Quintal,28.2,Metric Tonnes
Brinjal,APMC Nasik,2025-03-07,2500.0,Rs./Quintal,26.4,Metric Tonnes
Brinjal,APMC Nasik,2025-03-08,2250.0,Rs./Quintal,23.2,Metric Tonnes
Brinjal,APMC Nasik,2025-03-09,2250.0,Rs./Quintal,25.0,Metric Tonnes
Brinjal,APMC Nasik,2025-03-10,2500.0,Rs./Quintal,25.4,Metric Tonnes
Brinjal,APMC Nasik,2025-03-11,4000.0,Rs./Quintal,26.8,Metric Tonnes
Brinjal,APMC Nasik,2025-03-12,4000.0,Rs./Quintal,31.4,Metric Tonnes
Brinjal,APMC Nasik,2025-03-13,3500.0,Rs./Quintal,26.5,Metric Tonnes
Brinjal,APMC Nasik,2025-03-14,2500.0,Rs./Quintal,29.2,Metric Tonnes
Brinjal,APMC Nasik,2025-03-15,2000.0,Rs./Quintal,26.7,Metric Tonnes
Brinjal,APMC Nasik,2025-03-16,2750.0,Rs./Quintal,19.5,Metric Tonnes
Brinjal,APMC Nasik,2025-03-17,2700.0,Rs./Quintal,21.4,Metric Tonnes
Brinjal,APMC Nasik,2025-03-18,3000.0,Rs./Quintal,4.7,Metric Tonnes
Brinjal,APMC Nasik,2025-03-19,2500.0,Rs./Quintal,25.9,Metric Tonnes
Brinjal,APMC Nasik,2025-03-20,2500.0,Rs./Quintal,19.8,Metric Tonnes
Brinjal,APMC Nasik,2025-03-21,2600.0,Rs./Quintal,21.0,Metric Tonnes
Brinjal,APMC Nasik,2025-03-22,3250.0,Rs./Quintal,21.9,Metric Tonnes
Brinjal,APMC Nasik,2025-03-23,2500.0,Rs./Quintal,36.2,Metric Tonnes
Brinjal,APMC Nasik,2025-03-24,3000.0,Rs./Quintal,30.0,Metric Tonnes
Brinjal,APMC Nasik,2025-03-25,4000.0,Rs./Quintal,31.2,Metric Tonnes
Brinjal,APMC Nasik,2025-03-26,4000.0,Rs./Quintal,30.0,Metric Tonnes
Brinjal,APMC Nasik,2025-03-27,3400.0,Rs./Quintal,15.8,Metric Tonnes
Brinjal,APMC Nasik,2025-03-28,2800.0,Rs./Quintal,28.8,Metric Tonnes
Brinjal,APMC Nasik,2025-03-29,3500.0,Rs./Quintal,27.6,Metric Tonnes
Brinjal,APMC Nasik,2025-03-30,2350.0,Rs./Quintal,25.4,Metric Tonnes
Brinjal,APMC Nasik,2025-03-31,3000.0,Rs./Quintal,7.0,Metric Tonnes
Brinjal,APMC Nasik,2025-04-01,3000.0,Rs./Quintal,41.8,Metric Tonnes
Brinjal,APMC Nasik,2025-04-02,3300.0,Rs./Quintal,44.5,Metric Tonnes
Brinjal,APMC Nasik,2025-04-03,3000.0,Rs./Quintal,42.4,Metric Tonnes
Brinjal,APMC Nasik,2025-04-04,2250.0,Rs./Quintal,20.5,Metric Tonnes
Brinjal,APMC Nasik,2025-04-05,3600.0,Rs./Quintal,37.0,Metric Tonnes
Brinjal,APMC Nasik,2025-04-06,2500.0,Rs./Quintal,37.9,Metric Tonnes
Brinjal,APMC Nasik,2025-04-07,3200.0,Rs./Quintal,40.2,Metric Tonnes
Brinjal,APMC Nasik,2025-04-08,3500.0,Rs./Quintal,47.1,Metric Tonnes
Brinjal,APMC Nasik,2025-04-09,4500.0,Rs./Quintal,45.9,Metric Tonnes
Brinjal,APMC Nasik,2025-04-10,3000.0,Rs./Quintal,47.3,Metric Tonnes
Brinjal,APMC Nasik,2025-04-11,3500.0,Rs./Quintal,35.7,Metric Tonnes
Brinjal,APMC Nasik,2025-04-12,2000.0,Rs./Quintal,119.9,Metric Tonnes
Brinjal,APMC Nasik,2025-04-14,3500.0,Rs./Quintal,16.7,Metric Tonnes
Brinjal,APMC Nasik,2025-04-15,3200.0,Rs./Quintal,33.2,Metric Tonnes
Brinjal,APMC Nasik,2025-04-16,4000.0,Rs./Quintal,43.1,Metric Tonnes
Brinjal,APMC Nasik,2025-04-17,2250.0,Rs./Quintal,40.1,Metric Tonnes
Brinjal,APMC Nasik,2025-04-18,2250.0,Rs./Quintal,40.1,Metric Tonnes
Brinjal,APMC Nasik,2025-04-19,3000.0,Rs./Quintal,29.8,Metric Tonnes
Brinjal,APMC Nasik,2025-04-20,3200.0,Rs./Quintal,19.3,Metric Tonnes
Brinjal,APMC Nasik,2025-04-21,3000.0,Rs./Quintal,47.8,Metric Tonnes
Brinjal,APMC Nasik,2025-04-22,4000.0,Rs./Quintal,50.1,Metric Tonnes
Brinjal,APMC Nasik,2025-04-23,3250.0,Rs./Quintal,19.8,Metric Tonnes
Brinjal,APMC Nasik,2025-04-24,3500.0,Rs./Quintal,18.2,Metric Tonnes
Brinjal,APMC Nasik,2025-04-25,3750.0,Rs./Quintal,15.5,Metric Tonnes
Brinjal,APMC Nasik,2025-04-26,4600.0,Rs./Quintal,16.6,Metric Tonnes
Brinjal,APMC Nasik,2025-04-28,3500.0,Rs./Quintal,19.2,Metric Tonnes
Brinjal,APMC Nasik,2025-04-29,2250.0,Rs./Quintal,25.7,Metric Tonnes
Brinjal,APMC Nasik,2025-05-01,4000.0,Rs./Quintal,19.0,Metric Tonnes
Brinjal,APMC Nasik,2025-05-02,4000.0,Rs./Quintal,19.0,Metric Tonnes
Brinjal,APMC Nasik,2025-05-03,4500.0,Rs./Quintal,18.0,Metric Tonnes
Brinjal,APMC Nasik,2025-05-04,3000.0,Rs./Quintal,14.0,Metric Tonnes
Brinjal,APMC Nasik,2025-05-05,5500.0,Rs./Quintal,13.3,Metric Tonnes
Brinjal,APMC Nasik,2025-05-06,4000.0,Rs./Quintal,15.3,Metric Tonnes
Brinjal,APMC Nasik,2025-05-07,4000.0,Rs./Quintal,16.8,Metric Tonnes
Brinjal,APMC Nasik,2025-05-08,3500.0,Rs./Quintal,13.3,Metric Tonnes
Brinjal,APMC Nasik,2025-05-09,3000.0,Rs./Quintal,14.9,Metric Tonnes
Brinjal,APMC Nasik,2025-05-10,4500.0,Rs./Quintal,10.6,Metric Tonnes
Brinjal,APMC Nasik,2025-05-11,3350.0,Rs./Quintal,18.2,Metric Tonnes
Brinjal,APMC Nasik,2025-05-12,3800.0,Rs./Quintal,13.1,Metric Tonnes
Brinjal,APMC Nasik,2025-05-13,3250.0,Rs./Quintal,19.7,Metric Tonnes
Brinjal,APMC Nasik,2025-05-15,3500.0,Rs./Quintal,19.8,Metric Tonnes
Brinjal,APMC Nasik,2025-05-16,4000.0,Rs./Quintal,34.0,Metric Tonnes
Brinjal,APMC Nasik,2025-05-17,3500.0,Rs./Quintal,33.5,Metric Tonnes
Brinjal,APMC Nasik,2025-05-18,3650.0,Rs./Quintal,48.5,Metric Tonnes
Brinjal,APMC Nasik,2025-05-19,3300.0,Rs./Quintal,29.2,Metric Tonnes
Brinjal,APMC Nasik,2025-05-20,3500.0,Rs./Quintal,30.5,Metric Tonnes
Brinjal,APMC Nasik,2025-05-21,3500.0,Rs./Quintal,29.0,Metric Tonnes
Brinjal,APMC Nasik,2025-05-22,3250.0,Rs./Quintal,25.8,Metric Tonnes
Brinjal,APMC Nasik,2025-05-23,2000.0,Rs./Quintal,41.4,Metric Tonnes
Brinjal,APMC Nasik,2025-05-24,3500.0,Rs./Quintal,23.0,Metric Tonnes
Brinjal,APMC Nasik,2025-05-25,4000.0,Rs./Quintal,28.9,Metric Tonnes
Brinjal,APMC Nasik,2025-05-26,3500.0,Rs./Quintal,35.3,Metric Tonnes
Brinjal,APMC Nasik,2025-05-27,3500.0,Rs./Quintal,39.2,Metric Tonnes
Brinjal,APMC Nasik,2025-05-28,3400.0,Rs./Quintal,16.7,Metric Tonnes
Brinjal,APMC Nasik,2025-05-29,3350.0,Rs./Quintal,13.1,Metric Tonnes
Brinjal,APMC Nasik,2025-05-30,6000.0,Rs./Quintal,16.2,Metric Tonnes
Brinjal,APMC Nasik,2025-05-31,3250.0,Rs./Quintal,18.9,Metric Tonnes
Brinjal,APMC Nasik,2025-06-01,6000.0,Rs./Quintal,21.0,Metric Tonnes
Brinjal,APMC Nasik,2025-06-02,6000.0,Rs./Quintal,16.1,Metric Tonnes
Brinjal,APMC Nasik,2025-06-03,6500.0,Rs./Quintal,14.6,Metric Tonnes
Brinjal,APMC Nasik,2025-06-04,8000.0,Rs./Quintal,12.8,Metric Tonnes
Brinjal,APMC Nasik,2025-06-05,5000.0,Rs./Quintal,16.4,Metric Tonnes
Brinjal,APMC Nasik,2025-06-06,6000.0,Rs./Quintal,13.1,Metric Tonnes
Brinjal,APMC Nasik,2025-06-07,4000.0,Rs./Quintal,13.6,Metric Tonnes
Brinjal,APMC Nasik,2025-06-08,6000.0,Rs./Quintal,16.5,Metric Tonnes
Brinjal,APMC Nasik,2025-06-09,6000.0,Rs./Quintal,13.3,Metric Tonnes
Brinjal,APMC Nasik,2025-06-10,4250.0,Rs./Quintal,15.5,Metric Tonnes
Brinjal,APMC Nasik,2025-06-11,4500.0,Rs./Quintal,15.1,Metric Tonnes
Brinjal,APMC Nasik,2025-06-12,5500.0,Rs./Quintal,15.5,Metric Tonnes
Brinjal,APMC Nasik,2025-06-13,5000.0,Rs./Quintal,19.8,Metric Tonnes
Brinjal,APMC Nasik,2025-06-14,4000.0,Rs./Quintal,14.2,Metric Tonnes
Brinjal,APMC Nasik,2025-06-15,4500.0,Rs./Quintal,26.2,Metric Tonnes
Brinjal,APMC Nasik,2025-06-16,5000.0,Rs./Quintal,15.5,Metric Tonnes
Brinjal,APMC Nasik,2025-06-17,4500.0,Rs./Quintal,19.0,Metric Tonnes
Brinjal,APMC Nasik,2025-06-18,5000.0,Rs./Quintal,17.1,Metric Tonnes
Brinjal,APMC Nasik,2025-06-19,4000.0,Rs./Quintal,14.3,Metric Tonnes
Brinjal,APMC Nasik,2025-06-20,5000.0,Rs./Quintal,15.9,Metric Tonnes
Brinjal,APMC Nasik,2025-06-21,4000.0,Rs./Quintal,11.6,Metric Tonnes
Brinjal,APMC Nasik,2025-06-22,4000.0,Rs./Quintal,12.7,Metric Tonnes
Brinjal,APMC Nasik,2025-06-23,6000.0,Rs./Quintal,10.9,Metric Tonnes
Brinjal,APMC Nasik,2025-06-24,5000.0,Rs./Quintal,11.6,Metric Tonnes
Brinjal,APMC Nasik,2025-06-25,8000.0,Rs./Quintal,11.4,Metric Tonnes
Brinjal,APMC Nasik,2025-06-26,6000.0,Rs./Quintal,9.1,Metric Tonnes
Brinjal,APMC Nasik,2025-06-27,6500.0,Rs./Quintal,10.5,Metric Tonnes
Brinjal,APMC Nasik,2025-06-28,6250.0,Rs./Quintal,13.4,Metric Tonnes
Brinjal,APMC Nasik,2025-06-29,5000.0,Rs./Quintal,17.8,Metric Tonnes
Brinjal,APMC Nasik,2025-06-30,7500.0,Rs./Quintal,12.8,Metric Tonnes
Brinjal,APMC Nasik,2025-07-01,10000.0,Rs./Quintal,14.7,Metric Tonnes
Brinjal,APMC Nasik,2025-07-03,8000.0,Rs./Quintal,14.5,Metric Tonnes
Brinjal,APMC Nasik,2025-07-04,7000.0,Rs./Quintal,11.5,Metric Tonnes
Brinjal,APMC Nasik,2025-07-05,6500.0,Rs./Quintal,19.8,Metric Tonnes
Brinjal,APMC Nasik,2025-07-06,6500.0,Rs./Quintal,15.4,Metric Tonnes
Brinjal,APMC Nasik,2025-07-07,10000.0,Rs./Quintal,12.7,Metric Tonnes
Brinjal,APMC Nasik,2025-07-08,8800.0,Rs./Quintal,13.6,Metric Tonnes
Brinjal,APMC Nasik,2025-07-09,8500.0,Rs./Quintal,13.1,Metric Tonnes
Brinjal,APMC Nasik,2025-07-10,8000.0,Rs./Quintal,13.7,Metric Tonnes
Brinjal,APMC Nasik,2025-07-11,6000.0,Rs./Quintal,12.2,Metric Tonnes
Brinjal,APMC Nasik,2025-07-12,5000.0,Rs./Quintal,12.9,Metric Tonnes
Brinjal,APMC Nasik,2025-07-13,6250.0,Rs./Quintal,14.8,Metric Tonnes
Brinjal,APMC Nasik,2025-07-14,8000.0,Rs./Quintal,9.3,Metric Tonnes
Brinjal,APMC Nasik,2025-07-15,3500.0,Rs./Quintal,17.1,Metric Tonnes
Brinjal,APMC Nasik,2025-07-17,3500.0,Rs./Quintal,25.2,Metric Tonnes
Brinjal,APMC Nasik,2025-07-18,3250.0,Rs./Quintal,19.1,Metric Tonnes
Brinjal,APMC Nasik,2025-07-19,4000.0,Rs./Quintal,15.6,Metric Tonnes
Brinjal,APMC Nasik,2025-07-20,2700.0,Rs./Quintal,25.2,Metric Tonnes
Brinjal,APMC Nasik,2025-07-21,2000.0,Rs./Quintal,29.2,Metric Tonnes
Brinjal,APMC Nasik,2025-07-22,3750.0,Rs./Quintal,23.2,Metric Tonnes
Brinjal,APMC Nasik,2025-07-23,2000.0,Rs./Quintal,34.3,Metric Tonnes
Brinjal,APMC Nasik,2025-07-24,1250.0,Rs./Quintal,31.1,Metric Tonnes
Brinjal,APMC Nasik,2025-07-25,1500.0,Rs./Quintal,39.2,Metric Tonnes
Brinjal,APMC Nasik,2025-07-27,1500.0,Rs./Quintal,46.9,Metric Tonnes
Brinjal,APMC Nasik,2025-07-28,1800.0,Rs./Quintal,37.7,Metric Tonnes
Brinjal,APMC Nasik,2025-07-30,2000.0,Rs./Quintal,21.1,Metric Tonnes
Brinjal,APMC Nasik,2025-07-31,4500.0,Rs./Quintal,19.2,Metric Tonnes
Brinjal,APMC Nasik,2025-08-01,3000.0,Rs./Quintal,26.4,Metric Tonnes
Brinjal,APMC Nasik,2025-08-02,2000.0,Rs./Quintal,33.2,Metric Tonnes
Brinjal,APMC Nasik,2025-08-03,1800.0,Rs./Quintal,33.8,Metric Tonnes
Brinjal,APMC Nasik,2025-08-04,2500.0,Rs./Quintal,37.1,Metric Tonnes
Brinjal,APMC Nasik,2025-08-05,2200.0,Rs./Quintal,34.8,Metric Tonnes
Brinjal,APMC Nasik,2025-08-06,2250.0,Rs./Quintal,35.3,Metric Tonnes
Brinjal,APMC Nasik,2025-08-07,1000.0,Rs./Quintal,30.5,Metric Tonnes
Brinjal,APMC Nasik,2025-08-08,1000.0,Rs./Quintal,36.2,Metric Tonnes
Brinjal,APMC Nasik,2025-08-09,1000.0,Rs./Quintal,42.1,Metric Tonnes
Brinjal,APMC Nasik,2025-08-10,1250.0,Rs./Quintal,42.2,Metric Tonnes
Brinjal,APMC Nasik,2025-08-11,1800.0,Rs./Quintal,42.9,Metric Tonnes
Brinjal,APMC Nasik,2025-08-12,1400.0,Rs./Quintal,50.4,Metric Tonnes
Brinjal,APMC Nasik,2025-08-13,900.0,Rs./Quintal,50.2,Metric Tonnes
Brinjal,APMC Nasik,2025-08-14,1000.0,Rs./Quintal,53.0,Metric Tonnes
Brinjal,APMC Nasik,2025-08-15,1250.0,Rs./Quintal,33.4,Metric Tonnes
Brinjal,APMC Nasik,2025-08-16,800.0,Rs./Quintal,52.6,Metric Tonnes
Brinjal,APMC Nasik,2025-08-17,2200.0,Rs./Quintal,48.4,Metric Tonnes
Brinjal,APMC Nasik,2025-08-18,1000.0,Rs./Quintal,44.0,Metric Tonnes
Brinjal,APMC Nasik,2025-08-19,1000.0,Rs./Quintal,45.2,Metric Tonnes
Brinjal,APMC Nasik,2025-08-20,1000.0,Rs./Quintal,45.2,Metric Tonnes
Brinjal,APMC Nasik,2025-08-22,3000.0,Rs./Quintal,24.8,Metric Tonnes
Brinjal,APMC Nasik,2025-08-23,2000.0,Rs./Quintal,26.2,Metric Tonnes
Brinjal,APMC Nasik,2025-08-24,3500.0,Rs./Quintal,30.2,Metric Tonnes
Brinjal,APMC Nasik,2025-08-25,3700.0,Rs./Quintal,32.7,Metric Tonnes
Brinjal,APMC Nasik,2025-08-26,3000.0,Rs./Quintal,34.2,Metric Tonnes
Brinjal,APMC Nasik,2025-08-27,2100.0,Rs./Quintal,29.8,Metric Tonnes
Brinjal,APMC Nasik,2025-08-28,2000.0,Rs./Quintal,23.4,Metric Tonnes
Brinjal,APMC Nasik,2025-08-29,3000.0,Rs./Quintal,35.4,Metric Tonnes
Brinjal,APMC Nasik,2025-08-31,3500.0,Rs./Quintal,35.7,Metric Tonnes
Brinjal,APMC Nasik,2025-09-01,5500.0,Rs./Quintal,31.5,Metric Tonnes
Brinjal,APMC Nasik,2025-09-02,4500.0,Rs./Quintal,34.3,Metric Tonnes
Brinjal,APMC Nasik,2025-09-03,4000.0,Rs./Quintal,33.1,Metric Tonnes
Brinjal,APMC Nasik,2025-09-04,3500.0,Rs./Quintal,21.3,Metric Tonnes
Brinjal,APMC Nasik,2025-09-05,4000.0,Rs./Quintal,18.5,Metric Tonnes
Brinjal,APMC Nasik,2025-09-06,4000.0,Rs./Quintal,16.1,Metric Tonnes
Brinjal,APMC Nasik,2025-09-07,6000.0,Rs./Quintal,19.6,Metric Tonnes
Brinjal,APMC Nasik,2025-09-08,6500.0,Rs./Quintal,24.0,Metric Tonnes
Brinjal,APMC Nasik,2025-09-09,7000.0,Rs./Quintal,16.8,Metric Tonnes
Brinjal,APMC Nasik,2025-09-10,8500.0,Rs./Quintal,25.7,Metric Tonnes
Brinjal,APMC Nasik,2025-09-11,9000.0,Rs./Quintal,23.4,Metric Tonnes
Brinjal,APMC Nasik,2025-09-12,7500.0,Rs./Quintal,21.1,Metric Tonnes
Brinjal,APMC Nasik,2025-09-13,7000.0,Rs./Quintal,15.3,Metric Tonnes
Brinjal,APMC Nasik,2025-09-14,7000.0,Rs./Quintal,19.5,Metric Tonnes
Brinjal,APMC Nasik,2025-09-15,6500.0,Rs./Quintal,34.9,Metric Tonnes
Brinjal,APMC Nasik,2025-09-16,6000.0,Rs./Quintal,32.5,Metric Tonnes
Brinjal,APMC Nasik,2025-09-17,6000.0,Rs./Quintal,25.8,Metric Tonnes
Brinjal,APMC Nasik,2025-09-18,5000.0,Rs./Quintal,26.9,Metric Tonnes
Brinjal,APMC Nasik,2025-09-19,5500.0,Rs./Quintal,15.9,Metric Tonnes
Brinjal,APMC Nasik,2025-09-20,5600.0,Rs./Quintal,15.1,Metric Tonnes
Brinjal,APMC Nasik,2025-09-21,5000.0,Rs./Quintal,14.1,Metric Tonnes
Brinjal,APMC Nasik,2025-09-22,6000.0,Rs./Quintal,18.7,Metric Tonnes
Brinjal,APMC Nasik,2025-09-23,6000.0,Rs./Quintal,24.4,Metric Tonnes
Brinjal,APMC Nasik,2025-09-24,4500.0,Rs./Quintal,43.6,Metric Tonnes
Brinjal,APMC Nasik,2025-09-25,5500.0,Rs./Quintal,15.3,Metric Tonnes
Brinjal,APMC Nasik,2025-09-26,4000.0,Rs./Quintal,12.8,Metric Tonnes
Brinjal,APMC Nasik,2025-09-27,5000.0,Rs./Quintal,14.6,Metric Tonnes
Brinjal,APMC Nasik,2025-09-28,5000.0,Rs./Quintal,12.7,Metric Tonnes
Brinjal,APMC Nasik,2025-09-29,5000.0,Rs./Quintal,12.5,Metric Tonnes
Brinjal,APMC Nasik,2025-09-30,7000.0,Rs./Quintal,14.5,Metric Tonnes
Brinjal,APMC Nasik,2025-10-01,5000.0,Rs./Quintal,15.4,Metric Tonnes
Brinjal,APMC Nasik,2025-10-02,7000.0,Rs./Quintal,11.8,Metric Tonnes
Brinjal,APMC Nasik,2025-10-03,10000.0,Rs./Quintal,11.0,Metric Tonnes
Brinjal,APMC Nasik,2025-10-04,6000.0,Rs./Quintal,15.1,Metric Tonnes
Brinjal,APMC Nasik,2025-10-06,8000.0,Rs./Quintal,14.0,Metric Tonnes
Brinjal,APMC Nasik,2025-10-07,6500.0,Rs./Quintal,15.4,Metric Tonnes
Brinjal,APMC Nasik,2025-10-08,6000.0,Rs./Quintal,17.0,Metric Tonnes
Brinjal,APMC Nasik,2025-10-09,7000.0,Rs./Quintal,15.7,Metric Tonnes
Brinjal,APMC Nasik,2025-10-11,6500.0,Rs./Quintal,11.2,Metric Tonnes
Brinjal,APMC Nasik,2025-10-12,7500.0,Rs./Quintal,14.8,Metric Tonnes
Brinjal,APMC Nasik,2025-10-13,6500.0,Rs./Quintal,16.2,Metric Tonnes
Brinjal,APMC Nasik,2025-10-14,6500.0,Rs./Quintal,145.8,Metric Tonnes
Brinjal,APMC Nasik,2025-10-15,6500.0,Rs./Quintal,14.4,Metric Tonnes
Brinjal,APMC Nasik,2025-10-16,6000.0,Rs./Quintal,15.8,Metric Tonnes
Brinjal,APMC Nasik,2025-10-17,4000.0,Rs./Quintal,198.0,Metric Tonnes
Brinjal,APMC Nasik,2025-10-18,5500.0,Rs./Quintal,14.5,Metric Tonnes
Brinjal,APMC Nasik,2025-10-23,2500.0,Rs./Quintal,14.2,Metric Tonnes
Brinjal,APMC Nasik,2025-10-24,4500.0,Rs./Quintal,15.0,Metric Tonnes
Brinjal,APMC Nasik,2025-10-25,4500.0,Rs./Quintal,13.7,Metric Tonnes
Brinjal,APMC Nasik,2025-10-26,2000.0,Rs./Quintal,18.3,Metric Tonnes
Brinjal,APMC Nasik,2025-10-27,2000.0,Rs./Quintal,27.1,Metric Tonnes
Brinjal,APMC Nasik,2025-10-28,2150.0,Rs./Quintal,25.7,Metric Tonnes
Brinjal,APMC Nasik,2025-10-29,4000.0,Rs./Quintal,14.9,Metric Tonnes
Brinjal,APMC Nasik,2025-10-30,3550.0,Rs./Quintal,20.7,Metric Tonnes
Brinjal,APMC Nasik,2025-10-31,4400.0,Rs./Quintal,14.2,Metric Tonnes
Brinjal,APMC Nasik,2025-11-01,3500.0,Rs./Quintal,36.4,Metric Tonnes
Brinjal,APMC Nasik,2025-11-02,5000.0,Rs./Quintal,28.3,Metric Tonnes
Brinjal,APMC Nasik,2025-11-03,7500.0,Rs./Quintal,126.0,Metric Tonnes
Brinjal,APMC Nasik,2025-11-05,4500.0,Rs./Quintal,18.3,Metric Tonnes
Brinjal,APMC Nasik,2025-11-07,8500.0,Rs./Quintal,12.2,Metric Tonnes
Brinjal,APMC Nasik,2025-11-08,6500.0,Rs./Quintal,11.1,Metric Tonnes
Brinjal,APMC Nasik,2025-11-10,7500.0,Rs./Quintal,11.4,Metric Tonnes
Brinjal,APMC Nasik,2025-11-11,10000.0,Rs./Quintal,12.0,Metric Tonnes
Brinjal,APMC Nasik,2025-11-12,7500.0,Rs./Quintal,11.3,Metric Tonnes
Brinjal,APMC Nasik,2025-11-13,12000.0,Rs./Quintal,10.4,Metric Tonnes
Brinjal,APMC Nasik,2025-11-14,10000.0,Rs./Quintal,11.0,Metric Tonnes
Brinjal,APMC Nasik,2025-11-15,10000.0,Rs./Quintal,10.4,Metric Tonnes
Brinjal,APMC Nasik,2025-11-16,11000.0,Rs./Quintal,12.4,Metric Tonnes
Brinjal,APMC Nasik,2025-11-17,12000.0,Rs./Quintal,9.8,Metric Tonnes
Brinjal,APMC Nasik,2025-11-18,13000.0,Rs./Quintal,11.1,Metric Tonnes
Brinjal,APMC Nasik,2025-11-19,12500.0,Rs./Quintal,11.1,Metric Tonnes
Brinjal,APMC Nasik,2025-11-20,10500.0,Rs./Quintal,8.1,Metric Tonnes
Brinjal,APMC Nasik,2025-11-21,10000.0,Rs./Quintal,8.6,Metric Tonnes
Brinjal,APMC Nasik,2025-11-22,10500.0,Rs./Quintal,9.2,Metric Tonnes
Brinjal,APMC Nasik,2025-11-23,12500.0,Rs./Quintal,8.2,Metric Tonnes
Brinjal,APMC Nasik,2025-11-24,8500.0,Rs./Quintal,8.9,Metric Tonnes
Brinjal,APMC Nasik,2025-11-25,6500.0,Rs./Quintal,30.7,Metric Tonnes
Brinjal,APMC Nasik,2025-11-27,7000.0,Rs./Quintal,14.9,Metric Tonnes
Brinjal,APMC Nasik,2025-11-28,7000.0,Rs./Quintal,16.0,Metric Tonnes
Brinjal,APMC Nasik,2025-11-29,5000.0,Rs./Quintal,10.2,Metric Tonnes
Brinjal,APMC Nasik,2025-11-30,6000.0,Rs./Quintal,13.1,Metric Tonnes
Brinjal,APMC Nasik,2025-12-01,6000.0,Rs./Quintal,11.8,Metric Tonnes
Brinjal,APMC Nasik,2025-12-02,7500.0,Rs./Quintal,11.0,Metric Tonnes
Brinjal,APMC Nasik,2025-12-03,8000.0,Rs./Quintal,11.5,Metric Tonnes
Brinjal,APMC Nasik,2025-12-04,9000.0,Rs./Quintal,8.9,Metric Tonnes
Brinjal,APMC Nasik,2025-12-05,11000.0,Rs./Quintal,12.1,Metric Tonnes
Brinjal,APMC Nasik,2025-12-06,11000.0,Rs./Quintal,7.9,Metric Tonnes
Brinjal,APMC Nasik,2025-12-07,10000.0,Rs./Quintal,8.3,Metric Tonnes
Brinjal,APMC Nasik,2025-12-08,10000.0,Rs./Quintal,7.5,Metric Tonnes
Brinjal,APMC Nasik,2025-12-09,8500.0,Rs./Quintal,8.1,Metric Tonnes
Brinjal,APMC Nasik,2025-12-10,8000.0,Rs./Quintal,9.2,Metric Tonnes
Brinjal,APMC Nasik,2025-12-11,8500.0,Rs./Quintal,12.1,Metric Tonnes
Brinjal,APMC Nasik,2025-12-12,11000.0,Rs./Quintal,9.4,Metric Tonnes
Brinjal,APMC Nasik,2025-12-13,10000.0,Rs./Quintal,7.7,Metric Tonnes
Brinjal,APMC Nasik,2025-12-14,10000.0,Rs./Quintal,7.4,Metric Tonnes
Brinjal,APMC Nasik,2025-12-15,12000.0,Rs./Quintal,6.8,Metric Tonnes
Brinjal,APMC Nasik,2025-12-16,11000.0,Rs./Quintal,8.9,Metric Tonnes
Brinjal,APMC Nasik,2025-12-17,12000.0,Rs./Quintal,10.3,Metric Tonnes
Brinjal,APMC Nasik,2025-12-18,10000.0,Rs./Quintal,11.3,Metric Tonnes
Brinjal,APMC Nasik,2025-12-19,7000.0,Rs./Quintal,7.7,Metric Tonnes
Brinjal,APMC Nasik,2025-12-20,9000.0,Rs./Quintal,7.5,Metric Tonnes
Brinjal,APMC Nasik,2025-12-22,6000.0,Rs./Quintal,9.8,Metric Tonnes
Brinjal,APMC Nasik,2025-12-23,5000.0,Rs./Quintal,9.7,Metric Tonnes
Brinjal,APMC Nasik,2025-12-24,4500.0,Rs./Quintal,10.5,Metric Tonnes
Brinjal,APMC Nasik,2025-12-25,6000.0,Rs./Quintal,9.2,Metric Tonnes
Brinjal,APMC Nasik,2025-12-29,5200.0,Rs./Quintal,53.2,Metric Tonnes
Brinjal,APMC Nasik,2025-12-30,3750.0,Rs./Quintal,7.9,Metric Tonnes
Brinjal,APMC Nasik,2025-12-31,3100.0,Rs./Quintal,9.3,Metric Tonnes
Brinjal,APMC Nasik,2026-01-02,3500.0,Rs./Quintal,15.4,Metric Tonnes
Brinjal,APMC Nasik,2026-01-03,3000.0,Rs./Quintal,9.7,Metric Tonnes
Brinjal,APMC Nasik,2026-01-04,3500.0,Rs./Quintal,17.2,Metric Tonnes
Brinjal,APMC Nasik,2026-01-05,3000.0,Rs./Quintal,13.5,Metric Tonnes
Brinjal,APMC Nasik,2026-01-06,2500.0,Rs./Quintal,13.0,Metric Tonnes
Brinjal,APMC Nasik,2026-01-07,2200.0,Rs./Quintal,14.9,Metric Tonnes
Brinjal,APMC Nasik,2026-01-08,3000.0,Rs./Quintal,13.9,Metric Tonnes
Brinjal,APMC Nasik,2026-01-09,4000.0,Rs./Quintal,10.0,Metric Tonnes
Brinjal,APMC Nasik,2026-01-10,3500.0,Rs./Quintal,12.4,Metric Tonnes
Brinjal,APMC Nasik,2026-01-11,5500.0,Rs./Quintal,12.0,Metric Tonnes
Brinjal,APMC Nasik,2026-01-12,5000.0,Rs./Quintal,9.3,Metric Tonnes
Brinjal,APMC Nasik,2026-01-13,5100.0,Rs./Quintal,8.9,Metric Tonnes
Brinjal,APMC Nasik,2026-01-14,5500.0,Rs./Quintal,5.9,Metric Tonnes
Brinjal,APMC Nasik,2026-01-15,6000.0,Rs./Quintal,5.8,Metric Tonnes
Brinjal,APMC Nasik,2026-01-16,4000.0,Rs./Quintal,11.1,Metric Tonnes
Brinjal,APMC Nasik,2026-01-17,3000.0,Rs./Quintal,6.9,Metric Tonnes
Brinjal,APMC Nasik,2026-01-18,4500.0,Rs./Quintal,13.9,Metric Tonnes
Brinjal,APMC Nasik,2026-01-19,5000.0,Rs./Quintal,11.3,Metric Tonnes
Brinjal,APMC Nasik,2026-01-20,5000.0,Rs./Quintal,10.9,Metric Tonnes
Brinjal,APMC Nasik,2026-01-21,2500.0,Rs./Quintal,16.1,Metric Tonnes
Brinjal,APMC Nasik,2026-01-22,4000.0,Rs./Quintal,14.6,Metric Tonnes
Brinjal,APMC Nasik,2026-01-23,3450.0,Rs./Quintal,15.1,Metric Tonnes
Brinjal,APMC Nasik,2026-01-24,5000.0,Rs./Quintal,11.6,Metric Tonnes
Brinjal,APMC Nasik,2026-01-25,4000.0,Rs./Quintal,17.0,Metric Tonnes
Brinjal,APMC Nasik,2026-01-26,3750.0,Rs./Quintal,8.6,Metric Tonnes
Brinjal,APMC Nasik,2026-01-27,3500.0,Rs./Quintal,13.3,Metric Tonnes
Brinjal,APMC Nasik,2026-01-28,2000.0,Rs./Quintal,14.6,Metric Tonnes
Brinjal,APMC Nasik,2026-01-30,5000.0,Rs./Quintal,20.3,Metric Tonnes
Brinjal,APMC Nasik,2026-01-31,4000.0,Rs./Quintal,20.7,Metric Tonnes
Brinjal,APMC Nasik,2026-02-01,3500.0,Rs./Quintal,13.0,Metric Tonnes
Brinjal,APMC Nasik,2026-02-02,3500.0,Rs./Quintal,13.3,Metric Tonnes
Brinjal,APMC Nasik,2026-02-03,4500.0,Rs./Quintal,16.1,Metric Tonnes
Brinjal,APMC Nasik,2026-02-04,3500.0,Rs./Quintal,14.6,Metric Tonnes
Brinjal,APMC Nasik,2026-02-05,4150.0,Rs./Quintal,14.5,Metric Tonnes
Brinjal,APMC Nasik,2026-02-06,3300.0,Rs./Quintal,15.2,Metric Tonnes
Brinjal,APMC Nasik,2026-02-07,3300.0,Rs./Quintal,18.0,Metric Tonnes
Brinjal,APMC Nasik,2026-02-08,4500.0,Rs./Quintal,15.4,Metric Tonnes
Brinjal,APMC Nasik,2026-02-09,4500.0,Rs./Quintal,7.8,Metric Tonnes
Brinjal,APMC Nasik,2026-02-10,4000.0,Rs./Quintal,8.1,Metric Tonnes
Brinjal,APMC Nasik,2026-02-11,4200.0,Rs./Quintal,7.6,Metric Tonnes
Brinjal,APMC Nasik,2026-02-12,4000.0,Rs./Quintal,15.0,Metric Tonnes
Brinjal,APMC Nasik,2026-02-13,2300.0,Rs./Quintal,15.8,Metric Tonnes
Brinjal,APMC Nasik,2026-02-14,3500.0,Rs./Quintal,15.3,Metric Tonnes
Brinjal,APMC Nasik,2026-02-15,3250.0,Rs./Quintal,16.5,Metric Tonnes
Brinjal,APMC Nasik,2026-02-16,5000.0,Rs./Quintal,16.0,Metric Tonnes
Brinjal,APMC Nasik,2026-02-17,4000.0,Rs./Quintal,16.4,Metric Tonnes
Brinjal,APMC Nasik,2026-02-18,4100.0,Rs./Quintal,15.2,Metric Tonnes
Brinjal,APMC Nasik,2026-02-19,3000.0,Rs./Quintal,17.0,Metric Tonnes
Brinjal,APMC Nasik,2026-02-20,4000.0,Rs./Quintal,15.3,Metric Tonnes
Brinjal,APMC Nasik,2026-02-21,3000.0,Rs./Quintal,13.1,Metric Tonnes
Brinjal,APMC Nasik,2026-02-22,4000.0,Rs./Quintal,16.3,Metric Tonnes
Brinjal,APMC Nasik,2026-02-23,3000.0,Rs./Quintal,20.1,Metric Tonnes
Brinjal,APMC Nasik,2026-02-24,3200.0,Rs./Quintal,17.9,Metric Tonnes
Brinjal,APMC Nasik,2026-02-25,2800.0,Rs./Quintal,19.9,Metric Tonnes
Brinjal,APMC Nasik,2026-02-26,3000.0,Rs./Quintal,18.0,Metric Tonnes
Brinjal,APMC Nasik,2026-02-27,3000.0,Rs./Quintal,20.8,Metric Tonnes
Brinjal,APMC Nasik,2026-02-28,3000.0,Rs./Quintal,20.1,Metric Tonnes
Brinjal,APMC Nasik,2026-03-01,2500.0,Rs./Quintal,29.8,Metric Tonnes
Brinjal,APMC Nasik,2026-03-02,3000.0,Rs./Quintal,20.2,Metric Tonnes
Brinjal,APMC Nasik,2026-03-03,2500.0,Rs./Quintal,18.2,Metric Tonnes
Brinjal,APMC Nasik,2026-03-04,2500.0,Rs./Quintal,16.8,Metric Tonnes
Brinjal,APMC Nasik,2026-03-05,2800.0,Rs./Quintal,19.0,Metric Tonnes
Brinjal,APMC Nasik,2026-03-06,2400.0,Rs./Quintal,19.0,Metric Tonnes
Brinjal,APMC Nasik,2026-03-07,3000.0,Rs./Quintal,26.1,Metric Tonnes
Brinjal,APMC Nasik,2026-03-08,4000.0,Rs./Quintal,13.2,Metric Tonnes
Brinjal,APMC Nasik,2026-03-09,2500.0,Rs./Quintal,42.9,Metric Tonnes
Brinjal,APMC Nasik,2026-03-10,3500.0,Rs./Quintal,37.9,Metric Tonnes
Brinjal,APMC Nasik,2026-03-11,3000.0,Rs./Quintal,35.5,Metric Tonnes
Brinjal,APMC Nasik,2026-03-12,3000.0,Rs./Quintal,33.8,Metric Tonnes
Brinjal,APMC Nasik,2026-03-14,3300.0,Rs./Quintal,37.9,Metric Tonnes
Brinjal,APMC Nasik,2026-03-15,2600.0,Rs./Quintal,44.4,Metric Tonnes
Brinjal,APMC Nasik,2026-03-16,2700.0,Rs./Quintal,42.0,Metric Tonnes
Brinjal,APMC Nasik,2026-03-17,3000.0,Rs./Quintal,38.0,Metric Tonnes
Brinjal,APMC Nasik,2026-03-18,1800.0,Rs./Quintal,42.2,Metric Tonnes
Brinjal,APMC Nasik,2026-03-19,1700.0,Rs./Quintal,39.1,Metric Tonnes
Brinjal,APMC Nasik,2026-03-20,1800.0,Rs./Quintal,39.9,Metric Tonnes
Brinjal,APMC Nasik,2026-03-21,2400.0,Rs./Quintal,36.0,Metric Tonnes
Brinjal,APMC Nasik,2026-03-22,2250.0,Rs./Quintal,33.8,Metric Tonnes
Brinjal,APMC Nasik,2026-03-23,2300.0,Rs./Quintal,35.2,Metric Tonnes
Brinjal,APMC Nasik,2026-03-24,2200.0,Rs./Quintal,37.7,Metric Tonnes
Brinjal,APMC Nasik,2026-03-26,1300.0,Rs./Quintal,27.4,Metric Tonnes
Brinjal,APMC Nasik,2026-03-27,1600.0,Rs./Quintal,37.6,Metric Tonnes
Brinjal,APMC Nasik,2026-03-28,1800.0,Rs./Quintal,38.0,Metric Tonnes
Brinjal,APMC Nasik,2026-03-29,1700.0,Rs./Quintal,41.0,Metric Tonnes
Brinjal,APMC Nasik,2026-03-30,2600.0,Rs./Quintal,36.9,Metric Tonnes
Brinjal,APMC Nasik,2026-03-31,1900.0,Rs./Quintal,36.9,Metric Tonnes
Brinjal,APMC Nasik,2026-04-01,1900.0,Rs./Quintal,35.7,Metric Tonnes
Brinjal,APMC Nasik,2026-04-02,2500.0,Rs./Quintal,34.6,Metric Tonnes
Brinjal,APMC Nasik,2026-04-03,1000.0,Rs./Quintal,38.2,Metric Tonnes
Brinjal,APMC Nasik,2026-04-04,1400.0,Rs./Quintal,38.2,Metric Tonnes
Brinjal,APMC Nasik,2026-04-05,1700.0,Rs./Quintal,39.1,Metric Tonnes
Brinjal,APMC Nasik,2026-04-06,1900.0,Rs./Quintal,38.1,Metric Tonnes
Brinjal,APMC Nasik,2026-04-07,2200.0,Rs./Quintal,36.4,Metric Tonnes
Brinjal,APMC Nasik,2026-04-08,2200.0,Rs./Quintal,37.2,Metric Tonnes
Brinjal,APMC Nasik,2026-04-09,2200.0,Rs./Quintal,37.1,Metric Tonnes
Brinjal,APMC Nasik,2026-04-10,900.0,Rs./Quintal,42.4,Metric Tonnes
Brinjal,APMC Nasik,2026-04-11,1220.0,Rs./Quintal,27.5,Metric Tonnes
Brinjal,APMC Nasik,2026-04-12,1100.0,Rs./Quintal,49.2,Metric Tonnes
Brinjal,APMC Nasik,2026-04-13,1200.0,Rs./Quintal,48.0,Metric Tonnes
Brinjal,APMC Nasik,2026-04-14,1500.0,Rs./Quintal,39.4,Metric Tonnes
Brinjal,APMC Nasik,2026-04-15,1700.0,Rs./Quintal,37.1,Metric Tonnes
Brinjal,APMC Nasik,2026-04-16,1500.0,Rs./Quintal,39.7,Metric Tonnes
Brinjal,APMC Nasik,2026-04-17,1400.0,Rs./Quintal,35.6,Metric Tonnes
Brinjal,APMC Nasik,2026-04-18,1500.0,Rs./Quintal,37.4,Metric Tonnes
Brinjal,APMC Nasik,2026-04-19,1800.0,Rs./Quintal,30.3,Metric Tonnes
Brinjal,APMC Nasik,2026-04-20,1800.0,Rs./Quintal,33.9,Metric Tonnes
Brinjal,APMC Nasik,2026-04-21,1450.0,Rs./Quintal,37.8,Metric Tonnes
Brinjal,APMC Nasik,2026-04-22,2500.0,Rs./Quintal,46.7,Metric Tonnes
Brinjal,APMC Nasik,2026-04-23,1500.0,Rs./Quintal,43.0,Metric Tonnes
Brinjal,APMC Nasik,2026-04-24,1250.0,Rs./Quintal,25.4,Metric Tonnes
Brinjal,APMC Nasik,2026-04-25,1500.0,Rs./Quintal,22.9,Metric Tonnes
Brinjal,APMC Nasik,2026-04-26,2500.0,Rs./Quintal,24.4,Metric Tonnes
Brinjal,APMC Nasik,2026-04-27,2000.0,Rs./Quintal,35.2,Metric Tonnes
Brinjal,APMC Nasik,2026-04-28,2000.0,Rs./Quintal,25.8,Metric Tonnes
Brinjal,APMC Nasik,2026-04-29,2500.0,Rs./Quintal,27.0,Metric Tonnes
Brinjal,APMC Nasik,2026-04-30,2100.0,Rs./Quintal,28.4,Metric Tonnes
Brinjal,APMC Nasik,2026-05-01,2100.0,Rs./Quintal,24.8,Metric Tonnes
Brinjal,APMC Nasik,2026-05-02,1500.0,Rs./Quintal,13.0,Metric Tonnes
Brinjal,APMC Nasik,2026-05-04,2000.0,Rs./Quintal,21.7,Metric Tonnes
Brinjal,APMC Nasik,2026-05-05,1800.0,Rs./Quintal,24.9,Metric Tonnes
Brinjal,APMC Nasik,2026-05-06,1500.0,Rs./Quintal,53.8,Metric Tonnes
Brinjal,APMC Nasik,2026-05-07,1500.0,Rs./Quintal,48.0,Metric Tonnes
Brinjal,APMC Nasik,2026-05-08,1800.0,Rs./Quintal,44.7,Metric Tonnes
Brinjal,APMC Nasik,2026-05-09,3000.0,Rs./Quintal,41.3,Metric Tonnes
Brinjal,APMC Nasik,2026-05-12,3400.0,Rs./Quintal,17.8,Metric Tonnes
Brinjal,APMC Nasik,2026-05-13,3400.0,Rs./Quintal,16.7,Metric Tonnes
Brinjal,APMC Nasik,2026-05-14,3700.0,Rs./Quintal,15.7,Metric Tonnes
Brinjal,APMC Nasik,2026-05-15,3000.0,Rs./Quintal,21.9,Metric Tonnes
Brinjal,APMC Nasik,2026-05-16,3500.0,Rs./Quintal,22.8,Metric Tonnes
Brinjal,APMC Nasik,2026-05-18,3200.0,Rs./Quintal,17.6,Metric Tonnes
Brinjal,APMC Nasik,2026-05-19,3100.0,Rs./Quintal,16.7,Metric Tonnes
Brinjal,APMC Nasik,2026-05-20,3600.0,Rs./Quintal,18.3,Metric Tonnes
Brinjal,APMC Nasik,2026-05-21,3450.0,Rs./Quintal,15.6,Metric Tonnes
Brinjal,APMC Nasik,2026-05-22,3000.0,Rs./Quintal,16.0,Metric Tonnes
Brinjal,APMC Nasik,2026-05-23,4000.0,Rs./Quintal,14.5,Metric Tonnes
Brinjal,APMC Nasik,2026-05-24,4000.0,Rs./Quintal,17.7,Metric Tonnes
Brinjal,APMC Nasik,2026-05-28,2800.0,Rs./Quintal,18.1,Metric Tonnes
Brinjal,APMC Nasik,2026-05-29,4000.0,Rs./Quintal,15.3,Metric Tonnes
Brinjal,APMC Nasik,2026-05-30,4000.0,Rs./Quintal,15.3,Metric Tonnes
Brinjal,APMC Nasik,2026-05-31,3500.0,Rs./Quintal,16.6,Metric Tonnes
Brinjal,APMC Nasik,2026-06-01,3400.0,Rs./Quintal,13.0,Metric Tonnes
Brinjal,APMC Nasik,2026-06-02,3300.0,Rs./Quintal,13.8,Metric Tonnes
Brinjal,APMC Nasik,2026-06-03,4000.0,Rs./Quintal,22.6,Metric Tonnes
Brinjal,APMC Nasik,2026-06-04,3500.0,Rs./Quintal,21.3,Metric Tonnes
Brinjal,APMC Nasik,2026-06-05,3600.0,Rs./Quintal,16.2,Metric Tonnes
Brinjal,APMC Nasik,2026-06-06,4000.0,Rs./Quintal,17.1,Metric Tonnes
Brinjal,APMC Nasik,2026-06-07,3400.0,Rs./Quintal,17.7,Metric Tonnes
Brinjal,APMC Nasik,2026-06-08,3800.0,Rs./Quintal,18.7,Metric Tonnes
Brinjal,APMC Nasik,2026-06-09,3800.0,Rs./Quintal,15.0,Metric Tonnes
Brinjal,APMC Nasik,2026-06-10,4300.0,Rs./Quintal,13.9,Metric Tonnes
Brinjal,APMC Nasik,2026-06-11,3000.0,Rs./Quintal,18.8,Metric Tonnes
Brinjal,APMC Nasik,2026-06-12,3750.0,Rs./Quintal,17.8,Metric Tonnes
Brinjal,APMC Nasik,2026-06-13,3700.0,Rs./Quintal,20.0,Metric Tonnes
Brinjal,APMC Nasik,2026-06-14,3600.0,Rs./Quintal,37.7,Metric Tonnes
Brinjal,APMC Nasik,2026-06-15,3000.0,Rs./Quintal,16.2,Metric Tonnes
Brinjal,APMC Nasik,2026-06-16,3900.0,Rs./Quintal,15.4,Metric Tonnes
Brinjal,APMC Nasik,2026-06-17,3200.0,Rs./Quintal,17.1,Metric Tonnes
Brinjal,APMC Nasik,2026-06-18,3500.0,Rs./Quintal,17.2,Metric Tonnes
Brinjal,APMC Nasik,2026-06-19,4000.0,Rs./Quintal,17.1,Metric Tonnes
Brinjal,APMC Nasik,2026-06-20,4500.0,Rs./Quintal,15.0,Metric Tonnes
Brinjal,APMC Nasik,2026-06-21,4500.0,Rs./Quintal,13.8,Metric Tonnes
Brinjal,APMC Nasik,2026-06-22,4200.0,Rs./Quintal,16.7,Metric Tonnes
Brinjal,APMC Nasik,2026-06-23,4000.0,Rs./Quintal,14.0,Metric Tonnes
Brinjal,APMC Nasik,2026-06-24,2000.0,Rs./Quintal,15.3,Metric Tonnes
Brinjal,APMC Nasik,2026-06-25,3500.0,Rs./Quintal,16.9,Metric Tonnes
Brinjal,APMC Nasik,2026-06-26,3000.0,Rs./Quintal,25.8,Metric Tonnes
Brinjal,APMC Nasik,2026-06-27,3000.0,Rs./Quintal,11.9,Metric Tonnes
Brinjal,APMC Nasik,2026-06-28,4000.0,Rs./Quintal,18.3,Metric Tonnes
Brinjal,APMC Nasik,2026-06-29,2800.0,Rs./Quintal,19.2,Metric Tonnes
Brinjal,APMC Nasik,2026-06-30,2250.0,Rs./Quintal,25.0,Metric Tonnes
Brinjal,APMC Nasik,2026-07-01,1500.0,Rs./Quintal,27.3,Metric Tonnes
Brinjal,APMC Nasik,2026-07-02,1700.0,Rs./Quintal,25.6,Metric Tonnes
Brinjal,APMC Nasik,2026-07-03,2000.0,Rs./Quintal,23.6,Metric Tonnes
Brinjal,APMC Nasik,2026-07-04,3000.0,Rs./Quintal,18.3,Metric Tonnes
Brinjal,APMC Nasik,2026-07-05,3000.0,Rs./Quintal,15.7,Metric Tonnes
Brinjal,APMC Nasik,2026-07-06,3000.0,Rs./Quintal,13.6,Metric Tonnes
Brinjal,APMC Nasik,2026-07-07,3000.0,Rs./Quintal,9.4,Metric Tonnes
Brinjal,APMC Nasik,2026-07-08,3500.0,Rs./Quintal,11.5,Metric Tonnes
Brinjal,APMC Nasik,2026-07-09,3250.0,Rs./Quintal,14.0,Metric Tonnes
Brinjal,APMC Nasik,2026-07-10,4700.0,Rs./Quintal,18.4,Metric Tonnes
Brinjal,APMC Nasik,2026-07-11,5000.0,Rs./Quintal,19.0,Metric Tonnes
Brinjal,APMC Nasik,2026-07-13,5500.0,Rs./Quintal,15.6,Metric Tonnes
Brinjal,APMC Nasik,2026-07-14,5000.0,Rs./Quintal,13.0,Metric Tonnes
Brinjal,APMC Nasik,2026-07-15,4250.0,Rs./Quintal,17.6,Metric Tonnes
Brinjal,APMC Nasik,2026-07-17,2800.0,Rs./Quintal,18.5,Metric Tonnes
Brinjal,APMC Nasik,2026-07-18,2800.0,Rs./Quintal,15.3,Metric Tonnes
Brinjal,APMC Nasik,2026-07-20,2500.0,Rs./Quintal,17.7,Metric Tonnes
Brinjal,APMC Nasik,2026-07-21,3500.0,Rs./Quintal,15.0,Metric Tonnes
Brinjal,APMC Nasik,2026-07-22,2000.0,Rs./Quintal,15.4,Metric Tonnes
Brinjal,APMC Nasik,2026-07-24,3000.0,Rs./Quintal,12.4,Metric Tonnes
Brinjal,APMC Nasik,2026-07-25,5250.0,Rs./Quintal,11.4,Metric Tonnes
Brinjal,APMC Nasik,2026-07-26,4500.0,Rs./Quintal,9.8,Metric Tonnes
Brinjal,APMC Nasik,2026-07-27,3200.0,Rs./Quintal,12.0,Metric Tonnes
Brinjal,APMC Nasik,2026-07-28,2750.0,Rs./Quintal,18.6,Metric Tonnes
Brinjal,APMC Nasik,2026-07-29,2200.0,Rs./Quintal,12.9,Metric Tonnes
Brinjal,APMC Nasik,2026-07-30,2500.0,Rs./Quintal,11.8,Metric Tonnes
Brinjal,APMC Nasik,2026-07-31,2000.0,Rs./Quintal,18.3,Metric Tonnes
Brinjal,APMC Nasik,2026-08-01,2225.0,Rs./Quintal,12.0,Metric Tonnes
Brinjal,APMC Nasik,2026-08-02,3250.0,Rs./Quintal,14.1,Metric Tonnes
Brinjal,APMC Nasik,2026-08-03,4200.0,Rs./Quintal,15.6,Metric Tonnes
Brinjal,APMC Nasik,2026-08-04,3000.0,Rs./Quintal,13.3,Metric Tonnes
Brinjal,APMC Nasik,2026-08-05,3200.0,Rs./Quintal,12.7,Metric Tonnes
Brinjal,APMC Nasik,2026-08-06,3250.0,Rs./Quintal,15.9,Metric Tonnes
Brinjal,APMC Nasik,2026-08-07,3500.0,Rs./Quintal,14.7,Metric Tonnes
Brinjal,APMC Nasik,2026-08-08,3000.0,Rs./Quintal,11.2,Metric Tonnes
Brinjal,APMC Nasik,2026-08-09,4500.0,Rs./Quintal,12.2,Metric Tonnes
Brinjal,APMC Nasik,2026-08-10,4800.0,Rs./Quintal,13.0,Metric Tonnes
Brinjal,APMC Nasik,2026-08-11,3000.0,Rs./Quintal,11.8,Metric Tonnes
Brinjal,APMC Nasik,2026-08-12,4000.0,Rs./Quintal,11.5,Metric Tonnes
Brinjal,APMC Nasik,2026-08-13,3000.0,Rs./Quintal,11.7,Metric Tonnes
Brinjal,APMC Nasik,2026-08-14,4000.0,Rs./Quintal,13.0,Metric Tonnes
Brinjal,APMC Nasik,2026-08-16,4250.0,Rs./Quintal,18.6,Metric Tonnes
Brinjal,APMC Nasik,2026-08-17,6000.0,Rs./Quintal,14.9,Metric Tonnes
Brinjal,APMC Nasik,2026-08-18,5500.0,Rs./Quintal,14.5,Metric Tonnes
Brinjal,APMC Nasik,2026-08-19,3800.0,Rs./Quintal,16.8,Metric Tonnes
Brinjal,APMC Nasik,2026-08-20,4800.0,Rs./Quintal,15.7,Metric Tonnes
Brinjal,APMC Nasik,2026-08-21,5000.0,Rs./Quintal,13.6,Metric Tonnes
Brinjal,APMC Nasik,2026-08-22,4400.0,Rs./Quintal,20.5,Metric Tonnes
Brinjal,APMC Nasik,2026-08-23,4700.0,Rs./Quintal,14.6,Metric Tonnes
Brinjal,APMC Nasik,2026-08-24,4000.0,Rs./Quintal,13.5,Metric Tonnes
Brinjal,APMC Nasik,2026-08-25,3500.0,Rs./Quintal,20.5,Metric Tonnes
Brinjal,APMC Nasik,2026-08-26,4500.0,Rs./Quintal,13.5,Metric Tonnes
Brinjal,APMC Nasik,2026-08-30,2250.0,Rs./Quintal,21.9,Metric Tonnes
Brinjal,APMC Nasik,2026-08-31,2700.0,Rs./Quintal,22.7,Metric Tonnes
Brinjal,APMC Nasik,2026-09-06,2250.0,Rs./Quintal,26.1,Metric Tonnes
Brinjal,APMC Nasik,2026-09-09,1600.0,Rs./Quintal,18.5,Metric Tonnes
Brinjal,APMC Nasik,2026-09-10,1450.0,Rs./Quintal,25.0,Metric Tonnes
Brinjal,APMC Nasik,2026-09-11,2100.0,Rs./Quintal,24.0,Metric Tonnes
Brinjal,APMC Nasik,2026-09-12,1530.0,Rs./Quintal,17.4,Metric Tonnes
Brinjal,APMC Nasik,2026-09-14,1200.0,Rs./Quintal,36.6,Metric Tonnes
Brinjal,APMC Nasik,2026-09-15,1600.0,Rs./Quintal,16.4,Metric Tonnes
Brinjal,APMC Nasik,2026-09-16,2000.0,Rs./Quintal,29.6,Metric Tonnes
Brinjal,APMC Nasik,2026-09-17,1800.0,Rs./Quintal,35.2,Metric Tonnes
Brinjal,APMC Nasik,2026-09-18,2180.0,Rs./Quintal,40.0,Metric Tonnes
Brinjal,APMC Nasik,2026-09-19,1700.0,Rs./Quintal,40.1,Metric Tonnes
Brinjal,APMC Nasik,2026-09-20,1600.0,Rs./Quintal,42.7,Metric Tonnes
Brinjal,APMC Nasik,2026-09-21,2000.0,Rs./Quintal,42.2,Metric Tonnes
Brinjal,APMC Nasik,2026-09-22,1700.0,Rs./Quintal,38.6,Metric Tonnes
Brinjal,APMC Nasik,2026-09-23,2200.0,Rs./Quintal,22.2,Metric Tonnes
Brinjal,APMC Nasik,2026-09-24,1200.0,Rs./Quintal,25.2,Metric Tonnes
Brinjal,APMC Nasik,2026-09-25,3000.0,Rs./Quintal,22.1,Metric Tonnes
Brinjal,APMC Nasik,2026-09-26,2250.0,Rs./Quintal,35.7,Metric Tonnes
Brinjal,APMC Nasik,2026-09-27,2250.0,Rs./Quintal,35.1,Metric Tonnes
Brinjal,APMC Nasik,2026-09-28,2300.0,Rs./Quintal,35.5,Metric Tonnes
Brinjal,APMC Nasik,2026-09-29,4000.0,Rs./Quintal,25.4,Metric Tonnes
Brinjal,APMC Nasik,2026-09-30,4000.0,Rs./Quintal,37.3,Metric Tonnes
Brinjal,APMC Nasik,2026-10-01,2250.0,Rs./Quintal,35.7,Metric Tonnes
Brinjal,APMC Nasik,2026-10-02,3200.0,Rs./Quintal,29.9,Metric Tonnes
Brinjal,APMC Nasik,2026-10-03,4000.0,Rs./Quintal,28.7,Metric Tonnes
Brinjal,APMC Nasik,2026-10-04,4600.0,Rs./Quintal,25.9,Metric Tonnes
Brinjal,APMC Nasik,2026-10-05,5000.0,Rs./Quintal,25.1,Metric Tonnes
Brinjal,APMC Nasik,2026-10-06,6250.0,Rs./Quintal,14.9,Metric Tonnes
Cabbage,APMC Nasik,2024-01-01,1250.0,Rs./Quintal,53.0,Metric Tonnes
Cabbage,APMC Nasik,2024-01-02,1040.0,Rs./Quintal,38.0,Metric Tonnes
Cabbage,APMC Nasik,2024-01-03,1250.0,Rs./Quintal,38.0,Metric Tonnes
Cabbage,APMC Nasik,2024-01-04,1170.0,Rs./Quintal,48.0,Metric Tonnes
Cabbage,APMC Nasik,2024-01-05,1250.0,Rs./Quintal,44.0,Metric Tonnes
Cabbage,APMC Nasik,2024-01-06,1040.0,Rs./Quintal,41.0,Metric Tonnes
Cabbage,APMC Nasik,2024-01-08,1250.0,Rs./Quintal,49.0,Metric Tonnes
Cabbage,APMC Nasik,2024-01-09,1000.0,Rs./Quintal,53.0,Metric Tonnes
Cabbage,APMC Nasik,2024-01-10,960.0,Rs./Quintal,43.0,Metric Tonnes
Cabbage,APMC Nasik,2024-01-11,1250.0,Rs./Quintal,43.0,Metric Tonnes
Cabbage,APMC Nasik,2024-01-12,1500.0,Rs./Quintal,45.0,Metric Tonnes
Cabbage,APMC Nasik,2024-01-13,1080.0,Rs./Quintal,42.0,Metric Tonnes
Cabbage,APMC Nasik,2024-01-14,1250.0,Rs./Quintal,48.0,Metric Tonnes
Cabbage,APMC Nasik,2024-01-15,1250.0,Rs./Quintal,46.0,Metric Tonnes
Cabbage,APMC Nasik,2024-01-16,1165.0,Rs./Quintal,45.0,Metric Tonnes
Cabbage,APMC Nasik,2024-01-17,1210.0,Rs./Quintal,40.0,Metric Tonnes
Cabbage,APMC Nasik,2024-01-18,1040.0,Rs./Quintal,36.0,Metric Tonnes
Cabbage,APMC Nasik,2024-01-19,1170.0,Rs./Quintal,44.0,Metric Tonnes
Cabbage,APMC Nasik,2024-01-20,835.0,Rs./Quintal,34.0,Metric Tonnes
Cabbage,APMC Nasik,2024-01-21,1085.0,Rs./Quintal,39.0,Metric Tonnes
Cabbage,APMC Nasik,2024-01-22,1083.0,Rs./Quintal,31.0,Metric Tonnes
Cabbage,APMC Nasik,2024-01-23,1000.0,Rs./Quintal,31.0,Metric Tonnes
Cabbage,APMC Nasik,2024-01-24,1335.0,Rs./Quintal,43.0,Metric Tonnes
Cabbage,APMC Nasik,2024-01-25,1125.0,Rs./Quintal,39.0,Metric Tonnes
Cabbage,APMC Nasik,2024-01-28,1335.0,Rs./Quintal,60.0,Metric Tonnes
Cabbage,APMC Nasik,2024-01-29,1290.0,Rs./Quintal,70.0,Metric Tonnes
Cabbage,APMC Nasik,2024-01-30,1331.0,Rs./Quintal,64.0,Metric Tonnes
Cabbage,APMC Nasik,2024-01-31,1000.0,Rs./Quintal,66.0,Metric Tonnes
Cabbage,APMC Nasik,2024-02-01,1250.0,Rs./Quintal,71.0,Metric Tonnes
Cabbage,APMC Nasik,2024-02-02,1500.0,Rs./Quintal,55.0,Metric Tonnes
Cabbage,APMC Nasik,2024-02-05,1335.0,Rs./Quintal,49.0,Metric Tonnes
Cabbage,APMC Nasik,2024-02-06,1375.0,Rs./Quintal,49.0,Metric Tonnes
Cabbage,APMC Nasik,2024-02-07,1460.0,Rs./Quintal,67.0,Metric Tonnes
Cabbage,APMC Nasik,2024-02-08,835.0,Rs./Quintal,38.0,Metric Tonnes
Cabbage,APMC Nasik,2024-02-09,1420.0,Rs./Quintal,49.0,Metric Tonnes
Cabbage,APMC Nasik,2024-02-10,1460.0,Rs./Quintal,44.0,Metric Tonnes
Cabbage,APMC Nasik,2024-02-11,1250.0,Rs./Quintal,55.0,Metric Tonnes
Cabbage,APMC Nasik,2024-02-12,1250.0,Rs./Quintal,38.0,Metric Tonnes
Cabbage,APMC Nasik,2024-02-13,1333.0,Rs./Quintal,37.0,Metric Tonnes
Cabbage,APMC Nasik,2024-02-14,1335.0,Rs./Quintal,71.0,Metric Tonnes
Cabbage,APMC Nasik,2024-02-15,1460.0,Rs./Quintal,44.0,Metric Tonnes
Cabbage,APMC Nasik,2024-02-16,1420.0,Rs./Quintal,25.0,Metric Tonnes
Cabbage,APMC Nasik,2024-02-17,1250.0,Rs./Quintal,40.0,Metric Tonnes
Cabbage,APMC Nasik,2024-02-19,1670.0,Rs./Quintal,39.0,Metric Tonnes
Cabbage,APMC Nasik,2024-02-20,1665.0,Rs./Quintal,40.0,Metric Tonnes
Cabbage,APMC Nasik,2024-02-21,1665.0,Rs./Quintal,40.0,Metric Tonnes
Cabbage,APMC Nasik,2024-02-22,1500.0,Rs./Quintal,34.0,Metric Tonnes
Cabbage,APMC Nasik,2024-02-23,1420.0,Rs./Quintal,40.0,Metric Tonnes
Cabbage,APMC Nasik,2024-02-24,1420.0,Rs./Quintal,50.0,Metric Tonnes
Cabbage,APMC Nasik,2024-02-27,1250.0,Rs./Quintal,71.0,Metric Tonnes
Cabbage,APMC Nasik,2024-02-28,1250.0,Rs./Quintal,29.3,Metric Tonnes
Cabbage,APMC Nasik,2024-02-29,1170.0,Rs./Quintal,49.2,Metric Tonnes
Cabbage,APMC Nasik,2024-03-01,1335.0,Rs./Quintal,56.7,Metric Tonnes
Cabbage,APMC Nasik,2024-03-02,1125.0,Rs./Quintal,62.1,Metric Tonnes
Cabbage,APMC Nasik,2024-03-04,1250.0,Rs./Quintal,37.5,Metric Tonnes
Cabbage,APMC Nasik,2024-03-05,1460.0,Rs./Quintal,52.8,Metric Tonnes
Cabbage,APMC Nasik,2024-03-06,1310.0,Rs./Quintal,51.4,Metric Tonnes
Cabbage,APMC Nasik,2024-03-07,1250.0,Rs./Quintal,48.7,Metric Tonnes
Cabbage,APMC Nasik,2024-03-08,1250.0,Rs./Quintal,31.6,Metric Tonnes
Cabbage,APMC Nasik,2024-03-09,1290.0,Rs./Quintal,40.2,Metric Tonnes
Cabbage,APMC Nasik,2024-03-10,1170.0,Rs./Quintal,40.0,Metric Tonnes
Cabbage,APMC Nasik,2024-03-11,960.0,Rs./Quintal,32.8,Metric Tonnes
Cabbage,APMC Nasik,2024-03-12,1085.0,Rs./Quintal,33.0,Metric Tonnes
Cabbage,APMC Nasik,2024-03-19,1040.0,Rs./Quintal,65.8,Metric Tonnes
Cabbage,APMC Nasik,2024-03-20,835.0,Rs./Quintal,75.0,Metric Tonnes
Cabbage,APMC Nasik,2024-03-21,875.0,Rs./Quintal,60.1,Metric Tonnes
Cabbage,APMC Nasik,2024-03-22,1040.0,Rs./Quintal,42.4,Metric Tonnes
Cabbage,APMC Nasik,2024-03-23,1000.0,Rs./Quintal,59.0,Metric Tonnes
Cabbage,APMC Nasik,2024-03-24,1000.0,Rs./Quintal,12.6,Metric Tonnes
Cabbage,APMC Nasik,2024-03-25,835.0,Rs./Quintal,68.7,Metric Tonnes
Cabbage,APMC Nasik,2024-03-26,835.0,Rs./Quintal,44.8,Metric Tonnes
Cabbage,APMC Nasik,2024-03-27,1085.0,Rs./Quintal,51.6,Metric Tonnes
Cabbage,APMC Nasik,2024-03-28,1125.0,Rs./Quintal,60.4,Metric Tonnes
Cabbage,APMC Nasik,2024-03-29,1125.0,Rs./Quintal,69.9,Metric Tonnes
Cabbage,APMC Nasik,2024-03-30,625.0,Rs./Quintal,93.3,Metric Tonnes
Cabbage,APMC Nasik,2024-03-31,835.0,Rs./Quintal,81.8,Metric Tonnes
Cabbage,APMC Nasik,2024-04-01,1250.0,Rs./Quintal,68.1,Metric Tonnes
Cabbage,APMC Nasik,2024-04-02,430.0,Rs./Quintal,93.4,Metric Tonnes
Cabbage,APMC Nasik,2024-04-03,1250.0,Rs./Quintal,67.4,Metric Tonnes
Cabbage,APMC Nasik,2024-04-04,1000.0,Rs./Quintal,35.4,Metric Tonnes
Cabbage,APMC Nasik,2024-04-05,1041.0,Rs./Quintal,32.5,Metric Tonnes
Cabbage,APMC Nasik,2024-04-06,830.0,Rs./Quintal,24.6,Metric Tonnes
Cabbage,APMC Nasik,2024-04-07,1000.0,Rs./Quintal,19.8,Metric Tonnes
Cabbage,APMC Nasik,2024-04-08,750.0,Rs./Quintal,68.1,Metric Tonnes
Cabbage,APMC Nasik,2024-04-09,750.0,Rs./Quintal,48.5,Metric Tonnes
Cabbage,APMC Nasik,2024-04-13,1250.0,Rs./Quintal,83.7,Metric Tonnes
Cabbage,APMC Nasik,2024-04-15,1165.0,Rs./Quintal,78.3,Metric Tonnes
Cabbage,APMC Nasik,2024-04-19,1085.0,Rs./Quintal,61.0,Metric Tonnes
Cabbage,APMC Nasik,2024-04-22,915.0,Rs./Quintal,72.9,Metric Tonnes
Cabbage,APMC Nasik,2024-04-24,1085.0,Rs./Quintal,77.3,Metric Tonnes
Cabbage,APMC Nasik,2024-04-25,1085.0,Rs./Quintal,80.4,Metric Tonnes
Cabbage,APMC Nasik,2024-04-26,660.0,Rs./Quintal,111.0,Metric Tonnes
Cabbage,APMC Nasik,2024-04-27,835.0,Rs./Quintal,75.2,Metric Tonnes
Cabbage,APMC Nasik,2024-04-29,1040.0,Rs./Quintal,87.9,Metric Tonnes
Cabbage,APMC Nasik,2024-04-30,833.0,Rs./Quintal,64.2,Metric Tonnes
Cabbage,APMC Nasik,2024-05-01,1250.0,Rs./Quintal,75.8,Metric Tonnes
Cabbage,APMC Nasik,2024-05-02,835.0,Rs./Quintal,53.3,Metric Tonnes
Cabbage,APMC Nasik,2024-05-03,1210.0,Rs./Quintal,69.1,Metric Tonnes
Cabbage,APMC Nasik,2024-05-04,830.0,Rs./Quintal,67.6,Metric Tonnes
Cabbage,APMC Nasik,2024-05-05,835.0,Rs./Quintal,87.2,Metric Tonnes
Cabbage,APMC Nasik,2024-05-06,915.0,Rs./Quintal,76.0,Metric Tonnes
Cabbage,APMC Nasik,2024-05-07,750.0,Rs./Quintal,68.8,Metric Tonnes
Cabbage,APMC Nasik,2024-05-08,580.0,Rs./Quintal,59.5,Metric Tonnes
Cabbage,APMC Nasik,2024-05-09,750.0,Rs./Quintal,62.7,Metric Tonnes
Cabbage,APMC Nasik,2024-05-10,1040.0,Rs./Quintal,64.1,Metric Tonnes
Cabbage,APMC Nasik,2024-05-11,1170.0,Rs./Quintal,58.9,Metric Tonnes
Cabbage,APMC Nasik,2024-05-12,1250.0,Rs./Quintal,56.8,Metric Tonnes
Cabbage,APMC Nasik,2024-05-13,1085.0,Rs./Quintal,60.8,Metric Tonnes
Cabbage,APMC Nasik,2024-05-14,915.0,Rs./Quintal,59.2,Metric Tonnes
Cabbage,APMC Nasik,2024-05-15,835.0,Rs./Quintal,50.5,Metric Tonnes
Cabbage,APMC Nasik,2024-05-16,750.0,Rs./Quintal,44.6,Metric Tonnes
Cabbage,APMC Nasik,2024-05-17,665.0,Rs./Quintal,45.7,Metric Tonnes
Cabbage,APMC Nasik,2024-05-18,835.0,Rs./Quintal,69.6,Metric Tonnes
Cabbage,APMC Nasik,2024-05-19,750.0,Rs./Quintal,102.9,Metric Tonnes
Cabbage,APMC Nasik,2024-05-20,1085.0,Rs./Quintal,50.2,Metric Tonnes
Cabbage,APMC Nasik,2024-05-21,1580.0,Rs./Quintal,56.5,Metric Tonnes
Cabbage,APMC Nasik,2024-05-22,835.0,Rs./Quintal,64.4,Metric Tonnes
Cabbage,APMC Nasik,2024-05-23,1040.0,Rs./Quintal,58.0,Metric Tonnes
Cabbage,APMC Nasik,2024-05-24,1250.0,Rs./Quintal,38.0,Metric Tonnes
Cabbage,APMC Nasik,2024-05-25,1000.0,Rs./Quintal,55.0,Metric Tonnes
Cabbage,APMC Nasik,2024-05-26,785.0,Rs./Quintal,43.4,Metric Tonnes
Cabbage,APMC Nasik,2024-05-27,1170.0,Rs./Quintal,73.0,Metric Tonnes
Cabbage,APMC Nasik,2024-05-28,1830.0,Rs./Quintal,79.3,Metric Tonnes
Cabbage,APMC Nasik,2024-05-29,1085.0,Rs./Quintal,75.3,Metric Tonnes
Cabbage,APMC Nasik,2024-05-30,2330.0,Rs./Quintal,78.0,Metric Tonnes
Cabbage,APMC Nasik,2024-05-31,2000.0,Rs./Quintal,76.2,Metric Tonnes
Cabbage,APMC Nasik,2024-06-01,1170.0,Rs./Quintal,71.2,Metric Tonnes
Cabbage,APMC Nasik,2024-06-02,1170.0,Rs./Quintal,77.4,Metric Tonnes
Cabbage,APMC Nasik,2024-06-03,1330.0,Rs./Quintal,74.3,Metric Tonnes
Cabbage,APMC Nasik,2024-06-04,1165.0,Rs./Quintal,79.2,Metric Tonnes
Cabbage,APMC Nasik,2024-06-05,1165.0,Rs./Quintal,81.9,Metric Tonnes
Cabbage,APMC Nasik,2024-06-06,1080.0,Rs./Quintal,86.8,Metric Tonnes
Cabbage,APMC Nasik,2024-06-07,1250.0,Rs./Quintal,46.9,Metric Tonnes
Cabbage,APMC Nasik,2024-06-08,1165.0,Rs./Quintal,52.7,Metric Tonnes
Cabbage,APMC Nasik,2024-06-09,1500.0,Rs./Quintal,76.3,Metric Tonnes
Cabbage,APMC Nasik,2024-06-10,1500.0,Rs./Quintal,77.5,Metric Tonnes
Cabbage,APMC Nasik,2024-06-11,1330.0,Rs./Quintal,77.6,Metric Tonnes
Cabbage,APMC Nasik,2024-06-12,5000.0,Rs./Quintal,55.5,Metric Tonnes
Cabbage,APMC Nasik,2024-06-13,1500.0,Rs./Quintal,77.8,Metric Tonnes
Cabbage,APMC Nasik,2024-06-14,1250.0,Rs./Quintal,60.0,Metric Tonnes
Cabbage,APMC Nasik,2024-06-15,1420.0,Rs./Quintal,49.0,Metric Tonnes
Cabbage,APMC Nasik,2024-06-16,1580.0,Rs./Quintal,54.4,Metric Tonnes
Cabbage,APMC Nasik,2024-06-17,1415.0,Rs./Quintal,59.6,Metric Tonnes
Cabbage,APMC Nasik,2024-06-18,1500.0,Rs./Quintal,50.5,Metric Tonnes
Cabbage,APMC Nasik,2024-06-19,1415.0,Rs./Quintal,81.3,Metric Tonnes
Cabbage,APMC Nasik,2024-06-20,1333.0,Rs./Quintal,76.1,Metric Tonnes
Cabbage,APMC Nasik,2024-06-21,1250.0,Rs./Quintal,45.9,Metric Tonnes
Cabbage,APMC Nasik,2024-06-22,1500.0,Rs./Quintal,49.2,Metric Tonnes
Cabbage,APMC Nasik,2024-06-24,1500.0,Rs./Quintal,42.5,Metric Tonnes
Cabbage,APMC Nasik,2024-06-25,1500.0,Rs./Quintal,43.4,Metric Tonnes
Cabbage,APMC Nasik,2024-06-26,1416.0,Rs./Quintal,45.3,Metric Tonnes
Cabbage,APMC Nasik,2024-06-27,1500.0,Rs./Quintal,44.3,Metric Tonnes
Cabbage,APMC Nasik,2024-06-28,1170.0,Rs./Quintal,49.5,Metric Tonnes
Cabbage,APMC Nasik,2024-06-29,833.0,Rs./Quintal,52.0,Metric Tonnes
Cabbage,APMC Nasik,2024-06-30,1415.0,Rs./Quintal,42.3,Metric Tonnes
Cabbage,APMC Nasik,2024-07-01,1000.0,Rs./Quintal,43.1,Metric Tonnes
Cabbage,APMC Nasik,2024-07-02,1415.0,Rs./Quintal,46.3,Metric Tonnes
Cabbage,APMC Nasik,2024-07-03,1330.0,Rs./Quintal,45.5,Metric Tonnes
Cabbage,APMC Nasik,2024-07-04,1415.0,Rs./Quintal,43.3,Metric Tonnes
Cabbage,APMC Nasik,2024-07-05,1250.0,Rs./Quintal,47.9,Metric Tonnes
Cabbage,APMC Nasik,2024-07-06,1500.0,Rs./Quintal,46.2,Metric Tonnes
Cabbage,APMC Nasik,2024-07-07,1500.0,Rs./Quintal,47.1,Metric Tonnes
Cabbage,APMC Nasik,2024-07-08,1420.0,Rs./Quintal,55.5,Metric Tonnes
Cabbage,APMC Nasik,2024-07-09,1416.0,Rs./Quintal,45.9,Metric Tonnes
Cabbage,APMC Nasik,2024-07-10,1915.0,Rs./Quintal,42.9,Metric Tonnes
Cabbage,APMC Nasik,2024-07-11,1670.0,Rs./Quintal,45.2,Metric Tonnes
Cabbage,APMC Nasik,2024-07-12,1420.0,Rs./Quintal,42.2,Metric Tonnes
Cabbage,APMC Nasik,2024-07-13,1665.0,Rs./Quintal,38.2,Metric Tonnes
Cabbage,APMC Nasik,2024-07-15,1580.0,Rs./Quintal,41.4,Metric Tonnes
Cabbage,APMC Nasik,2024-07-16,1580.0,Rs./Quintal,40.8,Metric Tonnes
Cabbage,APMC Nasik,2024-07-17,1665.0,Rs./Quintal,42.8,Metric Tonnes
Cabbage,APMC Nasik,2024-07-18,1420.0,Rs./Quintal,38.5,Metric Tonnes
Cabbage,APMC Nasik,2024-07-19,1500.0,Rs./Quintal,45.1,Metric Tonnes
Cabbage,APMC Nasik,2024-07-20,1665.0,Rs./Quintal,48.6,Metric Tonnes
Cabbage,APMC Nasik,2024-07-22,1250.0,Rs./Quintal,44.4,Metric Tonnes
Cabbage,APMC Nasik,2024-07-23,1665.0,Rs./Quintal,38.3,Metric Tonnes
Cabbage,APMC Nasik,2024-07-24,1250.0,Rs./Quintal,45.7,Metric Tonnes
Cabbage,APMC Nasik,2024-07-25,1170.0,Rs./Quintal,47.1,Metric Tonnes
Cabbage,APMC Nasik,2024-07-26,1500.0,Rs./Quintal,32.7,Metric Tonnes
Cabbage,APMC Nasik,2024-07-27,1500.0,Rs./Quintal,49.2,Metric Tonnes
Cabbage,APMC Nasik,2024-07-29,1500.0,Rs./Quintal,51.5,Metric Tonnes
Cabbage,APMC Nasik,2024-07-30,1500.0,Rs./Quintal,47.0,Metric Tonnes
Cabbage,APMC Nasik,2024-07-31,1415.0,Rs./Quintal,51.0,Metric Tonnes
Cabbage,APMC Nasik,2024-08-01,1500.0,Rs./Quintal,52.5,Metric Tonnes
Cabbage,APMC Nasik,2024-08-02,1250.0,Rs./Quintal,61.6,Metric Tonnes
Cabbage,APMC Nasik,2024-08-03,1250.0,Rs./Quintal,72.6,Metric Tonnes
Cabbage,APMC Nasik,2024-08-04,1170.0,Rs./Quintal,63.9,Metric Tonnes
Cabbage,APMC Nasik,2024-08-05,1250.0,Rs./Quintal,49.6,Metric Tonnes
Cabbage,APMC Nasik,2024-08-06,1250.0,Rs./Quintal,40.6,Metric Tonnes
Cabbage,APMC Nasik,2024-08-07,1210.0,Rs./Quintal,58.6,Metric Tonnes
Cabbage,APMC Nasik,2024-08-08,1210.0,Rs./Quintal,51.7,Metric Tonnes
Cabbage,APMC Nasik,2024-08-09,1250.0,Rs./Quintal,62.1,Metric Tonnes
Cabbage,APMC Nasik,2024-08-10,1250.0,Rs./Quintal,61.6,Metric Tonnes
Cabbage,APMC Nasik,2024-08-11,1335.0,Rs./Quintal,71.9,Metric Tonnes
Cabbage,APMC Nasik,2024-08-12,1250.0,Rs./Quintal,63.2,Metric Tonnes
Cabbage,APMC Nasik,2024-08-13,1665.0,Rs./Quintal,72.1,Metric Tonnes
Cabbage,APMC Nasik,2024-08-14,1335.0,Rs./Quintal,63.5,Metric Tonnes
Cabbage,APMC Nasik,2024-08-17,1420.0,Rs./Quintal,64.2,Metric Tonnes
Cabbage,APMC Nasik,2024-08-20,1500.0,Rs./Quintal,51.0,Metric Tonnes
Cabbage,APMC Nasik,2024-08-21,1665.0,Rs./Quintal,53.4,Metric Tonnes
Cabbage,APMC Nasik,2024-08-22,1170.0,Rs./Quintal,52.8,Metric Tonnes
Cabbage,APMC Nasik,2024-08-23,1040.0,Rs./Quintal,40.4,Metric Tonnes
Cabbage,APMC Nasik,2024-08-24,1085.0,Rs./Quintal,40.9,Metric Tonnes
Cabbage,APMC Nasik,2024-08-26,960.0,Rs./Quintal,48.1,Metric Tonnes
Cabbage,APMC Nasik,2024-08-27,1085.0,Rs./Quintal,41.1,Metric Tonnes
Cabbage,APMC Nasik,2024-08-28,1170.0,Rs./Quintal,51.9,Metric Tonnes
Cabbage,APMC Nasik,2024-08-29,1250.0,Rs./Quintal,56.3,Metric Tonnes
Cabbage,APMC Nasik,2024-08-30,875.0,Rs./Quintal,83.5,Metric Tonnes
Cabbage,APMC Nasik,2024-08-31,1000.0,Rs./Quintal,52.7,Metric Tonnes
Cabbage,APMC Nasik,2024-09-01,835.0,Rs./Quintal,53.2,Metric Tonnes
Cabbage,APMC Nasik,2024-09-02,835.0,Rs./Quintal,54.7,Metric Tonnes
Cabbage,APMC Nasik,2024-09-03,1080.0,Rs./Quintal,46.0,Metric Tonnes
Cabbage,APMC Nasik,2024-09-04,835.0,Rs./Quintal,42.0,Metric Tonnes
Cabbage,APMC Nasik,2024-09-05,830.0,Rs./Quintal,44.6,Metric Tonnes
Cabbage,APMC Nasik,2024-09-06,1085.0,Rs./Quintal,39.2,Metric Tonnes
Cabbage,APMC Nasik,2024-09-07,1500.0,Rs./Quintal,37.5,Metric Tonnes
Cabbage,APMC Nasik,2024-09-08,1250.0,Rs./Quintal,38.1,Metric Tonnes
Cabbage,APMC Nasik,2024-09-09,1335.0,Rs./Quintal,41.3,Metric Tonnes
Cabbage,APMC Nasik,2024-09-10,1166.0,Rs./Quintal,29.5,Metric Tonnes
Cabbage,APMC Nasik,2024-09-11,1220.0,Rs./Quintal,41.5,Metric Tonnes
Cabbage,APMC Nasik,2024-09-12,1500.0,Rs./Quintal,44.6,Metric Tonnes
Cabbage,APMC Nasik,2024-09-13,1250.0,Rs./Quintal,40.4,Metric Tonnes
Cabbage,APMC Nasik,2024-09-14,1250.0,Rs./Quintal,39.9,Metric Tonnes
Cabbage,APMC Nasik,2024-09-15,1250.0,Rs./Quintal,37.7,Metric Tonnes
Cabbage,APMC Nasik,2024-09-16,1500.0,Rs./Quintal,61.9,Metric Tonnes
Cabbage,APMC Nasik,2024-09-17,830.0,Rs./Quintal,44.6,Metric Tonnes
Cabbage,APMC Nasik,2024-09-18,1415.0,Rs./Quintal,46.4,Metric Tonnes
Cabbage,APMC Nasik,2024-09-19,1250.0,Rs./Quintal,35.1,Metric Tonnes
Cabbage,APMC Nasik,2024-09-20,1250.0,Rs./Quintal,39.6,Metric Tonnes
Cabbage,APMC Nasik,2024-09-21,1250.0,Rs./Quintal,42.6,Metric Tonnes
Cabbage,APMC Nasik,2024-09-22,1335.0,Rs./Quintal,46.4,Metric Tonnes
Cabbage,APMC Nasik,2024-09-23,1250.0,Rs./Quintal,49.2,Metric Tonnes
Cabbage,APMC Nasik,2024-09-24,1250.0,Rs./Quintal,50.5,Metric Tonnes
Cabbage,APMC Nasik,2024-09-25,1250.0,Rs./Quintal,50.5,Metric Tonnes
Cabbage,APMC Nasik,2024-09-26,1080.0,Rs./Quintal,57.1,Metric Tonnes
Cabbage,APMC Nasik,2024-09-27,1080.0,Rs./Quintal,57.8,Metric Tonnes
Cabbage,APMC Nasik,2024-09-28,1250.0,Rs./Quintal,56.4,Metric Tonnes
Cabbage,APMC Nasik,2024-09-29,1250.0,Rs./Quintal,49.0,Metric Tonnes
Cabbage,APMC Nasik,2024-09-30,1335.0,Rs./Quintal,72.2,Metric Tonnes
Cabbage,APMC Nasik,2024-10-01,1415.0,Rs./Quintal,57.2,Metric Tonnes
Cabbage,APMC Nasik,2024-10-02,1250.0,Rs./Quintal,47.3,Metric Tonnes
Cabbage,APMC Nasik,2024-10-03,1875.0,Rs./Quintal,50.9,Metric Tonnes
Cabbage,APMC Nasik,2024-10-04,1665.0,Rs./Quintal,53.6,Metric Tonnes
Cabbage,APMC Nasik,2024-10-05,1665.0,Rs./Quintal,54.0,Metric Tonnes
Cabbage,APMC Nasik,2024-10-06,1500.0,Rs./Quintal,75.3,Metric Tonnes
Cabbage,APMC Nasik,2024-10-07,1460.0,Rs./Quintal,60.2,Metric Tonnes
Cabbage,APMC Nasik,2024-10-09,1415.0,Rs./Quintal,68.3,Metric Tonnes
Cabbage,APMC Nasik,2024-10-10,1415.0,Rs./Quintal,69.1,Metric Tonnes
Cabbage,APMC Nasik,2024-10-11,1666.0,Rs./Quintal,70.8,Metric Tonnes
Cabbage,APMC Nasik,2024-10-12,1500.0,Rs./Quintal,41.3,Metric Tonnes
Cabbage,APMC Nasik,2024-10-13,1420.0,Rs./Quintal,73.2,Metric Tonnes
Cabbage,APMC Nasik,2024-10-14,1250.0,Rs./Quintal,72.4,Metric Tonnes
Cabbage,APMC Nasik,2024-10-15,1667.0,Rs./Quintal,59.4,Metric Tonnes
Cabbage,APMC Nasik,2024-10-16,1470.0,Rs./Quintal,81.1,Metric Tonnes
Cabbage,APMC Nasik,2024-10-17,1250.0,Rs./Quintal,60.4,Metric Tonnes
Cabbage,APMC Nasik,2024-10-18,1500.0,Rs./Quintal,82.3,Metric Tonnes
Cabbage,APMC Nasik,2024-10-19,1250.0,Rs./Quintal,56.1,Metric Tonnes
Cabbage,APMC Nasik,2024-10-21,1500.0,Rs./Quintal,56.6,Metric Tonnes
Cabbage,APMC Nasik,2024-10-22,1665.0,Rs./Quintal,53.4,Metric Tonnes
Cabbage,APMC Nasik,2024-10-23,1250.0,Rs./Quintal,51.5,Metric Tonnes
Cabbage,APMC Nasik,2024-10-24,1250.0,Rs./Quintal,81.5,Metric Tonnes
Cabbage,APMC Nasik,2024-10-25,1335.0,Rs./Quintal,71.9,Metric Tonnes
Cabbage,APMC Nasik,2024-10-26,1165.0,Rs./Quintal,101.3,Metric Tonnes
Cabbage,APMC Nasik,2024-10-27,1250.0,Rs./Quintal,74.7,Metric Tonnes
Cabbage,APMC Nasik,2024-10-28,1250.0,Rs./Quintal,74.5,Metric Tonnes
Cabbage,APMC Nasik,2024-10-29,1665.0,Rs./Quintal,71.5,Metric Tonnes
Cabbage,APMC Nasik,2024-10-30,1500.0,Rs./Quintal,69.8,Metric Tonnes
Cabbage,APMC Nasik,2024-11-01,1166.0,Rs./Quintal,46.6,Metric Tonnes
Cabbage,APMC Nasik,2024-11-02,1750.0,Rs./Quintal,50.4,Metric Tonnes
Cabbage,APMC Nasik,2024-11-03,1460.0,Rs./Quintal,46.2,Metric Tonnes
Cabbage,APMC Nasik,2024-11-04,2000.0,Rs./Quintal,50.0,Metric Tonnes
Cabbage,APMC Nasik,2024-11-05,2080.0,Rs./Quintal,49.1,Metric Tonnes
Cabbage,APMC Nasik,2024-11-06,2080.0,Rs./Quintal,51.4,Metric Tonnes
Cabbage,APMC Nasik,2024-11-07,2250.0,Rs./Quintal,48.0,Metric Tonnes
Cabbage,APMC Nasik,2024-11-08,1875.0,Rs./Quintal,88.5,Metric Tonnes
Cabbage,APMC Nasik,2024-11-09,2250.0,Rs./Quintal,73.5,Metric Tonnes
Cabbage,APMC Nasik,2024-11-10,2085.0,Rs./Quintal,81.9,Metric Tonnes
Cabbage,APMC Nasik,2024-11-11,2335.0,Rs./Quintal,71.9,Metric Tonnes
Cabbage,APMC Nasik,2024-11-12,2250.0,Rs./Quintal,67.3,Metric Tonnes
Cabbage,APMC Nasik,2024-11-13,2080.0,Rs./Quintal,64.4,Metric Tonnes
Cabbage,APMC Nasik,2024-11-14,2080.0,Rs./Quintal,63.1,Metric Tonnes
Cabbage,APMC Nasik,2024-11-15,2080.0,Rs./Quintal,60.7,Metric Tonnes
Cabbage,APMC Nasik,2024-11-16,1500.0,Rs./Quintal,65.3,Metric Tonnes
Cabbage,APMC Nasik,2024-11-17,1500.0,Rs./Quintal,51.7,Metric Tonnes
Cabbage,APMC Nasik,2024-11-18,1430.0,Rs./Quintal,55.4,Metric Tonnes
Cabbage,APMC Nasik,2024-11-19,1915.0,Rs./Quintal,56.3,Metric Tonnes
Cabbage,APMC Nasik,2024-11-21,1420.0,Rs./Quintal,69.9,Metric Tonnes
Cabbage,APMC Nasik,2024-11-22,2085.0,Rs./Quintal,40.4,Metric Tonnes
Cabbage,APMC Nasik,2024-11-23,2080.0,Rs./Quintal,41.3,Metric Tonnes
Cabbage,APMC Nasik,2024-11-24,1250.0,Rs./Quintal,72.2,Metric Tonnes
Cabbage,APMC Nasik,2024-11-25,1875.0,Rs./Quintal,85.8,Metric Tonnes
Cabbage,APMC Nasik,2024-11-26,1571.0,Rs./Quintal,63.1,Metric Tonnes
Cabbage,APMC Nasik,2024-11-27,1460.0,Rs./Quintal,73.2,Metric Tonnes
Cabbage,APMC Nasik,2024-11-28,1670.0,Rs./Quintal,61.1,Metric Tonnes
Cabbage,APMC Nasik,2024-11-30,1915.0,Rs./Quintal,59.3,Metric Tonnes
Cabbage,APMC Nasik,2024-12-01,1250.0,Rs./Quintal,71.5,Metric Tonnes
Cabbage,APMC Nasik,2024-12-02,1875.0,Rs./Quintal,59.3,Metric Tonnes
Cabbage,APMC Nasik,2024-12-03,1665.0,Rs./Quintal,69.1,Metric Tonnes
Cabbage,APMC Nasik,2024-12-04,1290.0,Rs./Quintal,72.9,Metric Tonnes
Cabbage,APMC Nasik,2024-12-06,1500.0,Rs./Quintal,59.9,Metric Tonnes
Cabbage,APMC Nasik,2024-12-07,1165.0,Rs./Quintal,89.5,Metric Tonnes
Cabbage,APMC Nasik,2024-12-08,1170.0,Rs./Quintal,88.5,Metric Tonnes
Cabbage,APMC Nasik,2024-12-09,1500.0,Rs./Quintal,70.5,Metric Tonnes
Cabbage,APMC Nasik,2024-12-10,1335.0,Rs./Quintal,69.4,Metric Tonnes
Cabbage,APMC Nasik,2024-12-11,1335.0,Rs./Quintal,64.1,Metric Tonnes
Cabbage,APMC Nasik,2024-12-12,1080.0,Rs./Quintal,71.0,Metric Tonnes
Cabbage,APMC Nasik,2024-12-13,835.0,Rs./Quintal,102.2,Metric Tonnes
Cabbage,APMC Nasik,2024-12-14,915.0,Rs./Quintal,64.0,Metric Tonnes
Cabbage,APMC Nasik,2024-12-15,1040.0,Rs./Quintal,71.7,Metric Tonnes
Cabbage,APMC Nasik,2024-12-16,1080.0,Rs./Quintal,69.8,Metric Tonnes
Cabbage,APMC Nasik,2024-12-17,1415.0,Rs./Quintal,65.6,Metric Tonnes
Cabbage,APMC Nasik,2024-12-18,835.0,Rs./Quintal,98.4,Metric Tonnes
Cabbage,APMC Nasik,2024-12-19,750.0,Rs./Quintal,108.7,Metric Tonnes
Cabbage,APMC Nasik,2024-12-20,1040.0,Rs./Quintal,63.3,Metric Tonnes
Cabbage,APMC Nasik,2024-12-21,1165.0,Rs./Quintal,61.8,Metric Tonnes
Cabbage,APMC Nasik,2024-12-22,1040.0,Rs./Quintal,71.9,Metric Tonnes
Cabbage,APMC Nasik,2024-12-23,1040.0,Rs./Quintal,109.0,Metric Tonnes
Cabbage,APMC Nasik,2024-12-24,915.0,Rs./Quintal,86.2,Metric Tonnes
Cabbage,APMC Nasik,2024-12-25,835.0,Rs./Quintal,83.5,Metric Tonnes
Cabbage,APMC Nasik,2024-12-26,1000.0,Rs./Quintal,84.0,Metric Tonnes
Cabbage,APMC Nasik,2024-12-27,835.0,Rs./Quintal,120.0,Metric Tonnes
Cabbage,APMC Nasik,2024-12-28,750.0,Rs./Quintal,99.5,Metric Tonnes
Cabbage,APMC Nasik,2024-12-29,1040.0,Rs./Quintal,101.5,Metric Tonnes
Cabbage,APMC Nasik,2024-12-30,835.0,Rs./Quintal,110.0,Metric Tonnes
Cabbage,APMC Nasik,2024-12-31,750.0,Rs./Quintal,95.6,Metric Tonnes
Cabbage,APMC Nasik,2025-01-01,1085.0,Rs./Quintal,124.4,Metric Tonnes
Cabbage,APMC Nasik,2025-01-02,960.0,Rs./Quintal,71.8,Metric Tonnes
Cabbage,APMC Nasik,2025-01-03,835.0,Rs./Quintal,68.8,Metric Tonnes
Cabbage,APMC Nasik,2025-01-04,665.0,Rs./Quintal,68.1,Metric Tonnes
Cabbage,APMC Nasik,2025-01-05,1040.0,Rs./Quintal,48.2,Metric Tonnes
Cabbage,APMC Nasik,2025-01-06,1000.0,Rs./Quintal,88.2,Metric Tonnes
Cabbage,APMC Nasik,2025-01-07,585.0,Rs./Quintal,85.3,Metric Tonnes
Cabbage,APMC Nasik,2025-01-08,1040.0,Rs./Quintal,57.8,Metric Tonnes
Cabbage,APMC Nasik,2025-01-09,1000.0,Rs./Quintal,50.7,Metric Tonnes
Cabbage,APMC Nasik,2025-01-10,1000.0,Rs./Quintal,58.1,Metric Tonnes
Cabbage,APMC Nasik,2025-01-11,1000.0,Rs./Quintal,51.3,Metric Tonnes
Cabbage,APMC Nasik,2025-01-12,750.0,Rs./Quintal,50.5,Metric Tonnes
Cabbage,APMC Nasik,2025-01-13,1040.0,Rs./Quintal,43.9,Metric Tonnes
Cabbage,APMC Nasik,2025-01-14,1250.0,Rs./Quintal,41.3,Metric Tonnes
Cabbage,APMC Nasik,2025-01-15,1085.0,Rs./Quintal,45.9,Metric Tonnes
Cabbage,APMC Nasik,2025-01-16,1250.0,Rs./Quintal,47.8,Metric Tonnes
Cabbage,APMC Nasik,2025-01-17,1333.0,Rs./Quintal,65.0,Metric Tonnes
Cabbage,APMC Nasik,2025-01-18,750.0,Rs./Quintal,52.4,Metric Tonnes
Cabbage,APMC Nasik,2025-01-19,750.0,Rs./Quintal,60.0,Metric Tonnes
Cabbage,APMC Nasik,2025-01-20,540.0,Rs./Quintal,76.1,Metric Tonnes
Cabbage,APMC Nasik,2025-01-21,410.0,Rs./Quintal,87.0,Metric Tonnes
Cabbage,APMC Nasik,2025-01-22,580.0,Rs./Quintal,84.4,Metric Tonnes
Cabbage,APMC Nasik,2025-01-23,585.0,Rs./Quintal,41.9,Metric Tonnes
Cabbage,APMC Nasik,2025-01-24,750.0,Rs./Quintal,39.7,Metric Tonnes
Cabbage,APMC Nasik,2025-01-25,585.0,Rs./Quintal,66.9,Metric Tonnes
Cabbage,APMC Nasik,2025-01-26,540.0,Rs./Quintal,58.5,Metric Tonnes
Cabbage,APMC Nasik,2025-01-27,835.0,Rs./Quintal,60.9,Metric Tonnes
Cabbage,APMC Nasik,2025-01-28,917.0,Rs./Quintal,56.9,Metric Tonnes
Cabbage,APMC Nasik,2025-01-29,540.0,Rs./Quintal,94.1,Metric Tonnes
Cabbage,APMC Nasik,2025-01-30,580.0,Rs./Quintal,65.6,Metric Tonnes
Cabbage,APMC Nasik,2025-01-31,625.0,Rs./Quintal,88.3,Metric Tonnes
Cabbage,APMC Nasik,2025-02-01,750.0,Rs./Quintal,84.2,Metric Tonnes
Cabbage,APMC Nasik,2025-02-02,820.0,Rs./Quintal,236.0,Metric Tonnes
Cabbage,APMC Nasik,2025-02-03,580.0,Rs./Quintal,200.4,Metric Tonnes
Cabbage,APMC Nasik,2025-02-04,750.0,Rs./Quintal,53.4,Metric Tonnes
Cabbage,APMC Nasik,2025-02-05,1250.0,Rs./Quintal,55.2,Metric Tonnes
Cabbage,APMC Nasik,2025-02-06,416.0,Rs./Quintal,46.4,Metric Tonnes
Cabbage,APMC Nasik,2025-02-07,460.0,Rs./Quintal,89.9,Metric Tonnes
Cabbage,APMC Nasik,2025-02-08,540.0,Rs./Quintal,72.9,Metric Tonnes
Cabbage,APMC Nasik,2025-02-13,1000.0,Rs./Quintal,101.1,Metric Tonnes
Cabbage,APMC Nasik,2025-02-14,833.0,Rs./Quintal,98.9,Metric Tonnes
Cabbage,APMC Nasik,2025-02-15,250.0,Rs./Quintal,63.0,Metric Tonnes
Cabbage,APMC Nasik,2025-02-16,290.0,Rs./Quintal,72.5,Metric Tonnes
Cabbage,APMC Nasik,2025-02-17,210.0,Rs./Quintal,100.1,Metric Tonnes
Cabbage,APMC Nasik,2025-02-18,1415.0,Rs./Quintal,81.6,Metric Tonnes
Cabbage,APMC Nasik,2025-02-19,1000.0,Rs./Quintal,87.9,Metric Tonnes
Cabbage,APMC Nasik,2025-02-20,500.0,Rs./Quintal,69.1,Metric Tonnes
Cabbage,APMC Nasik,2025-02-21,250.0,Rs./Quintal,74.8,Metric Tonnes
Cabbage,APMC Nasik,2025-02-22,500.0,Rs./Quintal,69.0,Metric Tonnes
Cabbage,APMC Nasik,2025-02-23,210.0,Rs./Quintal,92.1,Metric Tonnes
Cabbage,APMC Nasik,2025-02-24,292.0,Rs./Quintal,80.5,Metric Tonnes
Cabbage,APMC Nasik,2025-02-25,333.0,Rs./Quintal,54.6,Metric Tonnes
Cabbage,APMC Nasik,2025-02-26,210.0,Rs./Quintal,37.8,Metric Tonnes
Cabbage,APMC Nasik,2025-02-27,416.0,Rs./Quintal,45.6,Metric Tonnes
Cabbage,APMC Nasik,2025-02-28,458.0,Rs./Quintal,52.2,Metric Tonnes
Cabbage,APMC Nasik,2025-03-01,417.0,Rs./Quintal,69.8,Metric Tonnes
Cabbage,APMC Nasik,2025-03-02,330.0,Rs./Quintal,99.2,Metric Tonnes
Cabbage,APMC Nasik,2025-03-03,375.0,Rs./Quintal,104.1,Metric Tonnes
Cabbage,APMC Nasik,2025-03-04,460.0,Rs./Quintal,72.0,Metric Tonnes
Cabbage,APMC Nasik,2025-03-05,500.0,Rs./Quintal,65.0,Metric Tonnes
Cabbage,APMC Nasik,2025-03-06,500.0,Rs./Quintal,67.4,Metric Tonnes
Cabbage,APMC Nasik,2025-03-07,417.0,Rs./Quintal,62.2,Metric Tonnes
Cabbage,APMC Nasik,2025-03-08,250.0,Rs./Quintal,59.1,Metric Tonnes
Cabbage,APMC Nasik,2025-03-09,330.0,Rs./Quintal,69.6,Metric Tonnes
Cabbage,APMC Nasik,2025-03-10,416.0,Rs./Quintal,65.5,Metric Tonnes
Cabbage,APMC Nasik,2025-03-11,333.0,Rs./Quintal,62.2,Metric Tonnes
Cabbage,APMC Nasik,2025-03-12,290.0,Rs./Quintal,64.5,Metric Tonnes
Cabbage,APMC Nasik,2025-03-13,375.0,Rs./Quintal,59.8,Metric Tonnes
Cabbage,APMC Nasik,2025-03-14,330.0,Rs./Quintal,61.7,Metric Tonnes
Cabbage,APMC Nasik,2025-03-15,415.0,Rs./Quintal,58.0,Metric Tonnes
Cabbage,APMC Nasik,2025-03-16,250.0,Rs./Quintal,79.3,Metric Tonnes
Cabbage,APMC Nasik,2025-03-17,460.0,Rs./Quintal,74.8,Metric Tonnes
Cabbage,APMC Nasik,2025-03-18,500.0,Rs./Quintal,72.8,Metric Tonnes
Cabbage,APMC Nasik,2025-03-19,330.0,Rs./Quintal,80.4,Metric Tonnes
Cabbage,APMC Nasik,2025-03-20,330.0,Rs./Quintal,72.6,Metric Tonnes
Cabbage,APMC Nasik,2025-03-21,290.0,Rs./Quintal,82.1,Metric Tonnes
Cabbage,APMC Nasik,2025-03-22,250.0,Rs./Quintal,73.2,Metric Tonnes
Cabbage,APMC Nasik,2025-03-23,250.0,Rs./Quintal,69.5,Metric Tonnes
Cabbage,APMC Nasik,2025-03-24,330.0,Rs./Quintal,79.5,Metric Tonnes
Cabbage,APMC Nasik,2025-03-25,250.0,Rs./Quintal,72.9,Metric Tonnes
Cabbage,APMC Nasik,2025-03-26,291.0,Rs./Quintal,70.6,Metric Tonnes
Cabbage,APMC Nasik,2025-03-27,250.0,Rs./Quintal,76.9,Metric Tonnes
Cabbage,APMC Nasik,2025-03-28,335.0,Rs./Quintal,79.1,Metric Tonnes
Cabbage,APMC Nasik,2025-03-29,291.0,Rs./Quintal,77.0,Metric Tonnes
Cabbage,APMC Nasik,2025-03-30,335.0,Rs./Quintal,73.2,Metric Tonnes
Cabbage,APMC Nasik,2025-03-31,250.0,Rs./Quintal,79.0,Metric Tonnes
Cabbage,APMC Nasik,2025-04-01,330.0,Rs./Quintal,82.6,Metric Tonnes
Cabbage,APMC Nasik,2025-04-02,330.0,Rs./Quintal,110.4,Metric Tonnes
Cabbage,APMC Nasik,2025-04-03,290.0,Rs./Quintal,80.2,Metric Tonnes
Cabbage,APMC Nasik,2025-04-04,330.0,Rs./Quintal,111.3,Metric Tonnes
Cabbage,APMC Nasik,2025-04-05,416.0,Rs./Quintal,87.4,Metric Tonnes
Cabbage,APMC Nasik,2025-04-06,333.0,Rs./Quintal,98.8,Metric Tonnes
Cabbage,APMC Nasik,2025-04-07,290.0,Rs./Quintal,70.0,Metric Tonnes
Cabbage,APMC Nasik,2025-04-08,335.0,Rs./Quintal,109.2,Metric Tonnes
Cabbage,APMC Nasik,2025-04-09,333.0,Rs./Quintal,111.6,Metric Tonnes
Cabbage,APMC Nasik,2025-04-10,250.0,Rs./Quintal,100.7,Metric Tonnes
Cabbage,APMC Nasik,2025-04-11,300.0,Rs./Quintal,132.4,Metric Tonnes
Cabbage,APMC Nasik,2025-04-12,330.0,Rs./Quintal,111.3,Metric Tonnes
Cabbage,APMC Nasik,2025-04-14,415.0,Rs./Quintal,64.7,Metric Tonnes
Cabbage,APMC Nasik,2025-04-15,458.0,Rs./Quintal,99.9,Metric Tonnes
Cabbage,APMC Nasik,2025-04-16,335.0,Rs./Quintal,89.3,Metric Tonnes
Cabbage,APMC Nasik,2025-04-17,415.0,Rs./Quintal,80.6,Metric Tonnes
Cabbage,APMC Nasik,2025-04-18,335.0,Rs./Quintal,58.9,Metric Tonnes
Cabbage,APMC Nasik,2025-04-19,290.0,Rs./Quintal,69.0,Metric Tonnes
Cabbage,APMC Nasik,2025-04-20,290.0,Rs./Quintal,76.6,Metric Tonnes
Cabbage,APMC Nasik,2025-04-21,330.0,Rs./Quintal,89.7,Metric Tonnes
Cabbage,APMC Nasik,2025-04-22,333.0,Rs./Quintal,103.3,Metric Tonnes
Cabbage,APMC Nasik,2025-04-23,335.0,Rs./Quintal,89.7,Metric Tonnes
Cabbage,APMC Nasik,2025-04-24,460.0,Rs./Quintal,71.8,Metric Tonnes
Cabbage,APMC Nasik,2025-04-25,290.0,Rs./Quintal,70.4,Metric Tonnes
Cabbage,APMC Nasik,2025-04-26,330.0,Rs./Quintal,77.3,Metric Tonnes
Cabbage,APMC Nasik,2025-04-28,330.0,Rs./Quintal,75.8,Metric Tonnes
Cabbage,APMC Nasik,2025-04-29,330.0,Rs./Quintal,77.6,Metric Tonnes
Cabbage,APMC Nasik,2025-05-01,500.0,Rs./Quintal,61.2,Metric Tonnes
Cabbage,APMC Nasik,2025-05-02,500.0,Rs./Quintal,61.2,Metric Tonnes
Cabbage,APMC Nasik,2025-05-03,416.0,Rs./Quintal,56.5,Metric Tonnes
Cabbage,APMC Nasik,2025-05-04,460.0,Rs./Quintal,70.2,Metric Tonnes
Cabbage,APMC Nasik,2025-05-05,665.0,Rs./Quintal,92.8,Metric Tonnes
Cabbage,APMC Nasik,2025-05-06,625.0,Rs./Quintal,95.5,Metric Tonnes
Cabbage,APMC Nasik,2025-05-07,333.0,Rs./Quintal,84.4,Metric Tonnes
Cabbage,APMC Nasik,2025-05-08,585.0,Rs./Quintal,60.9,Metric Tonnes
Cabbage,APMC Nasik,2025-05-09,583.0,Rs./Quintal,64.4,Metric Tonnes
Cabbage,APMC Nasik,2025-05-10,1085.0,Rs./Quintal,49.3,Metric Tonnes
Cabbage,APMC Nasik,2025-05-11,1210.0,Rs./Quintal,48.2,Metric Tonnes
Cabbage,APMC Nasik,2025-05-12,1335.0,Rs./Quintal,73.3,Metric Tonnes
Cabbage,APMC Nasik,2025-05-13,835.0,Rs./Quintal,71.3,Metric Tonnes
Cabbage,APMC Nasik,2025-05-15,500.0,Rs./Quintal,71.7,Metric Tonnes
Cabbage,APMC Nasik,2025-05-16,1460.0,Rs./Quintal,61.1,Metric Tonnes
Cabbage,APMC Nasik,2025-05-17,416.0,Rs./Quintal,64.2,Metric Tonnes
Cabbage,APMC Nasik,2025-05-18,1500.0,Rs./Quintal,65.1,Metric Tonnes
Cabbage,APMC Nasik,2025-05-19,1500.0,Rs./Quintal,55.7,Metric Tonnes
Cabbage,APMC Nasik,2025-05-20,1666.0,Rs./Quintal,79.3,Metric Tonnes
Cabbage,APMC Nasik,2025-05-21,833.0,Rs./Quintal,65.4,Metric Tonnes
Cabbage,APMC Nasik,2025-05-22,1040.0,Rs./Quintal,58.3,Metric Tonnes
Cabbage,APMC Nasik,2025-05-23,1080.0,Rs./Quintal,70.1,Metric Tonnes
Cabbage,APMC Nasik,2025-05-24,585.0,Rs./Quintal,107.6,Metric Tonnes
Cabbage,APMC Nasik,2025-05-25,500.0,Rs./Quintal,76.4,Metric Tonnes
Cabbage,APMC Nasik,2025-05-26,540.0,Rs./Quintal,77.3,Metric Tonnes
Cabbage,APMC Nasik,2025-05-27,415.0,Rs./Quintal,52.6,Metric Tonnes
Cabbage,APMC Nasik,2025-05-28,500.0,Rs./Quintal,80.7,Metric Tonnes
Cabbage,APMC Nasik,2025-05-29,500.0,Rs./Quintal,49.1,Metric Tonnes
Cabbage,APMC Nasik,2025-05-30,585.0,Rs./Quintal,53.9,Metric Tonnes
Cabbage,APMC Nasik,2025-05-31,835.0,Rs./Quintal,69.1,Metric Tonnes
Cabbage,APMC Nasik,2025-06-01,1080.0,Rs./Quintal,67.9,Metric Tonnes
Cabbage,APMC Nasik,2025-06-02,1250.0,Rs./Quintal,75.5,Metric Tonnes
Cabbage,APMC Nasik,2025-06-03,835.0,Rs./Quintal,64.6,Metric Tonnes
Cabbage,APMC Nasik,2025-06-04,750.0,Rs./Quintal,86.6,Metric Tonnes
Cabbage,APMC Nasik,2025-06-05,1000.0,Rs./Quintal,79.9,Metric Tonnes
Cabbage,APMC Nasik,2025-06-06,1125.0,Rs./Quintal,71.3,Metric Tonnes
Cabbage,APMC Nasik,2025-06-07,1250.0,Rs./Quintal,69.6,Metric Tonnes
Cabbage,APMC Nasik,2025-06-08,1040.0,Rs./Quintal,75.0,Metric Tonnes
Cabbage,APMC Nasik,2025-06-09,1250.0,Rs./Quintal,76.9,Metric Tonnes
Cabbage,APMC Nasik,2025-06-10,835.0,Rs./Quintal,79.2,Metric Tonnes
Cabbage,APMC Nasik,2025-06-11,660.0,Rs./Quintal,41.0,Metric Tonnes
Cabbage,APMC Nasik,2025-06-12,1000.0,Rs./Quintal,42.5,Metric Tonnes
Cabbage,APMC Nasik,2025-06-13,835.0,Rs./Quintal,70.0,Metric Tonnes
Cabbage,APMC Nasik,2025-06-14,1040.0,Rs./Quintal,70.3,Metric Tonnes
Cabbage,APMC Nasik,2025-06-15,1250.0,Rs./Quintal,114.4,Metric Tonnes
Cabbage,APMC Nasik,2025-06-16,830.0,Rs./Quintal,133.4,Metric Tonnes
Cabbage,APMC Nasik,2025-06-17,845.0,Rs./Quintal,72.2,Metric Tonnes
Cabbage,APMC Nasik,2025-06-18,835.0,Rs./Quintal,90.6,Metric Tonnes
Cabbage,APMC Nasik,2025-06-19,625.0,Rs./Quintal,47.9,Metric Tonnes
Cabbage,APMC Nasik,2025-06-20,1250.0,Rs./Quintal,43.5,Metric Tonnes
Cabbage,APMC Nasik,2025-06-21,1125.0,Rs./Quintal,38.6,Metric Tonnes
Cabbage,APMC Nasik,2025-06-22,1040.0,Rs./Quintal,59.3,Metric Tonnes
Cabbage,APMC Nasik,2025-06-23,1420.0,Rs./Quintal,38.9,Metric Tonnes
Cabbage,APMC Nasik,2025-06-24,1250.0,Rs./Quintal,59.2,Metric Tonnes
Cabbage,APMC Nasik,2025-06-25,10000.0,Rs./Quintal,85.6,Metric Tonnes
Cabbage,APMC Nasik,2025-06-26,1375.0,Rs./Quintal,28.0,Metric Tonnes
Cabbage,APMC Nasik,2025-06-27,1250.0,Rs./Quintal,31.9,Metric Tonnes
Cabbage,APMC Nasik,2025-06-28,1420.0,Rs./Quintal,35.6,Metric Tonnes
Cabbage,APMC Nasik,2025-06-29,1460.0,Rs./Quintal,39.6,Metric Tonnes
Cabbage,APMC Nasik,2025-06-30,1335.0,Rs./Quintal,33.0,Metric Tonnes
Cabbage,APMC Nasik,2025-07-01,1460.0,Rs./Quintal,31.2,Metric Tonnes
Cabbage,APMC Nasik,2025-07-03,1250.0,Rs./Quintal,35.6,Metric Tonnes
Cabbage,APMC Nasik,2025-07-04,1410.0,Rs./Quintal,40.4,Metric Tonnes
Cabbage,APMC Nasik,2025-07-05,1000.0,Rs./Quintal,36.0,Metric Tonnes
Cabbage,APMC Nasik,2025-07-06,1335.0,Rs./Quintal,7.8,Metric Tonnes
Cabbage,APMC Nasik,2025-07-07,1335.0,Rs./Quintal,17.1,Metric Tonnes
Cabbage,APMC Nasik,2025-07-08,1500.0,Rs./Quintal,27.8,Metric Tonnes
Cabbage,APMC Nasik,2025-07-09,1420.0,Rs./Quintal,23.5,Metric Tonnes
Cabbage,APMC Nasik,2025-07-10,1460.0,Rs./Quintal,35.4,Metric Tonnes
Cabbage,APMC Nasik,2025-07-11,1460.0,Rs./Quintal,38.4,Metric Tonnes
Cabbage,APMC Nasik,2025-07-12,1710.0,Rs./Quintal,29.5,Metric Tonnes
Cabbage,APMC Nasik,2025-07-13,1335.0,Rs./Quintal,48.8,Metric Tonnes
Cabbage,APMC Nasik,2025-07-14,1420.0,Rs./Quintal,43.9,Metric Tonnes
Cabbage,APMC Nasik,2025-07-15,1660.0,Rs./Quintal,47.3,Metric Tonnes
Cabbage,APMC Nasik,2025-07-16,1500.0,Rs./Quintal,36.4,Metric Tonnes
Cabbage,APMC Nasik,2025-07-17,1000.0,Rs./Quintal,43.6,Metric Tonnes
Cabbage,APMC Nasik,2025-07-18,1460.0,Rs./Quintal,49.7,Metric Tonnes
Cabbage,APMC Nasik,2025-07-19,1000.0,Rs./Quintal,16.5,Metric Tonnes
Cabbage,APMC Nasik,2025-07-20,1250.0,Rs./Quintal,41.7,Metric Tonnes
Cabbage,APMC Nasik,2025-07-21,1335.0,Rs./Quintal,57.7,Metric Tonnes
Cabbage,APMC Nasik,2025-07-22,1250.0,Rs./Quintal,39.6,Metric Tonnes
Cabbage,APMC Nasik,2025-07-23,1420.0,Rs./Quintal,44.4,Metric Tonnes
Cabbage,APMC Nasik,2025-07-24,835.0,Rs./Quintal,65.9,Metric Tonnes
Cabbage,APMC Nasik,2025-07-25,875.0,Rs./Quintal,39.6,Metric Tonnes
Cabbage,APMC Nasik,2025-07-27,1460.0,Rs./Quintal,59.5,Metric Tonnes
Cabbage,APMC Nasik,2025-07-28,1250.0,Rs./Quintal,40.1,Metric Tonnes
Cabbage,APMC Nasik,2025-07-30,1250.0,Rs./Quintal,50.4,Metric Tonnes
Cabbage,APMC Nasik,2025-07-31,1335.0,Rs./Quintal,50.4,Metric Tonnes
Cabbage,APMC Nasik,2025-08-01,1290.0,Rs./Quintal,56.4,Metric Tonnes
Cabbage,APMC Nasik,2025-08-02,1000.0,Rs./Quintal,36.3,Metric Tonnes
Cabbage,APMC Nasik,2025-08-03,750.0,Rs./Quintal,49.9,Metric Tonnes
Cabbage,APMC Nasik,2025-08-04,750.0,Rs./Quintal,46.9,Metric Tonnes
Cabbage,APMC Nasik,2025-08-05,830.0,Rs./Quintal,33.0,Metric Tonnes
Cabbage,APMC Nasik,2025-08-06,750.0,Rs./Quintal,48.9,Metric Tonnes
Cabbage,APMC Nasik,2025-08-07,585.0,Rs./Quintal,74.6,Metric Tonnes
Cabbage,APMC Nasik,2025-08-08,750.0,Rs./Quintal,43.4,Metric Tonnes
Cabbage,APMC Nasik,2025-08-09,750.0,Rs./Quintal,56.5,Metric Tonnes
Cabbage,APMC Nasik,2025-08-10,500.0,Rs./Quintal,50.1,Metric Tonnes
Cabbage,APMC Nasik,2025-08-11,660.0,Rs./Quintal,51.9,Metric Tonnes
Cabbage,APMC Nasik,2025-08-12,580.0,Rs./Quintal,53.2,Metric Tonnes
Cabbage,APMC Nasik,2025-08-13,660.0,Rs./Quintal,59.9,Metric Tonnes
Cabbage,APMC Nasik,2025-08-14,750.0,Rs./Quintal,62.7,Metric Tonnes
Cabbage,APMC Nasik,2025-08-15,750.0,Rs./Quintal,67.6,Metric Tonnes
Cabbage,APMC Nasik,2025-08-16,750.0,Rs./Quintal,56.1,Metric Tonnes
Cabbage,APMC Nasik,2025-08-17,750.0,Rs./Quintal,69.7,Metric Tonnes
Cabbage,APMC Nasik,2025-08-18,915.0,Rs./Quintal,80.3,Metric Tonnes
Cabbage,APMC Nasik,2025-08-19,710.0,Rs./Quintal,63.1,Metric Tonnes
Cabbage,APMC Nasik,2025-08-20,710.0,Rs./Quintal,63.1,Metric Tonnes
Cabbage,APMC Nasik,2025-08-22,835.0,Rs./Quintal,63.4,Metric Tonnes
Cabbage,APMC Nasik,2025-08-23,920.0,Rs./Quintal,53.9,Metric Tonnes
Cabbage,APMC Nasik,2025-08-24,920.0,Rs./Quintal,52.0,Metric Tonnes
Cabbage,APMC Nasik,2025-08-25,920.0,Rs./Quintal,52.3,Metric Tonnes
Cabbage,APMC Nasik,2025-08-26,910.0,Rs./Quintal,48.0,Metric Tonnes
Cabbage,APMC Nasik,2025-08-27,830.0,Rs./Quintal,40.7,Metric Tonnes
Cabbage,APMC Nasik,2025-08-28,1250.0,Rs./Quintal,45.2,Metric Tonnes
Cabbage,APMC Nasik,2025-08-29,750.0,Rs./Quintal,58.8,Metric Tonnes
Cabbage,APMC Nasik,2025-08-31,1000.0,Rs./Quintal,32.4,Metric Tonnes
Cabbage,APMC Nasik,2025-09-01,1250.0,Rs./Quintal,54.4,Metric Tonnes
Cabbage,APMC Nasik,2025-09-02,1330.0,Rs./Quintal,53.1,Metric Tonnes
Cabbage,APMC Nasik,2025-09-03,1250.0,Rs./Quintal,52.0,Metric Tonnes
Cabbage,APMC Nasik,2025-09-04,1250.0,Rs./Quintal,41.5,Metric Tonnes
Cabbage,APMC Nasik,2025-09-05,1250.0,Rs./Quintal,39.1,Metric Tonnes
Cabbage,APMC Nasik,2025-09-06,1250.0,Rs./Quintal,32.2,Metric Tonnes
Cabbage,APMC Nasik,2025-09-07,2715.0,Rs./Quintal,21.3,Metric Tonnes
Cabbage,APMC Nasik,2025-09-08,1600.0,Rs./Quintal,52.0,Metric Tonnes
Cabbage,APMC Nasik,2025-09-09,1830.0,Rs./Quintal,47.0,Metric Tonnes
Cabbage,APMC Nasik,2025-09-10,1420.0,Rs./Quintal,42.7,Metric Tonnes
Cabbage,APMC Nasik,2025-09-11,1660.0,Rs./Quintal,36.0,Metric Tonnes
Cabbage,APMC Nasik,2025-09-12,1250.0,Rs./Quintal,40.4,Metric Tonnes
Cabbage,APMC Nasik,2025-09-13,1500.0,Rs./Quintal,46.9,Metric Tonnes
Cabbage,APMC Nasik,2025-09-14,1250.0,Rs./Quintal,56.9,Metric Tonnes
Cabbage,APMC Nasik,2025-09-15,1420.0,Rs./Quintal,81.4,Metric Tonnes
Cabbage,APMC Nasik,2025-09-16,1660.0,Rs./Quintal,89.1,Metric Tonnes
Cabbage,APMC Nasik,2025-09-17,1250.0,Rs./Quintal,100.0,Metric Tonnes
Cabbage,APMC Nasik,2025-09-18,1660.0,Rs./Quintal,91.5,Metric Tonnes
Cabbage,APMC Nasik,2025-09-19,1420.0,Rs./Quintal,70.1,Metric Tonnes
Cabbage,APMC Nasik,2025-09-20,2190.0,Rs./Quintal,62.5,Metric Tonnes
Cabbage,APMC Nasik,2025-09-21,1080.0,Rs./Quintal,81.1,Metric Tonnes
Cabbage,APMC Nasik,2025-09-22,1125.0,Rs./Quintal,71.1,Metric Tonnes
Cabbage,APMC Nasik,2025-09-23,1000.0,Rs./Quintal,67.4,Metric Tonnes
Cabbage,APMC Nasik,2025-09-24,1040.0,Rs./Quintal,70.6,Metric Tonnes
Cabbage,APMC Nasik,2025-09-25,835.0,Rs./Quintal,46.0,Metric Tonnes
Cabbage,APMC Nasik,2025-09-26,835.0,Rs./Quintal,384.0,Metric Tonnes
Cabbage,APMC Nasik,2025-09-27,830.0,Rs./Quintal,64.6,Metric Tonnes
Cabbage,APMC Nasik,2025-09-28,540.0,Rs./Quintal,23.4,Metric Tonnes
Cabbage,APMC Nasik,2025-09-29,660.0,Rs./Quintal,33.3,Metric Tonnes
Cabbage,APMC Nasik,2025-09-30,750.0,Rs./Quintal,34.4,Metric Tonnes
Cabbage,APMC Nasik,2025-10-01,625.0,Rs./Quintal,47.6,Metric Tonnes
Cabbage,APMC Nasik,2025-10-02,670.0,Rs./Quintal,49.3,Metric Tonnes
Cabbage,APMC Nasik,2025-10-03,1250.0,Rs./Quintal,60.6,Metric Tonnes
Cabbage,APMC Nasik,2025-10-04,1040.0,Rs./Quintal,69.3,Metric Tonnes
Cabbage,APMC Nasik,2025-10-06,1450.0,Rs./Quintal,48.3,Metric Tonnes
Cabbage,APMC Nasik,2025-10-07,1160.0,Rs./Quintal,38.7,Metric Tonnes
Cabbage,APMC Nasik,2025-10-08,833.0,Rs./Quintal,41.0,Metric Tonnes
Cabbage,APMC Nasik,2025-10-09,1335.0,Rs./Quintal,49.1,Metric Tonnes
Cabbage,APMC Nasik,2025-10-11,1160.0,Rs./Quintal,59.2,Metric Tonnes
Cabbage,APMC Nasik,2025-10-12,1040.0,Rs./Quintal,71.1,Metric Tonnes
Cabbage,APMC Nasik,2025-10-13,1080.0,Rs./Quintal,46.2,Metric Tonnes
Cabbage,APMC Nasik,2025-10-14,1250.0,Rs./Quintal,56.6,Metric Tonnes
Cabbage,APMC Nasik,2025-10-15,1420.0,Rs./Quintal,74.7,Metric Tonnes
Cabbage,APMC Nasik,2025-10-16,1250.0,Rs./Quintal,36.5,Metric Tonnes
Cabbage,APMC Nasik,2025-10-17,750.0,Rs./Quintal,41.2,Metric Tonnes
Cabbage,APMC Nasik,2025-10-18,1040.0,Rs./Quintal,40.7,Metric Tonnes
Cabbage,APMC Nasik,2025-10-23,1085.0,Rs./Quintal,35.6,Metric Tonnes
Cabbage,APMC Nasik,2025-10-24,1165.0,Rs./Quintal,49.9,Metric Tonnes
Cabbage,APMC Nasik,2025-10-25,1165.0,Rs./Quintal,68.1,Metric Tonnes
Cabbage,APMC Nasik,2025-10-26,835.0,Rs./Quintal,48.9,Metric Tonnes
Cabbage,APMC Nasik,2025-10-27,1000.0,Rs./Quintal,70.3,Metric Tonnes
Cabbage,APMC Nasik,2025-10-28,1080.0,Rs./Quintal,70.5,Metric Tonnes
Cabbage,APMC Nasik,2025-10-29,1085.0,Rs./Quintal,49.3,Metric Tonnes
Cabbage,APMC Nasik,2025-10-30,1250.0,Rs./Quintal,69.6,Metric Tonnes
Cabbage,APMC Nasik,2025-10-31,1125.0,Rs./Quintal,39.9,Metric Tonnes
Cabbage,APMC Nasik,2025-11-01,1050.0,Rs./Quintal,36.7,Metric Tonnes
Cabbage,APMC Nasik,2025-11-02,830.0,Rs./Quintal,76.4,Metric Tonnes
Cabbage,APMC Nasik,2025-11-03,1000.0,Rs./Quintal,89.9,Metric Tonnes
Cabbage,APMC Nasik,2025-11-05,1375.0,Rs./Quintal,42.5,Metric Tonnes
Cabbage,APMC Nasik,2025-11-07,1330.0,Rs./Quintal,38.6,Metric Tonnes
Cabbage,APMC Nasik,2025-11-08,1450.0,Rs./Quintal,39.3,Metric Tonnes
Cabbage,APMC Nasik,2025-11-10,1250.0,Rs./Quintal,48.7,Metric Tonnes
Cabbage,APMC Nasik,2025-11-11,1410.0,Rs./Quintal,47.6,Metric Tonnes
Cabbage,APMC Nasik,2025-11-12,1670.0,Rs./Quintal,38.8,Metric Tonnes
Cabbage,APMC Nasik,2025-11-13,1660.0,Rs./Quintal,39.7,Metric Tonnes
Cabbage,APMC Nasik,2025-11-14,1830.0,Rs./Quintal,39.2,Metric Tonnes
Cabbage,APMC Nasik,2025-11-15,1660.0,Rs./Quintal,20.5,Metric Tonnes
Cabbage,APMC Nasik,2025-11-16,1670.0,Rs./Quintal,41.3,Metric Tonnes
Cabbage,APMC Nasik,2025-11-17,1830.0,Rs./Quintal,38.6,Metric Tonnes
Cabbage,APMC Nasik,2025-11-18,1660.0,Rs./Quintal,40.8,Metric Tonnes
Cabbage,APMC Nasik,2025-11-19,1460.0,Rs./Quintal,45.2,Metric Tonnes
Cabbage,APMC Nasik,2025-11-20,1835.0,Rs./Quintal,50.8,Metric Tonnes
Cabbage,APMC Nasik,2025-11-21,2250.0,Rs./Quintal,35.9,Metric Tonnes
Cabbage,APMC Nasik,2025-11-22,1670.0,Rs./Quintal,57.8,Metric Tonnes
Cabbage,APMC Nasik,2025-11-23,1375.0,Rs./Quintal,51.7,Metric Tonnes
Cabbage,APMC Nasik,2025-11-24,1420.0,Rs./Quintal,35.1,Metric Tonnes
Cabbage,APMC Nasik,2025-11-25,1750.0,Rs./Quintal,36.2,Metric Tonnes
Cabbage,APMC Nasik,2025-11-27,1335.0,Rs./Quintal,66.7,Metric Tonnes
Cabbage,APMC Nasik,2025-11-28,1250.0,Rs./Quintal,63.6,Metric Tonnes
Cabbage,APMC Nasik,2025-11-29,1210.0,Rs./Quintal,74.5,Metric Tonnes
Cabbage,APMC Nasik,2025-11-30,1670.0,Rs./Quintal,48.7,Metric Tonnes
Cabbage,APMC Nasik,2025-12-01,1250.0,Rs./Quintal,45.0,Metric Tonnes
Cabbage,APMC Nasik,2025-12-02,1250.0,Rs./Quintal,47.6,Metric Tonnes
Cabbage,APMC Nasik,2025-12-03,1500.0,Rs./Quintal,69.3,Metric Tonnes
Cabbage,APMC Nasik,2025-12-04,1660.0,Rs./Quintal,19.0,Metric Tonnes
Cabbage,APMC Nasik,2025-12-05,1660.0,Rs./Quintal,18.5,Metric Tonnes
Cabbage,APMC Nasik,2025-12-06,1660.0,Rs./Quintal,48.1,Metric Tonnes
Cabbage,APMC Nasik,2025-12-07,1420.0,Rs./Quintal,72.2,Metric Tonnes
Cabbage,APMC Nasik,2025-12-08,1660.0,Rs./Quintal,73.9,Metric Tonnes
Cabbage,APMC Nasik,2025-12-09,1500.0,Rs./Quintal,77.5,Metric Tonnes
Cabbage,APMC Nasik,2025-12-10,1335.0,Rs./Quintal,49.3,Metric Tonnes
Cabbage,APMC Nasik,2025-12-11,1420.0,Rs./Quintal,61.0,Metric Tonnes
Cabbage,APMC Nasik,2025-12-12,1460.0,Rs./Quintal,60.7,Metric Tonnes
Cabbage,APMC Nasik,2025-12-13,1416.0,Rs./Quintal,73.6,Metric Tonnes
Cabbage,APMC Nasik,2025-12-14,1335.0,Rs./Quintal,76.1,Metric Tonnes
Cabbage,APMC Nasik,2025-12-15,1660.0,Rs./Quintal,63.2,Metric Tonnes
Cabbage,APMC Nasik,2025-12-16,1660.0,Rs./Quintal,72.9,Metric Tonnes
Cabbage,APMC Nasik,2025-12-17,1335.0,Rs./Quintal,80.4,Metric Tonnes
Cabbage,APMC Nasik,2025-12-18,1335.0,Rs./Quintal,70.5,Metric Tonnes
Cabbage,APMC Nasik,2025-12-19,1250.0,Rs./Quintal,77.6,Metric Tonnes
Cabbage,APMC Nasik,2025-12-20,1210.0,Rs./Quintal,76.1,Metric Tonnes
Cabbage,APMC Nasik,2025-12-21,1165.0,Rs./Quintal,68.7,Metric Tonnes
Cabbage,APMC Nasik,2025-12-22,1000.0,Rs./Quintal,64.2,Metric Tonnes
Cabbage,APMC Nasik,2025-12-23,1250.0,Rs./Quintal,59.8,Metric Tonnes
Cabbage,APMC Nasik,2025-12-24,1165.0,Rs./Quintal,50.2,Metric Tonnes
Cabbage,APMC Nasik,2025-12-25,1040.0,Rs./Quintal,53.6,Metric Tonnes
Cabbage,APMC Nasik,2025-12-29,750.0,Rs./Quintal,91.7,Metric Tonnes
Cabbage,APMC Nasik,2025-12-30,960.0,Rs./Quintal,76.0,Metric Tonnes
Cabbage,APMC Nasik,2025-12-31,835.0,Rs./Quintal,80.8,Metric Tonnes
Cabbage,APMC Nasik,2026-01-01,835.0,Rs./Quintal,71.2,Metric Tonnes
Cabbage,APMC Nasik,2026-01-02,835.0,Rs./Quintal,70.9,Metric Tonnes
Cabbage,APMC Nasik,2026-01-03,1250.0,Rs./Quintal,71.6,Metric Tonnes
Cabbage,APMC Nasik,2026-01-04,1335.0,Rs./Quintal,98.5,Metric Tonnes
Cabbage,APMC Nasik,2026-01-05,1250.0,Rs./Quintal,69.2,Metric Tonnes
Cabbage,APMC Nasik,2026-01-06,1250.0,Rs./Quintal,60.0,Metric Tonnes
Cabbage,APMC Nasik,2026-01-07,1250.0,Rs./Quintal,68.5,Metric Tonnes
Cabbage,APMC Nasik,2026-01-08,1250.0,Rs./Quintal,71.8,Metric Tonnes
Cabbage,APMC Nasik,2026-01-09,1375.0,Rs./Quintal,59.3,Metric Tonnes
Cabbage,APMC Nasik,2026-01-10,1250.0,Rs./Quintal,81.6,Metric Tonnes
Cabbage,APMC Nasik,2026-01-11,960.0,Rs./Quintal,75.5,Metric Tonnes
Cabbage,APMC Nasik,2026-01-12,950.0,Rs./Quintal,82.1,Metric Tonnes
Cabbage,APMC Nasik,2026-01-13,1075.0,Rs./Quintal,75.8,Metric Tonnes
Cabbage,APMC Nasik,2026-01-14,1335.0,Rs./Quintal,44.4,Metric Tonnes
Cabbage,APMC Nasik,2026-01-15,1335.0,Rs./Quintal,46.8,Metric Tonnes
Cabbage,APMC Nasik,2026-01-16,1580.0,Rs./Quintal,75.1,Metric Tonnes
Cabbage,APMC Nasik,2026-01-17,1250.0,Rs./Quintal,68.5,Metric Tonnes
Cabbage,APMC Nasik,2026-01-18,835.0,Rs./Quintal,92.7,Metric Tonnes
Cabbage,APMC Nasik,2026-01-19,1000.0,Rs./Quintal,85.0,Metric Tonnes
Cabbage,APMC Nasik,2026-01-20,1250.0,Rs./Quintal,82.2,Metric Tonnes
Cabbage,APMC Nasik,2026-01-21,1040.0,Rs./Quintal,87.8,Metric Tonnes
Cabbage,APMC Nasik,2026-01-22,1250.0,Rs./Quintal,88.1,Metric Tonnes
Cabbage,APMC Nasik,2026-01-23,1250.0,Rs./Quintal,91.1,Metric Tonnes
Cabbage,APMC Nasik,2026-01-24,1250.0,Rs./Quintal,87.5,Metric Tonnes
Cabbage,APMC Nasik,2026-01-25,1290.0,Rs./Quintal,69.8,Metric Tonnes
Cabbage,APMC Nasik,2026-01-26,1125.0,Rs./Quintal,67.4,Metric Tonnes
Cabbage,APMC Nasik,2026-01-27,1250.0,Rs./Quintal,53.2,Metric Tonnes
Cabbage,APMC Nasik,2026-01-28,1000.0,Rs./Quintal,79.0,Metric Tonnes
Cabbage,APMC Nasik,2026-01-30,1250.0,Rs./Quintal,90.9,Metric Tonnes
Cabbage,APMC Nasik,2026-01-31,1040.0,Rs./Quintal,87.7,Metric Tonnes
Cabbage,APMC Nasik,2026-02-01,1085.0,Rs./Quintal,99.9,Metric Tonnes
Cabbage,APMC Nasik,2026-02-02,920.0,Rs./Quintal,72.9,Metric Tonnes
Cabbage,APMC Nasik,2026-02-03,833.0,Rs./Quintal,79.0,Metric Tonnes
Cabbage,APMC Nasik,2026-02-04,1000.0,Rs./Quintal,80.2,Metric Tonnes
Cabbage,APMC Nasik,2026-02-05,1250.0,Rs./Quintal,89.2,Metric Tonnes
Cabbage,APMC Nasik,2026-02-06,1250.0,Rs./Quintal,67.6,Metric Tonnes
Cabbage,APMC Nasik,2026-02-07,1416.0,Rs./Quintal,80.7,Metric Tonnes
Cabbage,APMC Nasik,2026-02-08,1290.0,Rs./Quintal,94.3,Metric Tonnes
Cabbage,APMC Nasik,2026-02-09,833.0,Rs./Quintal,72.8,Metric Tonnes
Cabbage,APMC Nasik,2026-02-10,833.0,Rs./Quintal,55.8,Metric Tonnes
Cabbage,APMC Nasik,2026-02-11,667.0,Rs./Quintal,53.7,Metric Tonnes
Cabbage,APMC Nasik,2026-02-12,833.0,Rs./Quintal,61.7,Metric Tonnes
Cabbage,APMC Nasik,2026-02-13,883.0,Rs./Quintal,57.0,Metric Tonnes
Cabbage,APMC Nasik,2026-02-14,1250.0,Rs./Quintal,75.4,Metric Tonnes
Cabbage,APMC Nasik,2026-02-15,1165.0,Rs./Quintal,43.6,Metric Tonnes
Cabbage,APMC Nasik,2026-02-16,1450.0,Rs./Quintal,83.8,Metric Tonnes
Cabbage,APMC Nasik,2026-02-17,1250.0,Rs./Quintal,79.3,Metric Tonnes
Cabbage,APMC Nasik,2026-02-18,1000.0,Rs./Quintal,81.1,Metric Tonnes
Cabbage,APMC Nasik,2026-02-19,833.0,Rs./Quintal,40.5,Metric Tonnes
Cabbage,APMC Nasik,2026-02-20,958.0,Rs./Quintal,70.5,Metric Tonnes
Cabbage,APMC Nasik,2026-02-21,833.0,Rs./Quintal,63.4,Metric Tonnes
Cabbage,APMC Nasik,2026-02-22,1250.0,Rs./Quintal,85.7,Metric Tonnes
Cabbage,APMC Nasik,2026-02-23,1071.0,Rs./Quintal,39.9,Metric Tonnes
Cabbage,APMC Nasik,2026-02-24,833.0,Rs./Quintal,70.6,Metric Tonnes
Cabbage,APMC Nasik,2026-02-26,750.0,Rs./Quintal,104.7,Metric Tonnes
Cabbage,APMC Nasik,2026-02-27,1000.0,Rs./Quintal,12.8,Metric Tonnes
Cabbage,APMC Nasik,2026-02-28,833.0,Rs./Quintal,72.2,Metric Tonnes
Cabbage,APMC Nasik,2026-03-01,833.0,Rs./Quintal,94.5,Metric Tonnes
Cabbage,APMC Nasik,2026-03-02,833.0,Rs./Quintal,53.1,Metric Tonnes
Cabbage,APMC Nasik,2026-03-03,833.0,Rs./Quintal,56.6,Metric Tonnes
Cabbage,APMC Nasik,2026-03-04,830.0,Rs./Quintal,59.2,Metric Tonnes
Cabbage,APMC Nasik,2026-03-05,833.0,Rs./Quintal,83.4,Metric Tonnes
Cabbage,APMC Nasik,2026-03-06,1080.0,Rs./Quintal,74.5,Metric Tonnes
Cabbage,APMC Nasik,2026-03-07,500.0,Rs./Quintal,86.1,Metric Tonnes
Cabbage,APMC Nasik,2026-03-08,583.0,Rs./Quintal,55.9,Metric Tonnes
Cabbage,APMC Nasik,2026-03-09,580.0,Rs./Quintal,96.1,Metric Tonnes
Cabbage,APMC Nasik,2026-03-10,585.0,Rs./Quintal,100.0,Metric Tonnes
Cabbage,APMC Nasik,2026-03-11,500.0,Rs./Quintal,97.1,Metric Tonnes
Cabbage,APMC Nasik,2026-03-13,335.0,Rs./Quintal,93.9,Metric Tonnes
Cabbage,APMC Nasik,2026-03-14,335.0,Rs./Quintal,73.0,Metric Tonnes
Cabbage,APMC Nasik,2026-03-15,375.0,Rs./Quintal,86.9,Metric Tonnes
Cabbage,APMC Nasik,2026-03-16,500.0,Rs./Quintal,81.2,Metric Tonnes
Cabbage,APMC Nasik,2026-03-17,540.0,Rs./Quintal,83.8,Metric Tonnes
Cabbage,APMC Nasik,2026-03-18,500.0,Rs./Quintal,84.4,Metric Tonnes
Cabbage,APMC Nasik,2026-03-19,580.0,Rs./Quintal,62.2,Metric Tonnes
Cabbage,APMC Nasik,2026-03-20,585.0,Rs./Quintal,56.4,Metric Tonnes
Cabbage,APMC Nasik,2026-03-21,665.0,Rs./Quintal,62.2,Metric Tonnes
Cabbage,APMC Nasik,2026-03-22,500.0,Rs./Quintal,69.8,Metric Tonnes
Cabbage,APMC Nasik,2026-03-23,585.0,Rs./Quintal,69.3,Metric Tonnes
Cabbage,APMC Nasik,2026-03-24,625.0,Rs./Quintal,69.8,Metric Tonnes
Cabbage,APMC Nasik,2026-03-26,585.0,Rs./Quintal,77.5,Metric Tonnes
Cabbage,APMC Nasik,2026-03-27,665.0,Rs./Quintal,79.1,Metric Tonnes
Cabbage,APMC Nasik,2026-03-28,540.0,Rs./Quintal,80.8,Metric Tonnes
Cabbage,APMC Nasik,2026-03-29,580.0,Rs./Quintal,83.5,Metric Tonnes
Cabbage,APMC Nasik,2026-03-30,500.0,Rs./Quintal,83.6,Metric Tonnes
Cabbage,APMC Nasik,2026-03-31,625.0,Rs./Quintal,81.7,Metric Tonnes
Cabbage,APMC Nasik,2026-04-02,625.0,Rs./Quintal,82.4,Metric Tonnes
Cabbage,APMC Nasik,2026-04-03,500.0,Rs./Quintal,90.0,Metric Tonnes
Cabbage,APMC Nasik,2026-04-04,625.0,Rs./Quintal,81.9,Metric Tonnes
Cabbage,APMC Nasik,2026-04-05,625.0,Rs./Quintal,91.8,Metric Tonnes
Cabbage,APMC Nasik,2026-04-06,460.0,Rs./Quintal,84.8,Metric Tonnes
Cabbage,APMC Nasik,2026-04-07,625.0,Rs./Quintal,82.4,Metric Tonnes
Cabbage,APMC Nasik,2026-04-08,500.0,Rs./Quintal,83.0,Metric Tonnes
Cabbage,APMC Nasik,2026-04-09,330.0,Rs./Quintal,79.8,Metric Tonnes
Cabbage,APMC Nasik,2026-04-10,416.0,Rs./Quintal,83.6,Metric Tonnes
Cabbage,APMC Nasik,2026-04-11,415.0,Rs./Quintal,60.5,Metric Tonnes
Cabbage,APMC Nasik,2026-04-12,500.0,Rs./Quintal,82.3,Metric Tonnes
Cabbage,APMC Nasik,2026-04-13,415.0,Rs./Quintal,54.6,Metric Tonnes
Cabbage,APMC Nasik,2026-04-14,335.0,Rs./Quintal,80.7,Metric Tonnes
Cabbage,APMC Nasik,2026-04-15,330.0,Rs./Quintal,78.5,Metric Tonnes
Cabbage,APMC Nasik,2026-04-16,625.0,Rs./Quintal,81.1,Metric Tonnes
Cabbage,APMC Nasik,2026-04-17,500.0,Rs./Quintal,78.1,Metric Tonnes
Cabbage,APMC Nasik,2026-04-18,335.0,Rs./Quintal,71.4,Metric Tonnes
Cabbage,APMC Nasik,2026-04-19,415.0,Rs./Quintal,77.3,Metric Tonnes
Cabbage,APMC Nasik,2026-04-20,625.0,Rs./Quintal,79.4,Metric Tonnes
Cabbage,APMC Nasik,2026-04-21,415.0,Rs./Quintal,77.1,Metric Tonnes
Cabbage,APMC Nasik,2026-04-22,335.0,Rs./Quintal,78.2,Metric Tonnes
Cabbage,APMC Nasik,2026-04-23,585.0,Rs./Quintal,75.6,Metric Tonnes
Cabbage,APMC Nasik,2026-04-24,330.0,Rs./Quintal,77.6,Metric Tonnes
Cabbage,APMC Nasik,2026-04-25,250.0,Rs./Quintal,72.0,Metric Tonnes
Cabbage,APMC Nasik,2026-04-26,330.0,Rs./Quintal,76.3,Metric Tonnes
Cabbage,APMC Nasik,2026-04-27,415.0,Rs./Quintal,77.4,Metric Tonnes
Cabbage,APMC Nasik,2026-04-28,330.0,Rs./Quintal,75.7,Metric Tonnes
Cabbage,APMC Nasik,2026-04-29,625.0,Rs./Quintal,79.6,Metric Tonnes
Cabbage,APMC Nasik,2026-04-30,500.0,Rs./Quintal,78.4,Metric Tonnes
Cabbage,APMC Nasik,2026-05-01,625.0,Rs./Quintal,73.7,Metric Tonnes
Cabbage,APMC Nasik,2026-05-02,250.0,Rs./Quintal,70.9,Metric Tonnes
Cabbage,APMC Nasik,2026-05-04,540.0,Rs./Quintal,67.1,Metric Tonnes
Cabbage,APMC Nasik,2026-05-05,460.0,Rs./Quintal,64.9,Metric Tonnes
Cabbage,APMC Nasik,2026-05-06,335.0,Rs./Quintal,68.5,Metric Tonnes
Cabbage,APMC Nasik,2026-05-07,415.0,Rs./Quintal,62.4,Metric Tonnes
Cabbage,APMC Nasik,2026-05-08,500.0,Rs./Quintal,69.3,Metric Tonnes
Cabbage,APMC Nasik,2026-05-10,335.0,Rs./Quintal,66.8,Metric Tonnes
Cabbage,APMC Nasik,2026-05-12,540.0,Rs./Quintal,59.6,Metric Tonnes
Cabbage,APMC Nasik,2026-05-13,625.0,Rs./Quintal,60.2,Metric Tonnes
Cabbage,APMC Nasik,2026-05-14,460.0,Rs./Quintal,56.7,Metric Tonnes
Cabbage,APMC Nasik,2026-05-15,625.0,Rs./Quintal,60.7,Metric Tonnes
Cabbage,APMC Nasik,2026-05-16,625.0,Rs./Quintal,60.9,Metric Tonnes
Cabbage,APMC Nasik,2026-05-17,920.0,Rs./Quintal,62.5,Metric Tonnes
Cabbage,APMC Nasik,2026-05-18,1080.0,Rs./Quintal,60.1,Metric Tonnes
Cabbage,APMC Nasik,2026-05-19,830.0,Rs./Quintal,53.5,Metric Tonnes
Cabbage,APMC Nasik,2026-05-20,860.0,Rs./Quintal,56.8,Metric Tonnes
Cabbage,APMC Nasik,2026-05-21,625.0,Rs./Quintal,58.4,Metric Tonnes
Cabbage,APMC Nasik,2026-05-22,750.0,Rs./Quintal,57.2,Metric Tonnes
Cabbage,APMC Nasik,2026-05-23,835.0,Rs./Quintal,69.2,Metric Tonnes
Cabbage,APMC Nasik,2026-05-24,1170.0,Rs./Quintal,74.2,Metric Tonnes
Cabbage,APMC Nasik,2026-05-28,1085.0,Rs./Quintal,66.5,Metric Tonnes
Cabbage,APMC Nasik,2026-05-29,1420.0,Rs./Quintal,54.0,Metric Tonnes
Cabbage,APMC Nasik,2026-05-30,1420.0,Rs./Quintal,54.0,Metric Tonnes
Cabbage,APMC Nasik,2026-05-31,835.0,Rs./Quintal,56.0,Metric Tonnes
Cabbage,APMC Nasik,2026-06-01,1085.0,Rs./Quintal,56.4,Metric Tonnes
Cabbage,APMC Nasik,2026-06-02,915.0,Rs./Quintal,58.4,Metric Tonnes
Cabbage,APMC Nasik,2026-06-03,1500.0,Rs./Quintal,59.4,Metric Tonnes
Cabbage,APMC Nasik,2026-06-04,1000.0,Rs./Quintal,60.5,Metric Tonnes
Cabbage,APMC Nasik,2026-06-05,1000.0,Rs./Quintal,57.1,Metric Tonnes
Cabbage,APMC Nasik,2026-06-06,1460.0,Rs./Quintal,53.3,Metric Tonnes
Cabbage,APMC Nasik,2026-06-07,1080.0,Rs./Quintal,60.1,Metric Tonnes
Cabbage,APMC Nasik,2026-06-08,1080.0,Rs./Quintal,55.3,Metric Tonnes
Cabbage,APMC Nasik,2026-06-09,1500.0,Rs./Quintal,43.2,Metric Tonnes
Cabbage,APMC Nasik,2026-06-10,1500.0,Rs./Quintal,47.3,Metric Tonnes
Cabbage,APMC Nasik,2026-06-11,1500.0,Rs./Quintal,74.9,Metric Tonnes
Cabbage,APMC Nasik,2026-06-12,1460.0,Rs./Quintal,66.8,Metric Tonnes
Cabbage,APMC Nasik,2026-06-13,1585.0,Rs./Quintal,56.9,Metric Tonnes
Cabbage,APMC Nasik,2026-06-14,1415.0,Rs./Quintal,47.4,Metric Tonnes
Cabbage,APMC Nasik,2026-06-15,1335.0,Rs./Quintal,49.4,Metric Tonnes
Cabbage,APMC Nasik,2026-06-16,1335.0,Rs./Quintal,47.1,Metric Tonnes
Cabbage,APMC Nasik,2026-06-17,1335.0,Rs./Quintal,47.0,Metric Tonnes
Cabbage,APMC Nasik,2026-06-18,1915.0,Rs./Quintal,43.3,Metric Tonnes
Cabbage,APMC Nasik,2026-06-19,1500.0,Rs./Quintal,70.1,Metric Tonnes
Cabbage,APMC Nasik,2026-06-20,1540.0,Rs./Quintal,58.7,Metric Tonnes
Cabbage,APMC Nasik,2026-06-21,1585.0,Rs./Quintal,69.0,Metric Tonnes
Cabbage,APMC Nasik,2026-06-22,1500.0,Rs./Quintal,74.2,Metric Tonnes
Cabbage,APMC Nasik,2026-06-23,1250.0,Rs./Quintal,48.8,Metric Tonnes
Cabbage,APMC Nasik,2026-06-24,1250.0,Rs./Quintal,33.9,Metric Tonnes
Cabbage,APMC Nasik,2026-06-25,1585.0,Rs./Quintal,72.0,Metric Tonnes
Cabbage,APMC Nasik,2026-06-26,1420.0,Rs./Quintal,60.1,Metric Tonnes
Cabbage,APMC Nasik,2026-06-27,1460.0,Rs./Quintal,78.5,Metric Tonnes
Cabbage,APMC Nasik,2026-06-28,1920.0,Rs./Quintal,23.6,Metric Tonnes
Cabbage,APMC Nasik,2026-06-29,1165.0,Rs./Quintal,67.6,Metric Tonnes
Cabbage,APMC Nasik,2026-06-30,1250.0,Rs./Quintal,63.9,Metric Tonnes
Cabbage,APMC Nasik,2026-07-01,1335.0,Rs./Quintal,63.8,Metric Tonnes
Cabbage,APMC Nasik,2026-07-02,1500.0,Rs./Quintal,63.6,Metric Tonnes
Cabbage,APMC Nasik,2026-07-03,1585.0,Rs./Quintal,57.1,Metric Tonnes
Cabbage,APMC Nasik,2026-07-04,1420.0,Rs./Quintal,61.8,Metric Tonnes
Cabbage,APMC Nasik,2026-07-05,1670.0,Rs./Quintal,40.0,Metric Tonnes
Cabbage,APMC Nasik,2026-07-06,1250.0,Rs./Quintal,56.7,Metric Tonnes
Cabbage,APMC Nasik,2026-07-07,1333.0,Rs./Quintal,35.2,Metric Tonnes
Cabbage,APMC Nasik,2026-07-08,1460.0,Rs./Quintal,69.8,Metric Tonnes
Cabbage,APMC Nasik,2026-07-09,1335.0,Rs./Quintal,75.2,Metric Tonnes
Cabbage,APMC Nasik,2026-07-10,1165.0,Rs./Quintal,107.4,Metric Tonnes
Cabbage,APMC Nasik,2026-07-11,1000.0,Rs./Quintal,105.5,Metric Tonnes
Cabbage,APMC Nasik,2026-07-13,1335.0,Rs./Quintal,91.5,Metric Tonnes
Cabbage,APMC Nasik,2026-07-14,1170.0,Rs./Quintal,72.9,Metric Tonnes
Cabbage,APMC Nasik,2026-07-15,1420.0,Rs./Quintal,90.6,Metric Tonnes
Cabbage,APMC Nasik,2026-07-16,1250.0,Rs./Quintal,105.6,Metric Tonnes
Cabbage,APMC Nasik,2026-07-17,1250.0,Rs./Quintal,45.4,Metric Tonnes
Cabbage,APMC Nasik,2026-07-18,1335.0,Rs./Quintal,73.5,Metric Tonnes
Cabbage,APMC Nasik,2026-07-19,1170.0,Rs./Quintal,80.8,Metric Tonnes
Cabbage,APMC Nasik,2026-07-20,1208.0,Rs./Quintal,81.2,Metric Tonnes
Cabbage,APMC Nasik,2026-07-21,1420.0,Rs./Quintal,92.8,Metric Tonnes
Cabbage,APMC Nasik,2026-07-22,1165.0,Rs./Quintal,94.6,Metric Tonnes
Cabbage,APMC Nasik,2026-07-23,1250.0,Rs./Quintal,87.3,Metric Tonnes
Cabbage,APMC Nasik,2026-07-24,1040.0,Rs./Quintal,79.4,Metric Tonnes
Cabbage,APMC Nasik,2026-07-25,1460.0,Rs./Quintal,69.3,Metric Tonnes
Cabbage,APMC Nasik,2026-07-26,1500.0,Rs./Quintal,50.8,Metric Tonnes
Cabbage,APMC Nasik,2026-07-27,1415.0,Rs./Quintal,53.6,Metric Tonnes
Cabbage,APMC Nasik,2026-07-28,1460.0,Rs./Quintal,53.8,Metric Tonnes
Cabbage,APMC Nasik,2026-07-29,1335.0,Rs./Quintal,17.0,Metric Tonnes
Cabbage,APMC Nasik,2026-07-30,1415.0,Rs./Quintal,79.1,Metric Tonnes
Cabbage,APMC Nasik,2026-07-31,1085.0,Rs./Quintal,68.2,Metric Tonnes
Cabbage,APMC Nasik,2026-08-01,1040.0,Rs./Quintal,69.3,Metric Tonnes
Cabbage,APMC Nasik,2026-08-02,885.0,Rs./Quintal,91.0,Metric Tonnes
Cabbage,APMC Nasik,2026-08-03,1125.0,Rs./Quintal,66.1,Metric Tonnes
Cabbage,APMC Nasik,2026-08-04,1335.0,Rs./Quintal,56.1,Metric Tonnes
Cabbage,APMC Nasik,2026-08-05,1335.0,Rs./Quintal,69.8,Metric Tonnes
Cabbage,APMC Nasik,2026-08-06,1460.0,Rs./Quintal,75.2,Metric Tonnes
Cabbage,APMC Nasik,2026-08-07,1500.0,Rs./Quintal,75.7,Metric Tonnes
Cabbage,APMC Nasik,2026-08-08,1250.0,Rs./Quintal,79.7,Metric Tonnes
Cabbage,APMC Nasik,2026-08-09,1210.0,Rs./Quintal,47.7,Metric Tonnes
Cabbage,APMC Nasik,2026-08-10,1208.0,Rs./Quintal,48.7,Metric Tonnes
Cabbage,APMC Nasik,2026-08-11,835.0,Rs./Quintal,75.0,Metric Tonnes
Cabbage,APMC Nasik,2026-08-12,1500.0,Rs./Quintal,53.4,Metric Tonnes
Cabbage,APMC Nasik,2026-08-13,1335.0,Rs./Quintal,85.8,Metric Tonnes
Cabbage,APMC Nasik,2026-08-14,1500.0,Rs./Quintal,78.3,Metric Tonnes
Cabbage,APMC Nasik,2026-08-16,1335.0,Rs./Quintal,80.8,Metric Tonnes
Cabbage,APMC Nasik,2026-08-17,1415.0,Rs./Quintal,78.8,Metric Tonnes
Cabbage,APMC Nasik,2026-08-18,1335.0,Rs./Quintal,76.3,Metric Tonnes
Cabbage,APMC Nasik,2026-08-19,1335.0,Rs./Quintal,71.4,Metric Tonnes
Cabbage,APMC Nasik,2026-08-20,1250.0,Rs./Quintal,70.3,Metric Tonnes
Cabbage,APMC Nasik,2026-08-21,1420.0,Rs./Quintal,86.9,Metric Tonnes
Cabbage,APMC Nasik,2026-08-22,1290.0,Rs./Quintal,79.7,Metric Tonnes
Cabbage,APMC Nasik,2026-08-23,1165.0,Rs./Quintal,69.3,Metric Tonnes
Cabbage,APMC Nasik,2026-08-24,1160.0,Rs./Quintal,54.0,Metric Tonnes
Cabbage,APMC Nasik,2026-08-25,1000.0,Rs./Quintal,73.9,Metric Tonnes
Cabbage,APMC Nasik,2026-08-26,1335.0,Rs./Quintal,75.5,Metric Tonnes
Cabbage,APMC Nasik,2026-08-27,1250.0,Rs./Quintal,74.7,Metric Tonnes
Cabbage,APMC Nasik,2026-08-28,1335.0,Rs./Quintal,78.1,Metric Tonnes
Cabbage,APMC Nasik,2026-08-29,1210.0,Rs./Quintal,73.9,Metric Tonnes
Cabbage,APMC Nasik,2026-08-30,1375.0,Rs./Quintal,73.9,Metric Tonnes
Cabbage,APMC Nasik,2026-08-31,1335.0,Rs./Quintal,74.5,Metric Tonnes
Cabbage,APMC Nasik,2026-09-01,1250.0,Rs./Quintal,83.6,Metric Tonnes
Cabbage,APMC Nasik,2026-09-02,1170.0,Rs./Quintal,83.2,Metric Tonnes
Cabbage,APMC Nasik,2026-09-03,835.0,Rs./Quintal,69.8,Metric Tonnes
Cabbage,APMC Nasik,2026-09-04,1000.0,Rs./Quintal,88.4,Metric Tonnes
Cabbage,APMC Nasik,2026-09-05,1250.0,Rs./Quintal,88.1,Metric Tonnes
Cabbage,APMC Nasik,2026-09-06,1290.0,Rs./Quintal,69.0,Metric Tonnes
Cabbage,APMC Nasik,2026-09-07,1250.0,Rs./Quintal,88.7,Metric Tonnes
Cabbage,APMC Nasik,2026-09-08,835.0,Rs./Quintal,79.0,Metric Tonnes
Cabbage,APMC Nasik,2026-09-09,835.0,Rs./Quintal,87.9,Metric Tonnes
Cabbage,APMC Nasik,2026-09-10,583.0,Rs./Quintal,112.7,Metric Tonnes
Cabbage,APMC Nasik,2026-09-11,830.0,Rs./Quintal,61.2,Metric Tonnes
Cabbage,APMC Nasik,2026-09-12,585.0,Rs./Quintal,42.5,Metric Tonnes
Cabbage,APMC Nasik,2026-09-14,750.0,Rs./Quintal,61.9,Metric Tonnes
Cabbage,APMC Nasik,2026-09-15,960.0,Rs./Quintal,92.9,Metric Tonnes
Cabbage,APMC Nasik,2026-09-16,835.0,Rs./Quintal,108.1,Metric Tonnes
Cabbage,APMC Nasik,2026-09-17,750.0,Rs./Quintal,88.2,Metric Tonnes
Cabbage,APMC Nasik,2026-09-18,625.0,Rs./Quintal,85.5,Metric Tonnes
Cabbage,APMC Nasik,2026-09-19,750.0,Rs./Quintal,77.6,Metric Tonnes
Cabbage,APMC Nasik,2026-09-20,710.0,Rs./Quintal,90.9,Metric Tonnes
Cabbage,APMC Nasik,2026-09-21,708.0,Rs./Quintal,63.9,Metric Tonnes
Cabbage,APMC Nasik,2026-09-22,670.0,Rs./Quintal,90.8,Metric Tonnes
Cabbage,APMC Nasik,2026-09-23,700.0,Rs./Quintal,92.1,Metric Tonnes
Cabbage,APMC Nasik,2026-09-24,540.0,Rs./Quintal,81.5,Metric Tonnes
Cabbage,APMC Nasik,2026-09-25,580.0,Rs./Quintal,77.3,Metric Tonnes
Cabbage,APMC Nasik,2026-09-26,750.0,Rs./Quintal,73.0,Metric Tonnes
Cabbage,APMC Nasik,2026-09-27,750.0,Rs./Quintal,94.5,Metric Tonnes
Cabbage,APMC Nasik,2026-09-28,790.0,Rs./Quintal,93.3,Metric Tonnes
Cabbage,APMC Nasik,2026-09-29,625.0,Rs./Quintal,77.9,Metric Tonnes
Cabbage,APMC Nasik,2026-09-30,750.0,Rs./Quintal,100.5,Metric Tonnes
Cabbage,APMC Nasik,2026-10-01,625.0,Rs./Quintal,70.7,Metric Tonnes
Cabbage,APMC Nasik,2026-10-02,915.0,Rs./Quintal,79.9,Metric Tonnes
Cabbage,APMC Nasik,2026-10-03,750.0,Rs./Quintal,83.1,Metric Tonnes
Cabbage,APMC Nasik,2026-10-04,750.0,Rs./Quintal,88.9,Metric Tonnes
Cabbage,APMC Nasik,2026-10-05,750.0,Rs./Quintal,90.1,Metric Tonnes
Cabbage,APMC Nasik,2026-10-06,835.0,Rs./Quintal,89.0,Metric Tonnes
Cauliflower,APMC Nasik,2024-01-01,1140.0,Rs./Quintal,44.0,Metric Tonnes
Cauliflower,APMC Nasik,2024-01-02,1430.0,Rs./Quintal,37.0,Metric Tonnes
Cauliflower,APMC Nasik,2024-01-03,1220.0,Rs./Quintal,43.0,Metric Tonnes
Cauliflower,APMC Nasik,2024-01-04,1140.0,Rs./Quintal,47.0,Metric Tonnes
Cauliflower,APMC Nasik,2024-01-05,1070.0,Rs./Quintal,40.0,Metric Tonnes
Cauliflower,APMC Nasik,2024-01-06,1070.0,Rs./Quintal,39.0,Metric Tonnes
Cauliflower,APMC Nasik,2024-01-08,1640.0,Rs./Quintal,38.0,Metric Tonnes
Cauliflower,APMC Nasik,2024-01-09,1640.0,Rs./Quintal,42.0,Metric Tonnes
Cauliflower,APMC Nasik,2024-01-10,1070.0,Rs./Quintal,38.0,Metric Tonnes
Cauliflower,APMC Nasik,2024-01-11,1610.0,Rs./Quintal,40.0,Metric Tonnes
Cauliflower,APMC Nasik,2024-01-12,1785.0,Rs./Quintal,38.0,Metric Tonnes
Cauliflower,APMC Nasik,2024-01-13,1220.0,Rs./Quintal,39.0,Metric Tonnes
Cauliflower,APMC Nasik,2024-01-14,1430.0,Rs./Quintal,35.0,Metric Tonnes
Cauliflower,APMC Nasik,2024-01-15,1430.0,Rs./Quintal,37.0,Metric Tonnes
Cauliflower,APMC Nasik,2024-01-16,1430.0,Rs./Quintal,38.0,Metric Tonnes
Cauliflower,APMC Nasik,2024-01-17,1785.0,Rs./Quintal,36.0,Metric Tonnes
Cauliflower,APMC Nasik,2024-01-18,1785.0,Rs./Quintal,30.0,Metric Tonnes
Cauliflower,APMC Nasik,2024-01-19,1430.0,Rs./Quintal,35.0,Metric Tonnes
Cauliflower,APMC Nasik,2024-01-20,1140.0,Rs./Quintal,34.0,Metric Tonnes
Cauliflower,APMC Nasik,2024-01-21,1220.0,Rs./Quintal,33.0,Metric Tonnes
Cauliflower,APMC Nasik,2024-01-22,1725.0,Rs./Quintal,29.0,Metric Tonnes
Cauliflower,APMC Nasik,2024-01-23,1643.0,Rs./Quintal,29.0,Metric Tonnes
Cauliflower,APMC Nasik,2024-01-24,1930.0,Rs./Quintal,40.0,Metric Tonnes
Cauliflower,APMC Nasik,2024-01-25,1535.0,Rs./Quintal,33.0,Metric Tonnes
Cauliflower,APMC Nasik,2024-01-28,1970.0,Rs./Quintal,33.0,Metric Tonnes
Cauliflower,APMC Nasik,2024-01-29,1930.0,Rs./Quintal,39.0,Metric Tonnes
Cauliflower,APMC Nasik,2024-01-30,890.0,Rs./Quintal,39.0,Metric Tonnes
Cauliflower,APMC Nasik,2024-01-31,1210.0,Rs./Quintal,61.0,Metric Tonnes
Cauliflower,APMC Nasik,2024-02-01,890.0,Rs./Quintal,62.0,Metric Tonnes
Cauliflower,APMC Nasik,2024-02-02,720.0,Rs./Quintal,52.0,Metric Tonnes
Cauliflower,APMC Nasik,2024-02-05,1070.0,Rs./Quintal,39.0,Metric Tonnes
Cauliflower,APMC Nasik,2024-02-06,1000.0,Rs./Quintal,36.0,Metric Tonnes
Cauliflower,APMC Nasik,2024-02-07,930.0,Rs./Quintal,50.0,Metric Tonnes
Cauliflower,APMC Nasik,2024-02-08,640.0,Rs./Quintal,52.0,Metric Tonnes
Cauliflower,APMC Nasik,2024-02-09,610.0,Rs./Quintal,67.0,Metric Tonnes
Cauliflower,APMC Nasik,2024-02-10,645.0,Rs./Quintal,67.0,Metric Tonnes
Cauliflower,APMC Nasik,2024-02-11,720.0,Rs./Quintal,82.0,Metric Tonnes
Cauliflower,APMC Nasik,2024-02-12,1000.0,Rs./Quintal,62.0,Metric Tonnes
Cauliflower,APMC Nasik,2024-02-13,1000.0,Rs./Quintal,61.0,Metric Tonnes
Cauliflower,APMC Nasik,2024-02-14,1250.0,Rs./Quintal,61.0,Metric Tonnes
Cauliflower,APMC Nasik,2024-02-15,715.0,Rs./Quintal,69.0,Metric Tonnes
Cauliflower,APMC Nasik,2024-02-16,890.0,Rs./Quintal,46.0,Metric Tonnes
Cauliflower,APMC Nasik,2024-02-17,890.0,Rs./Quintal,53.0,Metric Tonnes
Cauliflower,APMC Nasik,2024-02-19,1785.0,Rs./Quintal,52.0,Metric Tonnes
Cauliflower,APMC Nasik,2024-02-20,1610.0,Rs./Quintal,52.0,Metric Tonnes
Cauliflower,APMC Nasik,2024-02-21,1645.0,Rs./Quintal,51.0,Metric Tonnes
Cauliflower,APMC Nasik,2024-02-22,1570.0,Rs./Quintal,53.0,Metric Tonnes
Cauliflower,APMC Nasik,2024-02-23,1610.0,Rs./Quintal,38.0,Metric Tonnes
Cauliflower,APMC Nasik,2024-02-24,1610.0,Rs./Quintal,43.0,Metric Tonnes
Cauliflower,APMC Nasik,2024-02-27,1610.0,Rs./Quintal,39.0,Metric Tonnes
Cauliflower,APMC Nasik,2024-02-28,1785.0,Rs./Quintal,57.5,Metric Tonnes
Cauliflower,APMC Nasik,2024-02-29,1070.0,Rs./Quintal,43.4,Metric Tonnes
Cauliflower,APMC Nasik,2024-03-01,1070.0,Rs./Quintal,46.6,Metric Tonnes
Cauliflower,APMC Nasik,2024-03-02,1000.0,Rs./Quintal,47.4,Metric Tonnes
Cauliflower,APMC Nasik,2024-03-04,1000.0,Rs./Quintal,44.4,Metric Tonnes
Cauliflower,APMC Nasik,2024-03-05,1070.0,Rs./Quintal,45.7,Metric Tonnes
Cauliflower,APMC Nasik,2024-03-06,1500.0,Rs./Quintal,46.4,Metric Tonnes
Cauliflower,APMC Nasik,2024-03-07,1140.0,Rs./Quintal,46.9,Metric Tonnes
Cauliflower,APMC Nasik,2024-03-08,1220.0,Rs./Quintal,34.9,Metric Tonnes
Cauliflower,APMC Nasik,2024-03-09,1070.0,Rs./Quintal,50.9,Metric Tonnes
Cauliflower,APMC Nasik,2024-03-10,1680.0,Rs./Quintal,38.5,Metric Tonnes
Cauliflower,APMC Nasik,2024-03-11,1785.0,Rs./Quintal,42.0,Metric Tonnes
Cauliflower,APMC Nasik,2024-03-12,1930.0,Rs./Quintal,43.8,Metric Tonnes
Cauliflower,APMC Nasik,2024-03-19,930.0,Rs./Quintal,57.1,Metric Tonnes
Cauliflower,APMC Nasik,2024-03-20,890.0,Rs./Quintal,55.8,Metric Tonnes
Cauliflower,APMC Nasik,2024-03-21,1140.0,Rs./Quintal,49.8,Metric Tonnes
Cauliflower,APMC Nasik,2024-03-22,930.0,Rs./Quintal,49.4,Metric Tonnes
Cauliflower,APMC Nasik,2024-03-23,1140.0,Rs./Quintal,105.4,Metric Tonnes
Cauliflower,APMC Nasik,2024-03-24,1000.0,Rs./Quintal,76.4,Metric Tonnes
Cauliflower,APMC Nasik,2024-03-25,1070.0,Rs./Quintal,86.2,Metric Tonnes
Cauliflower,APMC Nasik,2024-03-26,1145.0,Rs./Quintal,92.3,Metric Tonnes
Cauliflower,APMC Nasik,2024-03-27,1170.0,Rs./Quintal,85.3,Metric Tonnes
Cauliflower,APMC Nasik,2024-03-28,1070.0,Rs./Quintal,94.5,Metric Tonnes
Cauliflower,APMC Nasik,2024-03-29,930.0,Rs./Quintal,97.9,Metric Tonnes
Cauliflower,APMC Nasik,2024-03-30,610.0,Rs./Quintal,90.1,Metric Tonnes
Cauliflower,APMC Nasik,2024-03-31,785.0,Rs./Quintal,78.1,Metric Tonnes
Cauliflower,APMC Nasik,2024-04-01,360.0,Rs./Quintal,106.0,Metric Tonnes
Cauliflower,APMC Nasik,2024-04-03,430.0,Rs./Quintal,110.3,Metric Tonnes
Cauliflower,APMC Nasik,2024-04-04,714.0,Rs./Quintal,68.0,Metric Tonnes
Cauliflower,APMC Nasik,2024-04-05,610.0,Rs./Quintal,64.3,Metric Tonnes
Cauliflower,APMC Nasik,2024-04-06,640.0,Rs./Quintal,76.5,Metric Tonnes
Cauliflower,APMC Nasik,2024-04-07,715.0,Rs./Quintal,64.4,Metric Tonnes
Cauliflower,APMC Nasik,2024-04-08,860.0,Rs./Quintal,57.0,Metric Tonnes
Cauliflower,APMC Nasik,2024-04-09,715.0,Rs./Quintal,38.7,Metric Tonnes
Cauliflower,APMC Nasik,2024-04-13,1070.0,Rs./Quintal,112.2,Metric Tonnes
Cauliflower,APMC Nasik,2024-04-15,720.0,Rs./Quintal,109.4,Metric Tonnes
Cauliflower,APMC Nasik,2024-04-19,640.0,Rs./Quintal,80.3,Metric Tonnes
Cauliflower,APMC Nasik,2024-04-22,715.0,Rs./Quintal,88.7,Metric Tonnes
Cauliflower,APMC Nasik,2024-04-23,710.0,Rs./Quintal,63.2,Metric Tonnes
Cauliflower,APMC Nasik,2024-04-24,720.0,Rs./Quintal,114.1,Metric Tonnes
Cauliflower,APMC Nasik,2024-04-25,570.0,Rs./Quintal,104.1,Metric Tonnes
Cauliflower,APMC Nasik,2024-04-26,470.0,Rs./Quintal,100.1,Metric Tonnes
Cauliflower,APMC Nasik,2024-04-27,570.0,Rs./Quintal,97.2,Metric Tonnes
Cauliflower,APMC Nasik,2024-04-28,720.0,Rs./Quintal,110.1,Metric Tonnes
Cauliflower,APMC Nasik,2024-04-29,720.0,Rs./Quintal,122.4,Metric Tonnes
Cauliflower,APMC Nasik,2024-04-30,1070.0,Rs./Quintal,123.2,Metric Tonnes
Cauliflower,APMC Nasik,2024-05-01,570.0,Rs./Quintal,110.8,Metric Tonnes
Cauliflower,APMC Nasik,2024-05-02,1500.0,Rs./Quintal,90.3,Metric Tonnes
Cauliflower,APMC Nasik,2024-05-03,1430.0,Rs./Quintal,90.0,Metric Tonnes
Cauliflower,APMC Nasik,2024-05-04,1500.0,Rs./Quintal,85.0,Metric Tonnes
Cauliflower,APMC Nasik,2024-05-05,1640.0,Rs./Quintal,50.9,Metric Tonnes
Cauliflower,APMC Nasik,2024-05-06,1640.0,Rs./Quintal,53.7,Metric Tonnes
Cauliflower,APMC Nasik,2024-05-07,1850.0,Rs./Quintal,52.2,Metric Tonnes
Cauliflower,APMC Nasik,2024-05-08,1785.0,Rs./Quintal,48.2,Metric Tonnes
Cauliflower,APMC Nasik,2024-05-09,1570.0,Rs./Quintal,66.8,Metric Tonnes
Cauliflower,APMC Nasik,2024-05-10,1000.0,Rs./Quintal,45.5,Metric Tonnes
Cauliflower,APMC Nasik,2024-05-11,1220.0,Rs./Quintal,48.6,Metric Tonnes
Cauliflower,APMC Nasik,2024-05-12,1360.0,Rs./Quintal,48.8,Metric Tonnes
Cauliflower,APMC Nasik,2024-05-13,1070.0,Rs./Quintal,85.2,Metric Tonnes
Cauliflower,APMC Nasik,2024-05-14,1000.0,Rs./Quintal,81.3,Metric Tonnes
Cauliflower,APMC Nasik,2024-05-15,1070.0,Rs./Quintal,61.5,Metric Tonnes
Cauliflower,APMC Nasik,2024-05-16,1070.0,Rs./Quintal,56.8,Metric Tonnes
Cauliflower,APMC Nasik,2024-05-17,1215.0,Rs./Quintal,62.3,Metric Tonnes
Cauliflower,APMC Nasik,2024-05-18,1070.0,Rs./Quintal,56.4,Metric Tonnes
Cauliflower,APMC Nasik,2024-05-19,1715.0,Rs./Quintal,66.8,Metric Tonnes
Cauliflower,APMC Nasik,2024-05-20,1070.0,Rs./Quintal,36.5,Metric Tonnes
Cauliflower,APMC Nasik,2024-05-21,1285.0,Rs./Quintal,75.9,Metric Tonnes
Cauliflower,APMC Nasik,2024-05-22,1720.0,Rs./Quintal,41.9,Metric Tonnes
Cauliflower,APMC Nasik,2024-05-23,1785.0,Rs./Quintal,34.2,Metric Tonnes
Cauliflower,APMC Nasik,2024-05-24,1610.0,Rs./Quintal,39.1,Metric Tonnes
Cauliflower,APMC Nasik,2024-05-25,1570.0,Rs./Quintal,39.7,Metric Tonnes
Cauliflower,APMC Nasik,2024-05-26,1570.0,Rs./Quintal,66.0,Metric Tonnes
Cauliflower,APMC Nasik,2024-05-27,1610.0,Rs./Quintal,46.8,Metric Tonnes
Cauliflower,APMC Nasik,2024-05-28,1715.0,Rs./Quintal,75.3,Metric Tonnes
Cauliflower,APMC Nasik,2024-05-29,1785.0,Rs./Quintal,50.6,Metric Tonnes
Cauliflower,APMC Nasik,2024-05-30,1860.0,Rs./Quintal,79.0,Metric Tonnes
Cauliflower,APMC Nasik,2024-05-31,1930.0,Rs./Quintal,75.3,Metric Tonnes
Cauliflower,APMC Nasik,2024-06-01,1610.0,Rs./Quintal,50.9,Metric Tonnes
Cauliflower,APMC Nasik,2024-06-02,1610.0,Rs./Quintal,44.5,Metric Tonnes
Cauliflower,APMC Nasik,2024-06-03,1930.0,Rs./Quintal,62.5,Metric Tonnes
Cauliflower,APMC Nasik,2024-06-04,1715.0,Rs./Quintal,66.0,Metric Tonnes
Cauliflower,APMC Nasik,2024-06-05,1570.0,Rs./Quintal,73.2,Metric Tonnes
Cauliflower,APMC Nasik,2024-06-06,1640.0,Rs./Quintal,68.9,Metric Tonnes
Cauliflower,APMC Nasik,2024-06-07,1285.0,Rs./Quintal,41.0,Metric Tonnes
Cauliflower,APMC Nasik,2024-06-08,1430.0,Rs./Quintal,74.0,Metric Tonnes
Cauliflower,APMC Nasik,2024-06-09,1715.0,Rs./Quintal,68.5,Metric Tonnes
Cauliflower,APMC Nasik,2024-06-10,1715.0,Rs./Quintal,75.9,Metric Tonnes
Cauliflower,APMC Nasik,2024-06-11,1640.0,Rs./Quintal,73.5,Metric Tonnes
Cauliflower,APMC Nasik,2024-06-12,1570.0,Rs./Quintal,69.4,Metric Tonnes
Cauliflower,APMC Nasik,2024-06-13,1570.0,Rs./Quintal,79.2,Metric Tonnes
Cauliflower,APMC Nasik,2024-06-14,1610.0,Rs./Quintal,71.2,Metric Tonnes
Cauliflower,APMC Nasik,2024-06-15,1715.0,Rs./Quintal,37.6,Metric Tonnes
Cauliflower,APMC Nasik,2024-06-16,1800.0,Rs./Quintal,54.9,Metric Tonnes
Cauliflower,APMC Nasik,2024-06-17,1570.0,Rs./Quintal,60.5,Metric Tonnes
Cauliflower,APMC Nasik,2024-06-18,1785.0,Rs./Quintal,66.0,Metric Tonnes
Cauliflower,APMC Nasik,2024-06-19,2140.0,Rs./Quintal,90.8,Metric Tonnes
Cauliflower,APMC Nasik,2024-06-20,2000.0,Rs./Quintal,85.5,Metric Tonnes
Cauliflower,APMC Nasik,2024-06-21,2320.0,Rs./Quintal,35.9,Metric Tonnes
Cauliflower,APMC Nasik,2024-06-22,1785.0,Rs./Quintal,32.1,Metric Tonnes
Cauliflower,APMC Nasik,2024-06-24,2000.0,Rs./Quintal,42.5,Metric Tonnes
Cauliflower,APMC Nasik,2024-06-25,2000.0,Rs./Quintal,42.1,Metric Tonnes
Cauliflower,APMC Nasik,2024-06-26,2142.0,Rs./Quintal,47.5,Metric Tonnes
Cauliflower,APMC Nasik,2024-06-27,2142.0,Rs./Quintal,45.5,Metric Tonnes
Cauliflower,APMC Nasik,2024-06-28,1785.0,Rs./Quintal,39.3,Metric Tonnes
Cauliflower,APMC Nasik,2024-06-29,2000.0,Rs./Quintal,46.4,Metric Tonnes
Cauliflower,APMC Nasik,2024-06-30,2000.0,Rs./Quintal,52.5,Metric Tonnes
Cauliflower,APMC Nasik,2024-07-01,1000.0,Rs./Quintal,36.3,Metric Tonnes
Cauliflower,APMC Nasik,2024-07-02,1570.0,Rs./Quintal,50.5,Metric Tonnes
Cauliflower,APMC Nasik,2024-07-03,1855.0,Rs./Quintal,51.7,Metric Tonnes
Cauliflower,APMC Nasik,2024-07-04,1640.0,Rs./Quintal,46.8,Metric Tonnes
Cauliflower,APMC Nasik,2024-07-05,1930.0,Rs./Quintal,34.9,Metric Tonnes
Cauliflower,APMC Nasik,2024-07-06,1715.0,Rs./Quintal,41.0,Metric Tonnes
Cauliflower,APMC Nasik,2024-07-07,2142.0,Rs./Quintal,45.1,Metric Tonnes
Cauliflower,APMC Nasik,2024-07-08,2320.0,Rs./Quintal,41.5,Metric Tonnes
Cauliflower,APMC Nasik,2024-07-09,1570.0,Rs./Quintal,45.1,Metric Tonnes
Cauliflower,APMC Nasik,2024-07-10,1930.0,Rs./Quintal,41.0,Metric Tonnes
Cauliflower,APMC Nasik,2024-07-11,1785.0,Rs./Quintal,59.2,Metric Tonnes
Cauliflower,APMC Nasik,2024-07-12,1285.0,Rs./Quintal,40.5,Metric Tonnes
Cauliflower,APMC Nasik,2024-07-13,1715.0,Rs./Quintal,37.8,Metric Tonnes
Cauliflower,APMC Nasik,2024-07-15,1715.0,Rs./Quintal,37.5,Metric Tonnes
Cauliflower,APMC Nasik,2024-07-16,1610.0,Rs./Quintal,39.0,Metric Tonnes
Cauliflower,APMC Nasik,2024-07-17,1430.0,Rs./Quintal,44.8,Metric Tonnes
Cauliflower,APMC Nasik,2024-07-18,1930.0,Rs./Quintal,27.1,Metric Tonnes
Cauliflower,APMC Nasik,2024-07-19,1785.0,Rs./Quintal,43.1,Metric Tonnes
Cauliflower,APMC Nasik,2024-07-20,1715.0,Rs./Quintal,46.9,Metric Tonnes
Cauliflower,APMC Nasik,2024-07-22,1140.0,Rs./Quintal,42.1,Metric Tonnes
Cauliflower,APMC Nasik,2024-07-23,1430.0,Rs./Quintal,39.9,Metric Tonnes
Cauliflower,APMC Nasik,2024-07-24,1140.0,Rs./Quintal,47.5,Metric Tonnes
Cauliflower,APMC Nasik,2024-07-25,1070.0,Rs./Quintal,40.5,Metric Tonnes
Cauliflower,APMC Nasik,2024-07-26,1140.0,Rs./Quintal,43.7,Metric Tonnes
Cauliflower,APMC Nasik,2024-07-27,1140.0,Rs./Quintal,48.2,Metric Tonnes
Cauliflower,APMC Nasik,2024-07-29,1285.0,Rs./Quintal,54.4,Metric Tonnes
Cauliflower,APMC Nasik,2024-07-30,1070.0,Rs./Quintal,45.3,Metric Tonnes
Cauliflower,APMC Nasik,2024-07-31,1285.0,Rs./Quintal,51.5,Metric Tonnes
Cauliflower,APMC Nasik,2024-08-01,1285.0,Rs./Quintal,55.0,Metric Tonnes
Cauliflower,APMC Nasik,2024-08-02,1430.0,Rs./Quintal,48.8,Metric Tonnes
Cauliflower,APMC Nasik,2024-08-03,1070.0,Rs./Quintal,44.3,Metric Tonnes
Cauliflower,APMC Nasik,2024-08-04,890.0,Rs./Quintal,53.3,Metric Tonnes
Cauliflower,APMC Nasik,2024-08-05,1070.0,Rs./Quintal,44.6,Metric Tonnes
Cauliflower,APMC Nasik,2024-08-06,1140.0,Rs./Quintal,40.8,Metric Tonnes
Cauliflower,APMC Nasik,2024-08-07,1070.0,Rs./Quintal,47.1,Metric Tonnes
Cauliflower,APMC Nasik,2024-08-08,1285.0,Rs./Quintal,62.6,Metric Tonnes
Cauliflower,APMC Nasik,2024-08-09,1070.0,Rs./Quintal,49.3,Metric Tonnes
Cauliflower,APMC Nasik,2024-08-10,1215.0,Rs./Quintal,54.4,Metric Tonnes
Cauliflower,APMC Nasik,2024-08-11,1220.0,Rs./Quintal,51.6,Metric Tonnes
Cauliflower,APMC Nasik,2024-08-12,1215.0,Rs./Quintal,50.0,Metric Tonnes
Cauliflower,APMC Nasik,2024-08-13,1215.0,Rs./Quintal,49.4,Metric Tonnes
Cauliflower,APMC Nasik,2024-08-14,1070.0,Rs./Quintal,46.7,Metric Tonnes
Cauliflower,APMC Nasik,2024-08-17,1215.0,Rs./Quintal,48.4,Metric Tonnes
Cauliflower,APMC Nasik,2024-08-20,1215.0,Rs./Quintal,47.7,Metric Tonnes
Cauliflower,APMC Nasik,2024-08-21,1000.0,Rs./Quintal,43.1,Metric Tonnes
Cauliflower,APMC Nasik,2024-08-22,1210.0,Rs./Quintal,40.0,Metric Tonnes
Cauliflower,APMC Nasik,2024-08-23,930.0,Rs./Quintal,33.6,Metric Tonnes
Cauliflower,APMC Nasik,2024-08-24,3000.0,Rs./Quintal,12.4,Metric Tonnes
Cauliflower,APMC Nasik,2024-08-25,1070.0,Rs./Quintal,37.3,Metric Tonnes
Cauliflower,APMC Nasik,2024-08-26,930.0,Rs./Quintal,37.3,Metric Tonnes
Cauliflower,APMC Nasik,2024-08-27,1070.0,Rs./Quintal,37.7,Metric Tonnes
Cauliflower,APMC Nasik,2024-08-28,1285.0,Rs./Quintal,38.9,Metric Tonnes
Cauliflower,APMC Nasik,2024-08-29,1610.0,Rs./Quintal,36.0,Metric Tonnes
Cauliflower,APMC Nasik,2024-08-30,1785.0,Rs./Quintal,83.5,Metric Tonnes
Cauliflower,APMC Nasik,2024-08-31,1785.0,Rs./Quintal,43.9,Metric Tonnes
Cauliflower,APMC Nasik,2024-09-01,2140.0,Rs./Quintal,20.6,Metric Tonnes
Cauliflower,APMC Nasik,2024-09-02,2140.0,Rs./Quintal,25.9,Metric Tonnes
Cauliflower,APMC Nasik,2024-09-03,1430.0,Rs./Quintal,20.8,Metric Tonnes
Cauliflower,APMC Nasik,2024-09-04,1640.0,Rs./Quintal,18.9,Metric Tonnes
Cauliflower,APMC Nasik,2024-09-05,1640.0,Rs./Quintal,23.0,Metric Tonnes
Cauliflower,APMC Nasik,2024-09-06,2140.0,Rs./Quintal,23.2,Metric Tonnes
Cauliflower,APMC Nasik,2024-09-07,2390.0,Rs./Quintal,21.5,Metric Tonnes
Cauliflower,APMC Nasik,2024-09-09,2500.0,Rs./Quintal,11.9,Metric Tonnes
Cauliflower,APMC Nasik,2024-09-10,1964.0,Rs./Quintal,46.6,Metric Tonnes
Cauliflower,APMC Nasik,2024-09-11,1610.0,Rs./Quintal,27.6,Metric Tonnes
Cauliflower,APMC Nasik,2024-09-12,2140.0,Rs./Quintal,28.1,Metric Tonnes
Cauliflower,APMC Nasik,2024-09-13,1785.0,Rs./Quintal,32.8,Metric Tonnes
Cauliflower,APMC Nasik,2024-09-14,2140.0,Rs./Quintal,21.9,Metric Tonnes
Cauliflower,APMC Nasik,2024-09-15,2860.0,Rs./Quintal,22.1,Metric Tonnes
Cauliflower,APMC Nasik,2024-09-16,2140.0,Rs./Quintal,42.8,Metric Tonnes
Cauliflower,APMC Nasik,2024-09-17,1640.0,Rs./Quintal,23.0,Metric Tonnes
Cauliflower,APMC Nasik,2024-09-18,2860.0,Rs./Quintal,40.7,Metric Tonnes
Cauliflower,APMC Nasik,2024-09-19,2390.0,Rs./Quintal,20.6,Metric Tonnes
Cauliflower,APMC Nasik,2024-09-20,2860.0,Rs./Quintal,19.4,Metric Tonnes
Cauliflower,APMC Nasik,2024-09-21,2640.0,Rs./Quintal,18.2,Metric Tonnes
Cauliflower,APMC Nasik,2024-09-22,3220.0,Rs./Quintal,31.6,Metric Tonnes
Cauliflower,APMC Nasik,2024-09-23,2500.0,Rs./Quintal,33.3,Metric Tonnes
Cauliflower,APMC Nasik,2024-09-24,2140.0,Rs./Quintal,35.3,Metric Tonnes
Cauliflower,APMC Nasik,2024-09-25,2500.0,Rs./Quintal,34.3,Metric Tonnes
Cauliflower,APMC Nasik,2024-09-26,1785.0,Rs./Quintal,36.9,Metric Tonnes
Cauliflower,APMC Nasik,2024-09-27,1430.0,Rs./Quintal,37.7,Metric Tonnes
Cauliflower,APMC Nasik,2024-09-28,1210.0,Rs./Quintal,36.4,Metric Tonnes
Cauliflower,APMC Nasik,2024-09-29,1430.0,Rs./Quintal,36.2,Metric Tonnes
Cauliflower,APMC Nasik,2024-09-30,1610.0,Rs./Quintal,45.1,Metric Tonnes
Cauliflower,APMC Nasik,2024-10-01,1645.0,Rs./Quintal,43.5,Metric Tonnes
Cauliflower,APMC Nasik,2024-10-02,2715.0,Rs./Quintal,37.2,Metric Tonnes
Cauliflower,APMC Nasik,2024-10-03,2360.0,Rs./Quintal,44.6,Metric Tonnes
Cauliflower,APMC Nasik,2024-10-04,2430.0,Rs./Quintal,43.4,Metric Tonnes
Cauliflower,APMC Nasik,2024-10-05,2430.0,Rs./Quintal,41.7,Metric Tonnes
Cauliflower,APMC Nasik,2024-10-06,2500.0,Rs./Quintal,42.2,Metric Tonnes
Cauliflower,APMC Nasik,2024-10-07,2430.0,Rs./Quintal,42.2,Metric Tonnes
Cauliflower,APMC Nasik,2024-10-09,1860.0,Rs./Quintal,48.3,Metric Tonnes
Cauliflower,APMC Nasik,2024-10-10,1785.0,Rs./Quintal,50.4,Metric Tonnes
Cauliflower,APMC Nasik,2024-10-11,2142.0,Rs./Quintal,51.7,Metric Tonnes
Cauliflower,APMC Nasik,2024-10-12,1785.0,Rs./Quintal,40.7,Metric Tonnes
Cauliflower,APMC Nasik,2024-10-13,1785.0,Rs./Quintal,40.1,Metric Tonnes
Cauliflower,APMC Nasik,2024-10-14,2570.0,Rs./Quintal,39.9,Metric Tonnes
Cauliflower,APMC Nasik,2024-10-15,1786.0,Rs./Quintal,37.3,Metric Tonnes
Cauliflower,APMC Nasik,2024-10-16,2320.0,Rs./Quintal,57.1,Metric Tonnes
Cauliflower,APMC Nasik,2024-10-17,2430.0,Rs./Quintal,47.1,Metric Tonnes
Cauliflower,APMC Nasik,2024-10-18,2430.0,Rs./Quintal,52.6,Metric Tonnes
Cauliflower,APMC Nasik,2024-10-19,2610.0,Rs./Quintal,39.7,Metric Tonnes
Cauliflower,APMC Nasik,2024-10-20,2500.0,Rs./Quintal,36.3,Metric Tonnes
Cauliflower,APMC Nasik,2024-10-21,2500.0,Rs./Quintal,35.1,Metric Tonnes
Cauliflower,APMC Nasik,2024-10-22,2360.0,Rs./Quintal,37.0,Metric Tonnes
Cauliflower,APMC Nasik,2024-10-23,2500.0,Rs./Quintal,39.3,Metric Tonnes
Cauliflower,APMC Nasik,2024-10-24,1285.0,Rs./Quintal,34.9,Metric Tonnes
Cauliflower,APMC Nasik,2024-10-25,1785.0,Rs./Quintal,35.9,Metric Tonnes
Cauliflower,APMC Nasik,2024-10-26,5500.0,Rs./Quintal,27.8,Metric Tonnes
Cauliflower,APMC Nasik,2024-10-27,2000.0,Rs./Quintal,40.8,Metric Tonnes
Cauliflower,APMC Nasik,2024-10-28,1785.0,Rs./Quintal,13.8,Metric Tonnes
Cauliflower,APMC Nasik,2024-10-29,1930.0,Rs./Quintal,45.9,Metric Tonnes
Cauliflower,APMC Nasik,2024-10-30,2000.0,Rs./Quintal,47.1,Metric Tonnes
Cauliflower,APMC Nasik,2024-11-01,1785.0,Rs./Quintal,23.9,Metric Tonnes
Cauliflower,APMC Nasik,2024-11-02,1860.0,Rs./Quintal,35.6,Metric Tonnes
Cauliflower,APMC Nasik,2024-11-03,1720.0,Rs./Quintal,35.0,Metric Tonnes
Cauliflower,APMC Nasik,2024-11-04,2140.0,Rs./Quintal,38.7,Metric Tonnes
Cauliflower,APMC Nasik,2024-11-05,2000.0,Rs./Quintal,40.6,Metric Tonnes
Cauliflower,APMC Nasik,2024-11-06,2000.0,Rs./Quintal,39.3,Metric Tonnes
Cauliflower,APMC Nasik,2024-11-07,1715.0,Rs./Quintal,40.7,Metric Tonnes
Cauliflower,APMC Nasik,2024-11-08,1785.0,Rs./Quintal,48.3,Metric Tonnes
Cauliflower,APMC Nasik,2024-11-09,1930.0,Rs./Quintal,49.7,Metric Tonnes
Cauliflower,APMC Nasik,2024-11-10,1785.0,Rs./Quintal,60.8,Metric Tonnes
Cauliflower,APMC Nasik,2024-11-11,1930.0,Rs./Quintal,53.6,Metric Tonnes
Cauliflower,APMC Nasik,2024-11-12,2140.0,Rs./Quintal,56.0,Metric Tonnes
Cauliflower,APMC Nasik,2024-11-13,1930.0,Rs./Quintal,58.1,Metric Tonnes
Cauliflower,APMC Nasik,2024-11-14,2140.0,Rs./Quintal,62.8,Metric Tonnes
Cauliflower,APMC Nasik,2024-11-15,2000.0,Rs./Quintal,60.1,Metric Tonnes
Cauliflower,APMC Nasik,2024-11-16,1500.0,Rs./Quintal,81.0,Metric Tonnes
Cauliflower,APMC Nasik,2024-11-17,2000.0,Rs./Quintal,40.6,Metric Tonnes
Cauliflower,APMC Nasik,2024-11-18,1930.0,Rs./Quintal,51.1,Metric Tonnes
Cauliflower,APMC Nasik,2024-11-19,1860.0,Rs./Quintal,52.3,Metric Tonnes
Cauliflower,APMC Nasik,2024-11-21,1430.0,Rs./Quintal,46.8,Metric Tonnes
Cauliflower,APMC Nasik,2024-11-22,1860.0,Rs./Quintal,39.5,Metric Tonnes
Cauliflower,APMC Nasik,2024-11-23,1715.0,Rs./Quintal,42.8,Metric Tonnes
Cauliflower,APMC Nasik,2024-11-24,1430.0,Rs./Quintal,53.9,Metric Tonnes
Cauliflower,APMC Nasik,2024-11-25,1720.0,Rs./Quintal,43.8,Metric Tonnes
Cauliflower,APMC Nasik,2024-11-26,1429.0,Rs./Quintal,40.2,Metric Tonnes
Cauliflower,APMC Nasik,2024-11-27,1785.0,Rs./Quintal,60.0,Metric Tonnes
Cauliflower,APMC Nasik,2024-11-28,1785.0,Rs./Quintal,36.3,Metric Tonnes
Cauliflower,APMC Nasik,2024-11-30,1860.0,Rs./Quintal,43.2,Metric Tonnes
Cauliflower,APMC Nasik,2024-12-01,1785.0,Rs./Quintal,45.2,Metric Tonnes
Cauliflower,APMC Nasik,2024-12-02,2000.0,Rs./Quintal,51.7,Metric Tonnes
Cauliflower,APMC Nasik,2024-12-03,1215.0,Rs./Quintal,61.7,Metric Tonnes
Cauliflower,APMC Nasik,2024-12-04,1215.0,Rs./Quintal,51.9,Metric Tonnes
Cauliflower,APMC Nasik,2024-12-06,1140.0,Rs./Quintal,65.2,Metric Tonnes
Cauliflower,APMC Nasik,2024-12-07,360.0,Rs./Quintal,94.0,Metric Tonnes
Cauliflower,APMC Nasik,2024-12-08,500.0,Rs./Quintal,98.6,Metric Tonnes
Cauliflower,APMC Nasik,2024-12-09,570.0,Rs./Quintal,83.4,Metric Tonnes
Cauliflower,APMC Nasik,2024-12-10,610.0,Rs./Quintal,81.5,Metric Tonnes
Cauliflower,APMC Nasik,2024-12-11,570.0,Rs./Quintal,78.3,Metric Tonnes
Cauliflower,APMC Nasik,2024-12-12,500.0,Rs./Quintal,81.5,Metric Tonnes
Cauliflower,APMC Nasik,2024-12-13,640.0,Rs./Quintal,75.0,Metric Tonnes
Cauliflower,APMC Nasik,2024-12-14,915.0,Rs./Quintal,85.0,Metric Tonnes
Cauliflower,APMC Nasik,2024-12-15,640.0,Rs./Quintal,94.0,Metric Tonnes
Cauliflower,APMC Nasik,2024-12-16,570.0,Rs./Quintal,98.0,Metric Tonnes
Cauliflower,APMC Nasik,2024-12-17,640.0,Rs./Quintal,90.3,Metric Tonnes
Cauliflower,APMC Nasik,2024-12-18,1610.0,Rs./Quintal,114.0,Metric Tonnes
Cauliflower,APMC Nasik,2024-12-19,720.0,Rs./Quintal,79.6,Metric Tonnes
Cauliflower,APMC Nasik,2024-12-20,930.0,Rs./Quintal,77.8,Metric Tonnes
Cauliflower,APMC Nasik,2024-12-21,930.0,Rs./Quintal,80.0,Metric Tonnes
Cauliflower,APMC Nasik,2024-12-22,1140.0,Rs./Quintal,86.2,Metric Tonnes
Cauliflower,APMC Nasik,2024-12-23,1070.0,Rs./Quintal,123.9,Metric Tonnes
Cauliflower,APMC Nasik,2024-12-24,930.0,Rs./Quintal,103.4,Metric Tonnes
Cauliflower,APMC Nasik,2024-12-25,785.0,Rs./Quintal,104.7,Metric Tonnes
Cauliflower,APMC Nasik,2024-12-26,720.0,Rs./Quintal,107.3,Metric Tonnes
Cauliflower,APMC Nasik,2024-12-27,500.0,Rs./Quintal,107.4,Metric Tonnes
Cauliflower,APMC Nasik,2024-12-28,535.0,Rs./Quintal,103.2,Metric Tonnes
Cauliflower,APMC Nasik,2024-12-29,570.0,Rs./Quintal,111.7,Metric Tonnes
Cauliflower,APMC Nasik,2024-12-30,500.0,Rs./Quintal,118.8,Metric Tonnes
Cauliflower,APMC Nasik,2024-12-31,570.0,Rs./Quintal,108.4,Metric Tonnes
Cauliflower,APMC Nasik,2025-01-01,500.0,Rs./Quintal,121.7,Metric Tonnes
Cauliflower,APMC Nasik,2025-01-02,500.0,Rs./Quintal,104.0,Metric Tonnes
Cauliflower,APMC Nasik,2025-01-03,570.0,Rs./Quintal,93.9,Metric Tonnes
Cauliflower,APMC Nasik,2025-01-04,500.0,Rs./Quintal,85.1,Metric Tonnes
Cauliflower,APMC Nasik,2025-01-05,535.0,Rs./Quintal,53.6,Metric Tonnes
Cauliflower,APMC Nasik,2025-01-06,720.0,Rs./Quintal,53.3,Metric Tonnes
Cauliflower,APMC Nasik,2025-01-07,715.0,Rs./Quintal,54.7,Metric Tonnes
Cauliflower,APMC Nasik,2025-01-08,785.0,Rs./Quintal,45.7,Metric Tonnes
Cauliflower,APMC Nasik,2025-01-09,890.0,Rs./Quintal,78.2,Metric Tonnes
Cauliflower,APMC Nasik,2025-01-10,930.0,Rs./Quintal,52.6,Metric Tonnes
Cauliflower,APMC Nasik,2025-01-11,890.0,Rs./Quintal,44.2,Metric Tonnes
Cauliflower,APMC Nasik,2025-01-12,720.0,Rs./Quintal,43.6,Metric Tonnes
Cauliflower,APMC Nasik,2025-01-13,1070.0,Rs./Quintal,42.9,Metric Tonnes
Cauliflower,APMC Nasik,2025-01-14,1286.0,Rs./Quintal,245.0,Metric Tonnes
Cauliflower,APMC Nasik,2025-01-15,1070.0,Rs./Quintal,41.0,Metric Tonnes
Cauliflower,APMC Nasik,2025-01-16,1070.0,Rs./Quintal,58.3,Metric Tonnes
Cauliflower,APMC Nasik,2025-01-17,1357.0,Rs./Quintal,45.0,Metric Tonnes
Cauliflower,APMC Nasik,2025-01-18,820.0,Rs./Quintal,48.1,Metric Tonnes
Cauliflower,APMC Nasik,2025-01-19,715.0,Rs./Quintal,64.2,Metric Tonnes
Cauliflower,APMC Nasik,2025-01-20,720.0,Rs./Quintal,62.4,Metric Tonnes
Cauliflower,APMC Nasik,2025-01-21,640.0,Rs./Quintal,67.3,Metric Tonnes
Cauliflower,APMC Nasik,2025-01-22,1214.0,Rs./Quintal,59.4,Metric Tonnes
Cauliflower,APMC Nasik,2025-01-23,640.0,Rs./Quintal,53.2,Metric Tonnes
Cauliflower,APMC Nasik,2025-01-24,714.0,Rs./Quintal,56.3,Metric Tonnes
Cauliflower,APMC Nasik,2025-01-25,700.0,Rs./Quintal,64.6,Metric Tonnes
Cauliflower,APMC Nasik,2025-01-26,1110.0,Rs./Quintal,52.7,Metric Tonnes
Cauliflower,APMC Nasik,2025-01-27,1070.0,Rs./Quintal,49.4,Metric Tonnes
Cauliflower,APMC Nasik,2025-01-28,571.0,Rs./Quintal,52.3,Metric Tonnes
Cauliflower,APMC Nasik,2025-01-29,500.0,Rs./Quintal,68.5,Metric Tonnes
Cauliflower,APMC Nasik,2025-01-30,535.0,Rs./Quintal,73.5,Metric Tonnes
Cauliflower,APMC Nasik,2025-01-31,640.0,Rs./Quintal,83.1,Metric Tonnes
Cauliflower,APMC Nasik,2025-02-01,715.0,Rs./Quintal,77.3,Metric Tonnes
Cauliflower,APMC Nasik,2025-02-02,820.0,Rs./Quintal,236.0,Metric Tonnes
Cauliflower,APMC Nasik,2025-02-03,715.0,Rs./Quintal,175.6,Metric Tonnes
Cauliflower,APMC Nasik,2025-02-04,1070.0,Rs./Quintal,40.2,Metric Tonnes
Cauliflower,APMC Nasik,2025-02-05,1070.0,Rs./Quintal,42.6,Metric Tonnes
Cauliflower,APMC Nasik,2025-02-06,1280.0,Rs./Quintal,106.9,Metric Tonnes
Cauliflower,APMC Nasik,2025-02-07,1220.0,Rs./Quintal,98.7,Metric Tonnes
Cauliflower,APMC Nasik,2025-02-08,1000.0,Rs./Quintal,53.6,Metric Tonnes
Cauliflower,APMC Nasik,2025-02-13,1140.0,Rs./Quintal,77.3,Metric Tonnes
Cauliflower,APMC Nasik,2025-02-14,1070.0,Rs./Quintal,94.9,Metric Tonnes
Cauliflower,APMC Nasik,2025-02-15,1610.0,Rs./Quintal,52.8,Metric Tonnes
Cauliflower,APMC Nasik,2025-02-16,1285.0,Rs./Quintal,34.7,Metric Tonnes
Cauliflower,APMC Nasik,2025-02-17,1680.0,Rs./Quintal,64.1,Metric Tonnes
Cauliflower,APMC Nasik,2025-02-18,1285.0,Rs./Quintal,68.0,Metric Tonnes
Cauliflower,APMC Nasik,2025-02-19,1000.0,Rs./Quintal,66.4,Metric Tonnes
Cauliflower,APMC Nasik,2025-02-20,1428.0,Rs./Quintal,59.8,Metric Tonnes
Cauliflower,APMC Nasik,2025-02-21,1220.0,Rs./Quintal,70.8,Metric Tonnes
Cauliflower,APMC Nasik,2025-02-22,1071.0,Rs./Quintal,67.8,Metric Tonnes
Cauliflower,APMC Nasik,2025-02-23,1250.0,Rs./Quintal,44.8,Metric Tonnes
Cauliflower,APMC Nasik,2025-02-24,715.0,Rs./Quintal,57.8,Metric Tonnes
Cauliflower,APMC Nasik,2025-02-25,714.0,Rs./Quintal,49.3,Metric Tonnes
Cauliflower,APMC Nasik,2025-02-26,720.0,Rs./Quintal,31.2,Metric Tonnes
Cauliflower,APMC Nasik,2025-02-27,785.0,Rs./Quintal,39.2,Metric Tonnes
Cauliflower,APMC Nasik,2025-02-28,1143.0,Rs./Quintal,48.1,Metric Tonnes
Cauliflower,APMC Nasik,2025-03-01,1000.0,Rs./Quintal,67.3,Metric Tonnes
Cauliflower,APMC Nasik,2025-03-02,1220.0,Rs./Quintal,72.4,Metric Tonnes
Cauliflower,APMC Nasik,2025-03-03,642.0,Rs./Quintal,70.1,Metric Tonnes
Cauliflower,APMC Nasik,2025-03-04,1000.0,Rs./Quintal,52.6,Metric Tonnes
Cauliflower,APMC Nasik,2025-03-05,1142.0,Rs./Quintal,44.5,Metric Tonnes
Cauliflower,APMC Nasik,2025-03-06,857.0,Rs./Quintal,49.3,Metric Tonnes
Cauliflower,APMC Nasik,2025-03-07,785.0,Rs./Quintal,47.0,Metric Tonnes
Cauliflower,APMC Nasik,2025-03-08,1070.0,Rs./Quintal,41.1,Metric Tonnes
Cauliflower,APMC Nasik,2025-03-09,1215.0,Rs./Quintal,54.0,Metric Tonnes
Cauliflower,APMC Nasik,2025-03-10,928.0,Rs./Quintal,49.5,Metric Tonnes
Cauliflower,APMC Nasik,2025-03-11,714.0,Rs./Quintal,50.7,Metric Tonnes
Cauliflower,APMC Nasik,2025-03-12,1180.0,Rs./Quintal,52.5,Metric Tonnes
Cauliflower,APMC Nasik,2025-03-13,855.0,Rs./Quintal,48.4,Metric Tonnes
Cauliflower,APMC Nasik,2025-03-14,1070.0,Rs./Quintal,50.2,Metric Tonnes
Cauliflower,APMC Nasik,2025-03-15,1070.0,Rs./Quintal,48.6,Metric Tonnes
Cauliflower,APMC Nasik,2025-03-17,2700.0,Rs./Quintal,21.4,Metric Tonnes
Cauliflower,APMC Nasik,2025-03-18,1070.0,Rs./Quintal,63.0,Metric Tonnes
Cauliflower,APMC Nasik,2025-03-19,860.0,Rs./Quintal,66.3,Metric Tonnes
Cauliflower,APMC Nasik,2025-03-20,1000.0,Rs./Quintal,77.8,Metric Tonnes
Cauliflower,APMC Nasik,2025-03-21,570.0,Rs./Quintal,53.3,Metric Tonnes
Cauliflower,APMC Nasik,2025-03-22,720.0,Rs./Quintal,67.4,Metric Tonnes
Cauliflower,APMC Nasik,2025-03-23,640.0,Rs./Quintal,63.0,Metric Tonnes
Cauliflower,APMC Nasik,2025-03-24,890.0,Rs./Quintal,68.1,Metric Tonnes
Cauliflower,APMC Nasik,2025-03-25,930.0,Rs./Quintal,62.5,Metric Tonnes
Cauliflower,APMC Nasik,2025-03-26,714.0,Rs./Quintal,63.7,Metric Tonnes
Cauliflower,APMC Nasik,2025-03-27,860.0,Rs./Quintal,72.6,Metric Tonnes
Cauliflower,APMC Nasik,2025-03-28,570.0,Rs./Quintal,83.6,Metric Tonnes
Cauliflower,APMC Nasik,2025-03-29,642.0,Rs./Quintal,82.9,Metric Tonnes
Cauliflower,APMC Nasik,2025-03-30,640.0,Rs./Quintal,77.9,Metric Tonnes
Cauliflower,APMC Nasik,2025-03-31,465.0,Rs./Quintal,105.7,Metric Tonnes
Cauliflower,APMC Nasik,2025-04-01,535.0,Rs./Quintal,72.2,Metric Tonnes
Cauliflower,APMC Nasik,2025-04-02,430.0,Rs./Quintal,116.0,Metric Tonnes
Cauliflower,APMC Nasik,2025-04-03,570.0,Rs./Quintal,109.4,Metric Tonnes
Cauliflower,APMC Nasik,2025-04-04,640.0,Rs./Quintal,118.1,Metric Tonnes
Cauliflower,APMC Nasik,2025-04-05,642.0,Rs./Quintal,76.3,Metric Tonnes
Cauliflower,APMC Nasik,2025-04-06,855.0,Rs./Quintal,100.6,Metric Tonnes
Cauliflower,APMC Nasik,2025-04-07,785.0,Rs./Quintal,79.4,Metric Tonnes
Cauliflower,APMC Nasik,2025-04-08,535.0,Rs./Quintal,112.0,Metric Tonnes
Cauliflower,APMC Nasik,2025-04-09,714.0,Rs./Quintal,97.3,Metric Tonnes
Cauliflower,APMC Nasik,2025-04-10,430.0,Rs./Quintal,119.3,Metric Tonnes
Cauliflower,APMC Nasik,2025-04-11,570.0,Rs./Quintal,121.5,Metric Tonnes
Cauliflower,APMC Nasik,2025-04-12,465.0,Rs./Quintal,120.8,Metric Tonnes
Cauliflower,APMC Nasik,2025-04-14,1285.0,Rs./Quintal,74.2,Metric Tonnes
Cauliflower,APMC Nasik,2025-04-15,1000.0,Rs./Quintal,89.5,Metric Tonnes
Cauliflower,APMC Nasik,2025-04-16,1071.0,Rs./Quintal,96.9,Metric Tonnes
Cauliflower,APMC Nasik,2025-04-17,1140.0,Rs./Quintal,67.2,Metric Tonnes
Cauliflower,APMC Nasik,2025-04-18,1210.0,Rs./Quintal,42.2,Metric Tonnes
Cauliflower,APMC Nasik,2025-04-19,1070.0,Rs./Quintal,52.9,Metric Tonnes
Cauliflower,APMC Nasik,2025-04-20,1180.0,Rs./Quintal,55.4,Metric Tonnes
Cauliflower,APMC Nasik,2025-04-21,1250.0,Rs./Quintal,78.1,Metric Tonnes
Cauliflower,APMC Nasik,2025-04-22,1428.0,Rs./Quintal,86.3,Metric Tonnes
Cauliflower,APMC Nasik,2025-04-23,1710.0,Rs./Quintal,60.4,Metric Tonnes
Cauliflower,APMC Nasik,2025-04-24,1610.0,Rs./Quintal,34.7,Metric Tonnes
Cauliflower,APMC Nasik,2025-04-25,1285.0,Rs./Quintal,57.9,Metric Tonnes
Cauliflower,APMC Nasik,2025-04-26,1070.0,Rs./Quintal,71.0,Metric Tonnes
Cauliflower,APMC Nasik,2025-04-28,1610.0,Rs./Quintal,50.4,Metric Tonnes
Cauliflower,APMC Nasik,2025-04-29,1285.0,Rs./Quintal,68.8,Metric Tonnes
Cauliflower,APMC Nasik,2025-05-01,1610.0,Rs./Quintal,48.2,Metric Tonnes
Cauliflower,APMC Nasik,2025-05-02,1610.0,Rs./Quintal,48.2,Metric Tonnes
Cauliflower,APMC Nasik,2025-05-03,1785.0,Rs./Quintal,53.0,Metric Tonnes
Cauliflower,APMC Nasik,2025-05-04,1285.0,Rs./Quintal,51.5,Metric Tonnes
Cauliflower,APMC Nasik,2025-05-05,1785.0,Rs./Quintal,77.7,Metric Tonnes
Cauliflower,APMC Nasik,2025-05-06,1430.0,Rs./Quintal,81.5,Metric Tonnes
Cauliflower,APMC Nasik,2025-05-07,1428.0,Rs./Quintal,85.4,Metric Tonnes
Cauliflower,APMC Nasik,2025-05-08,1610.0,Rs./Quintal,43.0,Metric Tonnes
Cauliflower,APMC Nasik,2025-05-09,1357.0,Rs./Quintal,47.8,Metric Tonnes
Cauliflower,APMC Nasik,2025-05-10,1785.0,Rs./Quintal,39.1,Metric Tonnes
Cauliflower,APMC Nasik,2025-05-11,1430.0,Rs./Quintal,37.6,Metric Tonnes
Cauliflower,APMC Nasik,2025-05-12,1285.0,Rs./Quintal,39.4,Metric Tonnes
Cauliflower,APMC Nasik,2025-05-13,1070.0,Rs./Quintal,50.3,Metric Tonnes
Cauliflower,APMC Nasik,2025-05-15,1855.0,Rs./Quintal,50.5,Metric Tonnes
Cauliflower,APMC Nasik,2025-05-16,1360.0,Rs./Quintal,48.9,Metric Tonnes
Cauliflower,APMC Nasik,2025-05-17,1785.0,Rs./Quintal,45.1,Metric Tonnes
Cauliflower,APMC Nasik,2025-05-18,1610.0,Rs./Quintal,31.3,Metric Tonnes
Cauliflower,APMC Nasik,2025-05-19,1785.0,Rs./Quintal,43.7,Metric Tonnes
Cauliflower,APMC Nasik,2025-05-20,1857.0,Rs./Quintal,45.2,Metric Tonnes
Cauliflower,APMC Nasik,2025-05-21,1785.0,Rs./Quintal,42.6,Metric Tonnes
Cauliflower,APMC Nasik,2025-05-22,1210.0,Rs./Quintal,37.9,Metric Tonnes
Cauliflower,APMC Nasik,2025-05-23,1720.0,Rs./Quintal,40.2,Metric Tonnes
Cauliflower,APMC Nasik,2025-05-24,1785.0,Rs./Quintal,47.3,Metric Tonnes
Cauliflower,APMC Nasik,2025-05-25,2190.0,Rs./Quintal,53.6,Metric Tonnes
Cauliflower,APMC Nasik,2025-05-26,1610.0,Rs./Quintal,42.2,Metric Tonnes
Cauliflower,APMC Nasik,2025-05-27,1715.0,Rs./Quintal,46.5,Metric Tonnes
Cauliflower,APMC Nasik,2025-05-28,1140.0,Rs./Quintal,48.8,Metric Tonnes
Cauliflower,APMC Nasik,2025-05-29,1250.0,Rs./Quintal,35.9,Metric Tonnes
Cauliflower,APMC Nasik,2025-05-30,1610.0,Rs./Quintal,34.8,Metric Tonnes
Cauliflower,APMC Nasik,2025-05-31,2160.0,Rs./Quintal,40.9,Metric Tonnes
Cauliflower,APMC Nasik,2025-06-01,2500.0,Rs./Quintal,43.5,Metric Tonnes
Cauliflower,APMC Nasik,2025-06-02,2140.0,Rs./Quintal,36.7,Metric Tonnes
Cauliflower,APMC Nasik,2025-06-03,2180.0,Rs./Quintal,34.1,Metric Tonnes
Cauliflower,APMC Nasik,2025-06-04,1610.0,Rs./Quintal,32.8,Metric Tonnes
Cauliflower,APMC Nasik,2025-06-05,1890.0,Rs./Quintal,37.3,Metric Tonnes
Cauliflower,APMC Nasik,2025-06-06,2500.0,Rs./Quintal,48.9,Metric Tonnes
Cauliflower,APMC Nasik,2025-06-07,890.0,Rs./Quintal,37.0,Metric Tonnes
Cauliflower,APMC Nasik,2025-06-08,1070.0,Rs./Quintal,56.1,Metric Tonnes
Cauliflower,APMC Nasik,2025-06-09,1070.0,Rs./Quintal,36.1,Metric Tonnes
Cauliflower,APMC Nasik,2025-06-10,855.0,Rs./Quintal,38.3,Metric Tonnes
Cauliflower,APMC Nasik,2025-06-11,1070.0,Rs./Quintal,24.3,Metric Tonnes
Cauliflower,APMC Nasik,2025-06-12,1070.0,Rs./Quintal,25.6,Metric Tonnes
Cauliflower,APMC Nasik,2025-06-13,1070.0,Rs./Quintal,55.1,Metric Tonnes
Cauliflower,APMC Nasik,2025-06-14,1070.0,Rs./Quintal,45.6,Metric Tonnes
Cauliflower,APMC Nasik,2025-06-15,1070.0,Rs./Quintal,97.0,Metric Tonnes
Cauliflower,APMC Nasik,2025-06-16,1070.0,Rs./Quintal,101.6,Metric Tonnes
Cauliflower,APMC Nasik,2025-06-17,1000.0,Rs./Quintal,54.1,Metric Tonnes
Cauliflower,APMC Nasik,2025-06-18,890.0,Rs./Quintal,42.0,Metric Tonnes
Cauliflower,APMC Nasik,2025-06-19,1070.0,Rs./Quintal,34.0,Metric Tonnes
Cauliflower,APMC Nasik,2025-06-20,1785.0,Rs./Quintal,36.1,Metric Tonnes
Cauliflower,APMC Nasik,2025-06-21,1285.0,Rs./Quintal,43.9,Metric Tonnes
Cauliflower,APMC Nasik,2025-06-22,1070.0,Rs./Quintal,38.0,Metric Tonnes
Cauliflower,APMC Nasik,2025-06-23,1610.0,Rs./Quintal,29.0,Metric Tonnes
Cauliflower,APMC Nasik,2025-06-24,1070.0,Rs./Quintal,36.0,Metric Tonnes
Cauliflower,APMC Nasik,2025-06-25,1071.0,Rs./Quintal,79.3,Metric Tonnes
Cauliflower,APMC Nasik,2025-06-26,1430.0,Rs./Quintal,19.8,Metric Tonnes
Cauliflower,APMC Nasik,2025-06-27,1642.0,Rs./Quintal,20.3,Metric Tonnes
Cauliflower,APMC Nasik,2025-06-28,1430.0,Rs./Quintal,20.7,Metric Tonnes
Cauliflower,APMC Nasik,2025-06-29,1140.0,Rs./Quintal,14.1,Metric Tonnes
Cauliflower,APMC Nasik,2025-06-30,1285.0,Rs./Quintal,16.2,Metric Tonnes
Cauliflower,APMC Nasik,2025-07-01,2000.0,Rs./Quintal,17.6,Metric Tonnes
Cauliflower,APMC Nasik,2025-07-03,1250.0,Rs./Quintal,28.8,Metric Tonnes
Cauliflower,APMC Nasik,2025-07-04,1430.0,Rs./Quintal,19.6,Metric Tonnes
Cauliflower,APMC Nasik,2025-07-05,1357.0,Rs./Quintal,23.4,Metric Tonnes
Cauliflower,APMC Nasik,2025-07-06,1070.0,Rs./Quintal,24.6,Metric Tonnes
Cauliflower,APMC Nasik,2025-07-07,1285.0,Rs./Quintal,19.1,Metric Tonnes
Cauliflower,APMC Nasik,2025-07-08,2070.0,Rs./Quintal,15.8,Metric Tonnes
Cauliflower,APMC Nasik,2025-07-09,2140.0,Rs./Quintal,18.8,Metric Tonnes
Cauliflower,APMC Nasik,2025-07-10,1285.0,Rs./Quintal,30.0,Metric Tonnes
Cauliflower,APMC Nasik,2025-07-11,2140.0,Rs./Quintal,34.1,Metric Tonnes
Cauliflower,APMC Nasik,2025-07-12,2140.0,Rs./Quintal,26.8,Metric Tonnes
Cauliflower,APMC Nasik,2025-07-13,1970.0,Rs./Quintal,25.5,Metric Tonnes
Cauliflower,APMC Nasik,2025-07-14,2140.0,Rs./Quintal,20.1,Metric Tonnes
Cauliflower,APMC Nasik,2025-07-15,2070.0,Rs./Quintal,19.2,Metric Tonnes
Cauliflower,APMC Nasik,2025-07-16,4000.0,Rs./Quintal,18.5,Metric Tonnes
Cauliflower,APMC Nasik,2025-07-17,2320.0,Rs./Quintal,22.3,Metric Tonnes
Cauliflower,APMC Nasik,2025-07-18,1785.0,Rs./Quintal,29.5,Metric Tonnes
Cauliflower,APMC Nasik,2025-07-19,2320.0,Rs./Quintal,33.9,Metric Tonnes
Cauliflower,APMC Nasik,2025-07-20,1430.0,Rs./Quintal,37.1,Metric Tonnes
Cauliflower,APMC Nasik,2025-07-21,1250.0,Rs./Quintal,26.1,Metric Tonnes
Cauliflower,APMC Nasik,2025-07-22,1070.0,Rs./Quintal,21.7,Metric Tonnes
Cauliflower,APMC Nasik,2025-07-23,1070.0,Rs./Quintal,27.5,Metric Tonnes
Cauliflower,APMC Nasik,2025-07-24,720.0,Rs./Quintal,37.0,Metric Tonnes
Cauliflower,APMC Nasik,2025-07-25,720.0,Rs./Quintal,31.9,Metric Tonnes
Cauliflower,APMC Nasik,2025-07-27,720.0,Rs./Quintal,39.0,Metric Tonnes
Cauliflower,APMC Nasik,2025-07-28,1000.0,Rs./Quintal,31.4,Metric Tonnes
Cauliflower,APMC Nasik,2025-07-30,720.0,Rs./Quintal,39.4,Metric Tonnes
Cauliflower,APMC Nasik,2025-07-31,1070.0,Rs./Quintal,31.4,Metric Tonnes
Cauliflower,APMC Nasik,2025-08-01,720.0,Rs./Quintal,40.6,Metric Tonnes
Cauliflower,APMC Nasik,2025-08-02,1280.0,Rs./Quintal,35.1,Metric Tonnes
Cauliflower,APMC Nasik,2025-08-03,1070.0,Rs./Quintal,32.1,Metric Tonnes
Cauliflower,APMC Nasik,2025-08-04,1070.0,Rs./Quintal,25.1,Metric Tonnes
Cauliflower,APMC Nasik,2025-08-05,830.0,Rs./Quintal,23.5,Metric Tonnes
Cauliflower,APMC Nasik,2025-08-06,930.0,Rs./Quintal,36.9,Metric Tonnes
Cauliflower,APMC Nasik,2025-08-07,720.0,Rs./Quintal,49.3,Metric Tonnes
Cauliflower,APMC Nasik,2025-08-08,1000.0,Rs./Quintal,43.2,Metric Tonnes
Cauliflower,APMC Nasik,2025-08-09,860.0,Rs./Quintal,35.4,Metric Tonnes
Cauliflower,APMC Nasik,2025-08-10,1070.0,Rs./Quintal,39.4,Metric Tonnes
Cauliflower,APMC Nasik,2025-08-11,860.0,Rs./Quintal,30.7,Metric Tonnes
Cauliflower,APMC Nasik,2025-08-12,1140.0,Rs./Quintal,32.2,Metric Tonnes
Cauliflower,APMC Nasik,2025-08-13,860.0,Rs./Quintal,51.0,Metric Tonnes
Cauliflower,APMC Nasik,2025-08-14,860.0,Rs./Quintal,51.8,Metric Tonnes
Cauliflower,APMC Nasik,2025-08-15,1070.0,Rs./Quintal,48.6,Metric Tonnes
Cauliflower,APMC Nasik,2025-08-16,1210.0,Rs./Quintal,53.2,Metric Tonnes
Cauliflower,APMC Nasik,2025-08-17,1285.0,Rs./Quintal,39.6,Metric Tonnes
Cauliflower,APMC Nasik,2025-08-18,1220.0,Rs./Quintal,489.6,Metric Tonnes
Cauliflower,APMC Nasik,2025-08-19,1360.0,Rs./Quintal,61.8,Metric Tonnes
Cauliflower,APMC Nasik,2025-08-20,1360.0,Rs./Quintal,61.8,Metric Tonnes
Cauliflower,APMC Nasik,2025-08-22,1215.0,Rs./Quintal,47.4,Metric Tonnes
Cauliflower,APMC Nasik,2025-08-23,1070.0,Rs./Quintal,47.1,Metric Tonnes
Cauliflower,APMC Nasik,2025-08-24,1220.0,Rs./Quintal,44.4,Metric Tonnes
Cauliflower,APMC Nasik,2025-08-25,1430.0,Rs./Quintal,42.3,Metric Tonnes
Cauliflower,APMC Nasik,2025-08-26,1500.0,Rs./Quintal,44.3,Metric Tonnes
Cauliflower,APMC Nasik,2025-08-27,1285.0,Rs./Quintal,37.1,Metric Tonnes
Cauliflower,APMC Nasik,2025-08-28,1600.0,Rs./Quintal,30.3,Metric Tonnes
Cauliflower,APMC Nasik,2025-08-29,720.0,Rs./Quintal,35.7,Metric Tonnes
Cauliflower,APMC Nasik,2025-08-31,1280.0,Rs./Quintal,33.9,Metric Tonnes
Cauliflower,APMC Nasik,2025-09-01,2570.0,Rs./Quintal,28.2,Metric Tonnes
Cauliflower,APMC Nasik,2025-09-02,2140.0,Rs./Quintal,26.9,Metric Tonnes
Cauliflower,APMC Nasik,2025-09-03,2140.0,Rs./Quintal,24.0,Metric Tonnes
Cauliflower,APMC Nasik,2025-09-04,2000.0,Rs./Quintal,20.3,Metric Tonnes
Cauliflower,APMC Nasik,2025-09-05,2142.0,Rs./Quintal,19.0,Metric Tonnes
Cauliflower,APMC Nasik,2025-09-06,2280.0,Rs./Quintal,17.2,Metric Tonnes
Cauliflower,APMC Nasik,2025-09-07,2715.0,Rs./Quintal,21.3,Metric Tonnes
Cauliflower,APMC Nasik,2025-09-08,1785.0,Rs./Quintal,24.9,Metric Tonnes
Cauliflower,APMC Nasik,2025-09-09,2850.0,Rs./Quintal,21.8,Metric Tonnes
Cauliflower,APMC Nasik,2025-09-10,2785.0,Rs./Quintal,36.1,Metric Tonnes
Cauliflower,APMC Nasik,2025-09-11,2860.0,Rs./Quintal,29.8,Metric Tonnes
Cauliflower,APMC Nasik,2025-09-12,2500.0,Rs./Quintal,40.5,Metric Tonnes
Cauliflower,APMC Nasik,2025-09-13,1820.0,Rs./Quintal,32.8,Metric Tonnes
Cauliflower,APMC Nasik,2025-09-14,1607.0,Rs./Quintal,57.2,Metric Tonnes
Cauliflower,APMC Nasik,2025-09-15,1680.0,Rs./Quintal,51.2,Metric Tonnes
Cauliflower,APMC Nasik,2025-09-16,1430.0,Rs./Quintal,51.8,Metric Tonnes
Cauliflower,APMC Nasik,2025-09-17,1430.0,Rs./Quintal,61.8,Metric Tonnes
Cauliflower,APMC Nasik,2025-09-18,1428.0,Rs./Quintal,50.2,Metric Tonnes
Cauliflower,APMC Nasik,2025-09-19,1285.0,Rs./Quintal,35.7,Metric Tonnes
Cauliflower,APMC Nasik,2025-09-20,1360.0,Rs./Quintal,32.5,Metric Tonnes
Cauliflower,APMC Nasik,2025-09-21,1140.0,Rs./Quintal,48.5,Metric Tonnes
Cauliflower,APMC Nasik,2025-09-22,1875.0,Rs./Quintal,37.5,Metric Tonnes
Cauliflower,APMC Nasik,2025-09-23,1420.0,Rs./Quintal,31.6,Metric Tonnes
Cauliflower,APMC Nasik,2025-09-24,1610.0,Rs./Quintal,35.3,Metric Tonnes
Cauliflower,APMC Nasik,2025-09-25,1785.0,Rs./Quintal,33.7,Metric Tonnes
Cauliflower,APMC Nasik,2025-09-26,1070.0,Rs./Quintal,22.5,Metric Tonnes
Cauliflower,APMC Nasik,2025-09-27,1280.0,Rs./Quintal,17.8,Metric Tonnes
Cauliflower,APMC Nasik,2025-09-28,860.0,Rs./Quintal,9.7,Metric Tonnes
Cauliflower,APMC Nasik,2025-09-29,1071.0,Rs./Quintal,7.7,Metric Tonnes
Cauliflower,APMC Nasik,2025-09-30,1140.0,Rs./Quintal,10.8,Metric Tonnes
Cauliflower,APMC Nasik,2025-10-01,1070.0,Rs./Quintal,29.6,Metric Tonnes
Cauliflower,APMC Nasik,2025-10-02,1110.0,Rs./Quintal,26.0,Metric Tonnes
Cauliflower,APMC Nasik,2025-10-03,1285.0,Rs./Quintal,20.1,Metric Tonnes
Cauliflower,APMC Nasik,2025-10-04,1420.0,Rs./Quintal,18.8,Metric Tonnes
Cauliflower,APMC Nasik,2025-10-06,1430.0,Rs./Quintal,23.1,Metric Tonnes
Cauliflower,APMC Nasik,2025-10-07,1428.0,Rs./Quintal,23.2,Metric Tonnes
Cauliflower,APMC Nasik,2025-10-08,1428.0,Rs./Quintal,21.6,Metric Tonnes
Cauliflower,APMC Nasik,2025-10-09,1250.0,Rs./Quintal,22.8,Metric Tonnes
Cauliflower,APMC Nasik,2025-10-11,1928.0,Rs./Quintal,19.8,Metric Tonnes
Cauliflower,APMC Nasik,2025-10-12,1070.0,Rs./Quintal,38.7,Metric Tonnes
Cauliflower,APMC Nasik,2025-10-13,1214.0,Rs./Quintal,37.7,Metric Tonnes
Cauliflower,APMC Nasik,2025-10-14,1350.0,Rs./Quintal,26.3,Metric Tonnes
Cauliflower,APMC Nasik,2025-10-15,1430.0,Rs./Quintal,25.1,Metric Tonnes
Cauliflower,APMC Nasik,2025-10-16,1428.0,Rs./Quintal,28.6,Metric Tonnes
Cauliflower,APMC Nasik,2025-10-17,1070.0,Rs./Quintal,17.0,Metric Tonnes
Cauliflower,APMC Nasik,2025-10-18,1070.0,Rs./Quintal,19.9,Metric Tonnes
Cauliflower,APMC Nasik,2025-10-23,1285.0,Rs./Quintal,19.5,Metric Tonnes
Cauliflower,APMC Nasik,2025-10-24,1570.0,Rs./Quintal,19.7,Metric Tonnes
Cauliflower,APMC Nasik,2025-10-25,1250.0,Rs./Quintal,23.9,Metric Tonnes
Cauliflower,APMC Nasik,2025-10-26,820.0,Rs./Quintal,25.6,Metric Tonnes
Cauliflower,APMC Nasik,2025-10-27,1070.0,Rs./Quintal,40.4,Metric Tonnes
Cauliflower,APMC Nasik,2025-10-28,1040.0,Rs./Quintal,40.8,Metric Tonnes
Cauliflower,APMC Nasik,2025-10-29,1215.0,Rs./Quintal,32.3,Metric Tonnes
Cauliflower,APMC Nasik,2025-10-30,1285.0,Rs./Quintal,25.3,Metric Tonnes
Cauliflower,APMC Nasik,2025-10-31,1285.0,Rs./Quintal,29.9,Metric Tonnes
Cauliflower,APMC Nasik,2025-11-01,1000.0,Rs./Quintal,32.8,Metric Tonnes
Cauliflower,APMC Nasik,2025-11-02,1070.0,Rs./Quintal,22.3,Metric Tonnes
Cauliflower,APMC Nasik,2025-11-03,1610.0,Rs./Quintal,11.5,Metric Tonnes
Cauliflower,APMC Nasik,2025-11-05,1610.0,Rs./Quintal,16.7,Metric Tonnes
Cauliflower,APMC Nasik,2025-11-07,1780.0,Rs./Quintal,25.9,Metric Tonnes
Cauliflower,APMC Nasik,2025-11-08,1750.0,Rs./Quintal,25.6,Metric Tonnes
Cauliflower,APMC Nasik,2025-11-10,2320.0,Rs./Quintal,19.9,Metric Tonnes
Cauliflower,APMC Nasik,2025-11-11,2710.0,Rs./Quintal,24.2,Metric Tonnes
Cauliflower,APMC Nasik,2025-11-12,2500.0,Rs./Quintal,23.2,Metric Tonnes
Cauliflower,APMC Nasik,2025-11-13,2280.0,Rs./Quintal,23.6,Metric Tonnes
Cauliflower,APMC Nasik,2025-11-14,2850.0,Rs./Quintal,23.9,Metric Tonnes
Cauliflower,APMC Nasik,2025-11-15,2500.0,Rs./Quintal,18.1,Metric Tonnes
Cauliflower,APMC Nasik,2025-11-16,2140.0,Rs./Quintal,19.0,Metric Tonnes
Cauliflower,APMC Nasik,2025-11-17,2500.0,Rs./Quintal,19.5,Metric Tonnes
Cauliflower,APMC Nasik,2025-11-18,2500.0,Rs./Quintal,20.6,Metric Tonnes
Cauliflower,APMC Nasik,2025-11-19,2430.0,Rs./Quintal,28.4,Metric Tonnes
Cauliflower,APMC Nasik,2025-11-20,2140.0,Rs./Quintal,18.6,Metric Tonnes
Cauliflower,APMC Nasik,2025-11-21,1780.0,Rs./Quintal,19.7,Metric Tonnes
Cauliflower,APMC Nasik,2025-11-22,2860.0,Rs./Quintal,20.9,Metric Tonnes
Cauliflower,APMC Nasik,2025-11-23,1610.0,Rs./Quintal,29.4,Metric Tonnes
Cauliflower,APMC Nasik,2025-11-24,1780.0,Rs./Quintal,37.6,Metric Tonnes
Cauliflower,APMC Nasik,2025-11-25,1925.0,Rs./Quintal,38.2,Metric Tonnes
Cauliflower,APMC Nasik,2025-11-26,1610.0,Rs./Quintal,30.8,Metric Tonnes
Cauliflower,APMC Nasik,2025-11-27,1610.0,Rs./Quintal,37.7,Metric Tonnes
Cauliflower,APMC Nasik,2025-11-28,1780.0,Rs./Quintal,34.9,Metric Tonnes
Cauliflower,APMC Nasik,2025-11-29,1250.0,Rs./Quintal,39.7,Metric Tonnes
Cauliflower,APMC Nasik,2025-11-30,1070.0,Rs./Quintal,38.3,Metric Tonnes
Cauliflower,APMC Nasik,2025-12-01,1430.0,Rs./Quintal,30.7,Metric Tonnes
Cauliflower,APMC Nasik,2025-12-02,1785.0,Rs./Quintal,11.7,Metric Tonnes
Cauliflower,APMC Nasik,2025-12-03,1720.0,Rs./Quintal,30.2,Metric Tonnes
Cauliflower,APMC Nasik,2025-12-04,2140.0,Rs./Quintal,19.3,Metric Tonnes
Cauliflower,APMC Nasik,2025-12-05,2500.0,Rs./Quintal,18.0,Metric Tonnes
Cauliflower,APMC Nasik,2025-12-06,2140.0,Rs./Quintal,33.4,Metric Tonnes
Cauliflower,APMC Nasik,2025-12-07,1785.0,Rs./Quintal,8.3,Metric Tonnes
Cauliflower,APMC Nasik,2025-12-08,1930.0,Rs./Quintal,35.8,Metric Tonnes
Cauliflower,APMC Nasik,2025-12-09,1570.0,Rs./Quintal,41.8,Metric Tonnes
Cauliflower,APMC Nasik,2025-12-10,1430.0,Rs./Quintal,34.4,Metric Tonnes
Cauliflower,APMC Nasik,2025-12-11,1430.0,Rs./Quintal,29.7,Metric Tonnes
Cauliflower,APMC Nasik,2025-12-12,1875.0,Rs./Quintal,38.6,Metric Tonnes
Cauliflower,APMC Nasik,2025-12-13,1750.0,Rs./Quintal,36.1,Metric Tonnes
Cauliflower,APMC Nasik,2025-12-14,1210.0,Rs./Quintal,40.9,Metric Tonnes
Cauliflower,APMC Nasik,2025-12-15,1785.0,Rs./Quintal,38.7,Metric Tonnes
Cauliflower,APMC Nasik,2025-12-16,1780.0,Rs./Quintal,41.1,Metric Tonnes
Cauliflower,APMC Nasik,2025-12-17,1570.0,Rs./Quintal,51.3,Metric Tonnes
Cauliflower,APMC Nasik,2025-12-18,1430.0,Rs./Quintal,35.6,Metric Tonnes
Cauliflower,APMC Nasik,2025-12-19,1428.0,Rs./Quintal,40.2,Metric Tonnes
Cauliflower,APMC Nasik,2025-12-20,1070.0,Rs./Quintal,34.7,Metric Tonnes
Cauliflower,APMC Nasik,2025-12-21,1070.0,Rs./Quintal,42.1,Metric Tonnes
Cauliflower,APMC Nasik,2025-12-22,1214.0,Rs./Quintal,44.8,Metric Tonnes
Cauliflower,APMC Nasik,2025-12-23,860.0,Rs./Quintal,46.2,Metric Tonnes
Cauliflower,APMC Nasik,2025-12-24,1070.0,Rs./Quintal,43.0,Metric Tonnes
Cauliflower,APMC Nasik,2025-12-25,970.0,Rs./Quintal,49.9,Metric Tonnes
Cauliflower,APMC Nasik,2025-12-29,570.0,Rs./Quintal,61.3,Metric Tonnes
Cauliflower,APMC Nasik,2025-12-30,750.0,Rs./Quintal,60.8,Metric Tonnes
Cauliflower,APMC Nasik,2025-12-31,535.0,Rs./Quintal,59.8,Metric Tonnes
Cauliflower,APMC Nasik,2026-01-01,465.0,Rs./Quintal,52.6,Metric Tonnes
Cauliflower,APMC Nasik,2026-01-02,640.0,Rs./Quintal,51.3,Metric Tonnes
Cauliflower,APMC Nasik,2026-01-03,1070.0,Rs./Quintal,57.5,Metric Tonnes
Cauliflower,APMC Nasik,2026-01-15,1785.0,Rs./Quintal,20.6,Metric Tonnes
Cauliflower,APMC Nasik,2026-01-16,2500.0,Rs./Quintal,45.7,Metric Tonnes
Cauliflower,APMC Nasik,2026-01-17,1250.0,Rs./Quintal,38.4,Metric Tonnes
Cauliflower,APMC Nasik,2026-01-18,1430.0,Rs./Quintal,38.6,Metric Tonnes
Cauliflower,APMC Nasik,2026-01-20,2140.0,Rs./Quintal,39.5,Metric Tonnes
Cauliflower,APMC Nasik,2026-01-21,2035.0,Rs./Quintal,40.5,Metric Tonnes
Cauliflower,APMC Nasik,2026-01-22,2500.0,Rs./Quintal,51.0,Metric Tonnes
Cauliflower,APMC Nasik,2026-01-23,1610.0,Rs./Quintal,45.0,Metric Tonnes
Cauliflower,APMC Nasik,2026-01-24,1960.0,Rs./Quintal,35.8,Metric Tonnes
Cauliflower,APMC Nasik,2026-01-25,1785.0,Rs./Quintal,39.8,Metric Tonnes
Cauliflower,APMC Nasik,2026-01-26,1930.0,Rs./Quintal,23.9,Metric Tonnes
Cauliflower,APMC Nasik,2026-01-27,2500.0,Rs./Quintal,38.8,Metric Tonnes
Cauliflower,APMC Nasik,2026-01-28,2140.0,Rs./Quintal,35.9,Metric Tonnes
Cauliflower,APMC Nasik,2026-01-30,1220.0,Rs./Quintal,46.8,Metric Tonnes
Cauliflower,APMC Nasik,2026-01-31,1610.0,Rs./Quintal,54.9,Metric Tonnes
Cauliflower,APMC Nasik,2026-02-01,2860.0,Rs./Quintal,47.5,Metric Tonnes
Cauliflower,APMC Nasik,2026-02-02,1430.0,Rs./Quintal,39.5,Metric Tonnes
Cauliflower,APMC Nasik,2026-02-03,1285.0,Rs./Quintal,35.6,Metric Tonnes
Cauliflower,APMC Nasik,2026-02-04,1430.0,Rs./Quintal,50.2,Metric Tonnes
Cauliflower,APMC Nasik,2026-02-05,1610.0,Rs./Quintal,49.1,Metric Tonnes
Cauliflower,APMC Nasik,2026-02-06,2140.0,Rs./Quintal,48.5,Metric Tonnes
Cauliflower,APMC Nasik,2026-02-07,1785.0,Rs./Quintal,51.2,Metric Tonnes
Cauliflower,APMC Nasik,2026-02-08,1430.0,Rs./Quintal,38.9,Metric Tonnes
Cauliflower,APMC Nasik,2026-02-09,1714.0,Rs./Quintal,38.4,Metric Tonnes
Cauliflower,APMC Nasik,2026-02-10,1785.0,Rs./Quintal,39.3,Metric Tonnes
Cauliflower,APMC Nasik,2026-02-11,2000.0,Rs./Quintal,36.2,Metric Tonnes
Cauliflower,APMC Nasik,2026-02-12,1785.0,Rs./Quintal,49.9,Metric Tonnes
Cauliflower,APMC Nasik,2026-02-13,1140.0,Rs./Quintal,40.2,Metric Tonnes
Cauliflower,APMC Nasik,2026-02-14,1610.0,Rs./Quintal,46.4,Metric Tonnes
Cauliflower,APMC Nasik,2026-02-15,1250.0,Rs./Quintal,17.7,Metric Tonnes
Cauliflower,APMC Nasik,2026-02-16,2320.0,Rs./Quintal,53.6,Metric Tonnes
Cauliflower,APMC Nasik,2026-02-17,2071.0,Rs./Quintal,50.5,Metric Tonnes
Cauliflower,APMC Nasik,2026-02-18,1550.0,Rs./Quintal,37.8,Metric Tonnes
Cauliflower,APMC Nasik,2026-02-19,1785.0,Rs./Quintal,32.7,Metric Tonnes
Cauliflower,APMC Nasik,2026-02-20,1142.0,Rs./Quintal,58.4,Metric Tonnes
Cauliflower,APMC Nasik,2026-02-21,1428.0,Rs./Quintal,54.3,Metric Tonnes
Cauliflower,APMC Nasik,2026-02-22,1071.0,Rs./Quintal,38.4,Metric Tonnes
Cauliflower,APMC Nasik,2026-02-23,833.0,Rs./Quintal,69.3,Metric Tonnes
Cauliflower,APMC Nasik,2026-02-24,1071.0,Rs./Quintal,41.1,Metric Tonnes
Cauliflower,APMC Nasik,2026-02-25,785.0,Rs./Quintal,86.5,Metric Tonnes
Cauliflower,APMC Nasik,2026-02-26,1400.0,Rs./Quintal,58.1,Metric Tonnes
Cauliflower,APMC Nasik,2026-02-27,890.0,Rs./Quintal,94.2,Metric Tonnes
Cauliflower,APMC Nasik,2026-02-28,928.0,Rs./Quintal,90.3,Metric Tonnes
Cauliflower,APMC Nasik,2026-03-01,1142.0,Rs./Quintal,51.6,Metric Tonnes
Cauliflower,APMC Nasik,2026-03-02,1071.0,Rs./Quintal,35.5,Metric Tonnes
Cauliflower,APMC Nasik,2026-03-03,1714.0,Rs./Quintal,34.1,Metric Tonnes
Cauliflower,APMC Nasik,2026-03-04,1070.0,Rs./Quintal,39.7,Metric Tonnes
Cauliflower,APMC Nasik,2026-03-05,785.0,Rs./Quintal,66.8,Metric Tonnes
Cauliflower,APMC Nasik,2026-03-06,1070.0,Rs./Quintal,62.2,Metric Tonnes
Cauliflower,APMC Nasik,2026-03-07,1070.0,Rs./Quintal,73.1,Metric Tonnes
Cauliflower,APMC Nasik,2026-03-08,860.0,Rs./Quintal,22.8,Metric Tonnes
Cauliflower,APMC Nasik,2026-03-09,1070.0,Rs./Quintal,83.6,Metric Tonnes
Cauliflower,APMC Nasik,2026-03-10,1070.0,Rs./Quintal,86.9,Metric Tonnes
Cauliflower,APMC Nasik,2026-03-11,1070.0,Rs./Quintal,70.2,Metric Tonnes
Cauliflower,APMC Nasik,2026-03-12,570.0,Rs./Quintal,81.8,Metric Tonnes
Cauliflower,APMC Nasik,2026-03-13,715.0,Rs./Quintal,85.7,Metric Tonnes
Cauliflower,APMC Nasik,2026-03-14,785.0,Rs./Quintal,63.7,Metric Tonnes
Cauliflower,APMC Nasik,2026-03-15,860.0,Rs./Quintal,58.4,Metric Tonnes
Cauliflower,APMC Nasik,2026-03-16,830.0,Rs./Quintal,64.0,Metric Tonnes
Cauliflower,APMC Nasik,2026-03-17,1070.0,Rs./Quintal,63.0,Metric Tonnes
Cauliflower,APMC Nasik,2026-03-18,930.0,Rs./Quintal,61.7,Metric Tonnes
Cauliflower,APMC Nasik,2026-03-19,715.0,Rs./Quintal,53.9,Metric Tonnes
Cauliflower,APMC Nasik,2026-03-20,785.0,Rs./Quintal,56.8,Metric Tonnes
Cauliflower,APMC Nasik,2026-03-21,860.0,Rs./Quintal,58.6,Metric Tonnes
Cauliflower,APMC Nasik,2026-03-22,930.0,Rs./Quintal,65.6,Metric Tonnes
Cauliflower,APMC Nasik,2026-03-23,930.0,Rs./Quintal,68.5,Metric Tonnes
Cauliflower,APMC Nasik,2026-03-24,930.0,Rs./Quintal,71.9,Metric Tonnes
Cauliflower,APMC Nasik,2026-03-26,1070.0,Rs./Quintal,57.7,Metric Tonnes
Cauliflower,APMC Nasik,2026-03-27,860.0,Rs./Quintal,68.4,Metric Tonnes
Cauliflower,APMC Nasik,2026-03-28,715.0,Rs./Quintal,73.4,Metric Tonnes
Cauliflower,APMC Nasik,2026-03-29,715.0,Rs./Quintal,72.0,Metric Tonnes
Cauliflower,APMC Nasik,2026-03-30,785.0,Rs./Quintal,72.3,Metric Tonnes
Cauliflower,APMC Nasik,2026-03-31,860.0,Rs./Quintal,65.3,Metric Tonnes
Cauliflower,APMC Nasik,2026-04-02,1000.0,Rs./Quintal,58.2,Metric Tonnes
Cauliflower,APMC Nasik,2026-04-03,930.0,Rs./Quintal,60.9,Metric Tonnes
Cauliflower,APMC Nasik,2026-04-04,800.0,Rs./Quintal,57.8,Metric Tonnes
Cauliflower,APMC Nasik,2026-04-05,715.0,Rs./Quintal,60.3,Metric Tonnes
Cauliflower,APMC Nasik,2026-04-06,780.0,Rs./Quintal,61.5,Metric Tonnes
Cauliflower,APMC Nasik,2026-04-07,860.0,Rs./Quintal,68.2,Metric Tonnes
Cauliflower,APMC Nasik,2026-04-08,820.0,Rs./Quintal,50.6,Metric Tonnes
Cauliflower,APMC Nasik,2026-04-09,860.0,Rs./Quintal,51.2,Metric Tonnes
Cauliflower,APMC Nasik,2026-04-10,715.0,Rs./Quintal,55.6,Metric Tonnes
Cauliflower,APMC Nasik,2026-04-11,785.0,Rs./Quintal,50.0,Metric Tonnes
Cauliflower,APMC Nasik,2026-04-12,720.0,Rs./Quintal,41.8,Metric Tonnes
Cauliflower,APMC Nasik,2026-04-13,785.0,Rs./Quintal,46.8,Metric Tonnes
Cauliflower,APMC Nasik,2026-04-14,890.0,Rs./Quintal,49.0,Metric Tonnes
Cauliflower,APMC Nasik,2026-04-15,890.0,Rs./Quintal,52.0,Metric Tonnes
Cauliflower,APMC Nasik,2026-04-16,1000.0,Rs./Quintal,56.0,Metric Tonnes
Cauliflower,APMC Nasik,2026-04-17,930.0,Rs./Quintal,53.4,Metric Tonnes
Cauliflower,APMC Nasik,2026-04-18,930.0,Rs./Quintal,47.4,Metric Tonnes
Cauliflower,APMC Nasik,2026-04-19,1070.0,Rs./Quintal,60.9,Metric Tonnes
Cauliflower,APMC Nasik,2026-04-20,1000.0,Rs./Quintal,63.7,Metric Tonnes
Cauliflower,APMC Nasik,2026-04-21,890.0,Rs./Quintal,41.3,Metric Tonnes
Cauliflower,APMC Nasik,2026-04-22,720.0,Rs./Quintal,58.1,Metric Tonnes
Cauliflower,APMC Nasik,2026-04-23,785.0,Rs./Quintal,62.0,Metric Tonnes
Cauliflower,APMC Nasik,2026-04-24,535.0,Rs./Quintal,57.8,Metric Tonnes
Cauliflower,APMC Nasik,2026-04-25,570.0,Rs./Quintal,47.6,Metric Tonnes
Cauliflower,APMC Nasik,2026-04-26,715.0,Rs./Quintal,54.8,Metric Tonnes
Cauliflower,APMC Nasik,2026-04-27,785.0,Rs./Quintal,51.7,Metric Tonnes
Cauliflower,APMC Nasik,2026-04-28,720.0,Rs./Quintal,52.3,Metric Tonnes
Cauliflower,APMC Nasik,2026-04-29,860.0,Rs./Quintal,51.5,Metric Tonnes
Cauliflower,APMC Nasik,2026-04-30,715.0,Rs./Quintal,50.2,Metric Tonnes
Cauliflower,APMC Nasik,2026-05-01,785.0,Rs./Quintal,46.5,Metric Tonnes
Cauliflower,APMC Nasik,2026-05-02,570.0,Rs./Quintal,49.6,Metric Tonnes
Cauliflower,APMC Nasik,2026-05-04,785.0,Rs./Quintal,51.0,Metric Tonnes
Cauliflower,APMC Nasik,2026-05-05,715.0,Rs./Quintal,522.0,Metric Tonnes
Cauliflower,APMC Nasik,2026-05-06,720.0,Rs./Quintal,38.8,Metric Tonnes
Cauliflower,APMC Nasik,2026-05-07,715.0,Rs./Quintal,51.1,Metric Tonnes
Cauliflower,APMC Nasik,2026-05-08,710.0,Rs./Quintal,53.7,Metric Tonnes
Cauliflower,APMC Nasik,2026-05-10,720.0,Rs./Quintal,39.5,Metric Tonnes
Cauliflower,APMC Nasik,2026-05-11,714.0,Rs./Quintal,42.8,Metric Tonnes
Cauliflower,APMC Nasik,2026-05-12,860.0,Rs./Quintal,50.0,Metric Tonnes
Cauliflower,APMC Nasik,2026-05-13,715.0,Rs./Quintal,50.8,Metric Tonnes
Cauliflower,APMC Nasik,2026-05-14,715.0,Rs./Quintal,49.7,Metric Tonnes
Cauliflower,APMC Nasik,2026-05-15,715.0,Rs./Quintal,55.8,Metric Tonnes
Cauliflower,APMC Nasik,2026-05-16,720.0,Rs./Quintal,39.4,Metric Tonnes
Cauliflower,APMC Nasik,2026-05-17,1035.0,Rs./Quintal,40.3,Metric Tonnes
Cauliflower,APMC Nasik,2026-05-18,1000.0,Rs./Quintal,46.9,Metric Tonnes
Cauliflower,APMC Nasik,2026-05-19,860.0,Rs./Quintal,44.9,Metric Tonnes
Cauliflower,APMC Nasik,2026-05-20,860.0,Rs./Quintal,45.7,Metric Tonnes
Cauliflower,APMC Nasik,2026-05-21,890.0,Rs./Quintal,39.6,Metric Tonnes
Cauliflower,APMC Nasik,2026-05-22,860.0,Rs./Quintal,42.4,Metric Tonnes
Cauliflower,APMC Nasik,2026-05-23,1070.0,Rs./Quintal,34.1,Metric Tonnes
Cauliflower,APMC Nasik,2026-05-24,1280.0,Rs./Quintal,37.5,Metric Tonnes
Cauliflower,APMC Nasik,2026-05-28,1070.0,Rs./Quintal,42.5,Metric Tonnes
Cauliflower,APMC Nasik,2026-05-29,1610.0,Rs./Quintal,34.7,Metric Tonnes
Cauliflower,APMC Nasik,2026-05-30,1610.0,Rs./Quintal,34.7,Metric Tonnes
Cauliflower,APMC Nasik,2026-05-31,1215.0,Rs./Quintal,35.2,Metric Tonnes
Cauliflower,APMC Nasik,2026-06-01,1000.0,Rs./Quintal,31.8,Metric Tonnes
Cauliflower,APMC Nasik,2026-06-02,1140.0,Rs./Quintal,38.9,Metric Tonnes
Cauliflower,APMC Nasik,2026-06-03,1140.0,Rs./Quintal,28.2,Metric Tonnes
Cauliflower,APMC Nasik,2026-06-04,1640.0,Rs./Quintal,37.6,Metric Tonnes
Cauliflower,APMC Nasik,2026-06-05,1430.0,Rs./Quintal,36.6,Metric Tonnes
Cauliflower,APMC Nasik,2026-06-06,1430.0,Rs./Quintal,20.7,Metric Tonnes
Cauliflower,APMC Nasik,2026-06-07,1140.0,Rs./Quintal,23.0,Metric Tonnes
Cauliflower,APMC Nasik,2026-06-08,1215.0,Rs./Quintal,26.9,Metric Tonnes
Cauliflower,APMC Nasik,2026-06-09,1250.0,Rs./Quintal,18.6,Metric Tonnes
Cauliflower,APMC Nasik,2026-06-10,1785.0,Rs./Quintal,23.0,Metric Tonnes
Cauliflower,APMC Nasik,2026-06-11,1720.0,Rs./Quintal,34.2,Metric Tonnes
Cauliflower,APMC Nasik,2026-06-12,1430.0,Rs./Quintal,38.3,Metric Tonnes
Cauliflower,APMC Nasik,2026-06-13,1570.0,Rs./Quintal,31.6,Metric Tonnes
Cauliflower,APMC Nasik,2026-06-14,1640.0,Rs./Quintal,23.0,Metric Tonnes
Cauliflower,APMC Nasik,2026-06-15,1785.0,Rs./Quintal,25.5,Metric Tonnes
Cauliflower,APMC Nasik,2026-06-16,1930.0,Rs./Quintal,22.7,Metric Tonnes
Cauliflower,APMC Nasik,2026-06-17,1855.0,Rs./Quintal,23.5,Metric Tonnes
Cauliflower,APMC Nasik,2026-06-18,2500.0,Rs./Quintal,22.3,Metric Tonnes
Cauliflower,APMC Nasik,2026-06-19,1428.0,Rs./Quintal,30.2,Metric Tonnes
Cauliflower,APMC Nasik,2026-06-20,1680.0,Rs./Quintal,32.7,Metric Tonnes
Cauliflower,APMC Nasik,2026-06-21,1785.0,Rs./Quintal,30.2,Metric Tonnes
Cauliflower,APMC Nasik,2026-06-22,1860.0,Rs./Quintal,5.2,Metric Tonnes
Cauliflower,APMC Nasik,2026-06-23,1785.0,Rs./Quintal,32.4,Metric Tonnes
Cauliflower,APMC Nasik,2026-06-24,1430.0,Rs./Quintal,23.6,Metric Tonnes
Cauliflower,APMC Nasik,2026-06-25,1785.0,Rs./Quintal,42.7,Metric Tonnes
Cauliflower,APMC Nasik,2026-06-26,1570.0,Rs./Quintal,46.4,Metric Tonnes
Cauliflower,APMC Nasik,2026-06-27,1785.0,Rs./Quintal,46.8,Metric Tonnes
Cauliflower,APMC Nasik,2026-06-28,1920.0,Rs./Quintal,23.6,Metric Tonnes
Cauliflower,APMC Nasik,2026-06-29,2000.0,Rs./Quintal,25.2,Metric Tonnes
Cauliflower,APMC Nasik,2026-06-30,1250.0,Rs./Quintal,42.7,Metric Tonnes
Cauliflower,APMC Nasik,2026-07-01,1140.0,Rs./Quintal,44.8,Metric Tonnes
Cauliflower,APMC Nasik,2026-07-02,1215.0,Rs./Quintal,43.1,Metric Tonnes
Cauliflower,APMC Nasik,2026-07-03,1000.0,Rs./Quintal,21.5,Metric Tonnes
Cauliflower,APMC Nasik,2026-07-04,1070.0,Rs./Quintal,29.5,Metric Tonnes
Cauliflower,APMC Nasik,2026-07-05,1320.0,Rs./Quintal,25.7,Metric Tonnes
Cauliflower,APMC Nasik,2026-07-06,1285.0,Rs./Quintal,22.5,Metric Tonnes
Cauliflower,APMC Nasik,2026-07-07,1357.0,Rs./Quintal,9.7,Metric Tonnes
Cauliflower,APMC Nasik,2026-07-08,1140.0,Rs./Quintal,36.7,Metric Tonnes
Cauliflower,APMC Nasik,2026-07-09,1110.0,Rs./Quintal,33.8,Metric Tonnes
Cauliflower,APMC Nasik,2026-07-10,1610.0,Rs./Quintal,37.8,Metric Tonnes
Cauliflower,APMC Nasik,2026-07-11,1785.0,Rs./Quintal,39.2,Metric Tonnes
Cauliflower,APMC Nasik,2026-07-13,1640.0,Rs./Quintal,22.1,Metric Tonnes
Cauliflower,APMC Nasik,2026-07-14,1720.0,Rs./Quintal,32.6,Metric Tonnes
Cauliflower,APMC Nasik,2026-07-15,1785.0,Rs./Quintal,37.1,Metric Tonnes
Cauliflower,APMC Nasik,2026-07-16,1610.0,Rs./Quintal,37.0,Metric Tonnes
Cauliflower,APMC Nasik,2026-07-17,1571.0,Rs./Quintal,20.7,Metric Tonnes
Cauliflower,APMC Nasik,2026-07-18,1860.0,Rs./Quintal,57.5,Metric Tonnes
Cauliflower,APMC Nasik,2026-07-19,930.0,Rs./Quintal,28.2,Metric Tonnes
Cauliflower,APMC Nasik,2026-07-21,1000.0,Rs./Quintal,28.7,Metric Tonnes
Cauliflower,APMC Nasik,2026-07-22,1285.0,Rs./Quintal,21.1,Metric Tonnes
Cauliflower,APMC Nasik,2026-07-23,1140.0,Rs./Quintal,27.6,Metric Tonnes
Cauliflower,APMC Nasik,2026-07-24,720.0,Rs./Quintal,32.1,Metric Tonnes
Cauliflower,APMC Nasik,2026-07-25,1070.0,Rs./Quintal,26.3,Metric Tonnes
Cauliflower,APMC Nasik,2026-07-26,1070.0,Rs./Quintal,28.0,Metric Tonnes
Cauliflower,APMC Nasik,2026-07-27,1070.0,Rs./Quintal,29.5,Metric Tonnes
Cauliflower,APMC Nasik,2026-07-28,1215.0,Rs./Quintal,34.7,Metric Tonnes
Cauliflower,APMC Nasik,2026-07-29,1070.0,Rs./Quintal,23.2,Metric Tonnes
Cauliflower,APMC Nasik,2026-07-30,1070.0,Rs./Quintal,23.8,Metric Tonnes
Cauliflower,APMC Nasik,2026-07-31,785.0,Rs./Quintal,19.0,Metric Tonnes
Cauliflower,APMC Nasik,2026-08-01,1250.0,Rs./Quintal,13.3,Metric Tonnes
Cauliflower,APMC Nasik,2026-08-02,1035.0,Rs./Quintal,41.5,Metric Tonnes
Cauliflower,APMC Nasik,2026-08-03,1000.0,Rs./Quintal,42.8,Metric Tonnes
Cauliflower,APMC Nasik,2026-08-04,1785.0,Rs./Quintal,14.7,Metric Tonnes
Cauliflower,APMC Nasik,2026-08-05,1785.0,Rs./Quintal,24.5,Metric Tonnes
Cauliflower,APMC Nasik,2026-08-06,1140.0,Rs./Quintal,28.7,Metric Tonnes
Cauliflower,APMC Nasik,2026-08-07,1285.0,Rs./Quintal,28.1,Metric Tonnes
Cauliflower,APMC Nasik,2026-08-08,1215.0,Rs./Quintal,29.3,Metric Tonnes
Cauliflower,APMC Nasik,2026-08-09,1210.0,Rs./Quintal,27.5,Metric Tonnes
Cauliflower,APMC Nasik,2026-08-10,1214.0,Rs./Quintal,29.1,Metric Tonnes
Cauliflower,APMC Nasik,2026-08-11,1070.0,Rs./Quintal,17.4,Metric Tonnes
Cauliflower,APMC Nasik,2026-08-12,1250.0,Rs./Quintal,20.8,Metric Tonnes
Cauliflower,APMC Nasik,2026-08-13,1215.0,Rs./Quintal,24.6,Metric Tonnes
Cauliflower,APMC Nasik,2026-08-14,1220.0,Rs./Quintal,20.2,Metric Tonnes
Cauliflower,APMC Nasik,2026-08-16,1610.0,Rs./Quintal,18.4,Metric Tonnes
Cauliflower,APMC Nasik,2026-08-17,1785.0,Rs./Quintal,21.6,Metric Tonnes
Cauliflower,APMC Nasik,2026-08-18,1610.0,Rs./Quintal,17.3,Metric Tonnes
Cauliflower,APMC Nasik,2026-08-19,1250.0,Rs./Quintal,26.4,Metric Tonnes
Cauliflower,APMC Nasik,2026-08-20,1285.0,Rs./Quintal,23.3,Metric Tonnes
Cauliflower,APMC Nasik,2026-08-21,1285.0,Rs./Quintal,32.7,Metric Tonnes
Cauliflower,APMC Nasik,2026-08-22,1000.0,Rs./Quintal,35.9,Metric Tonnes
Cauliflower,APMC Nasik,2026-08-23,890.0,Rs./Quintal,28.0,Metric Tonnes
Cauliflower,APMC Nasik,2026-08-24,892.0,Rs./Quintal,14.1,Metric Tonnes
Cauliflower,APMC Nasik,2026-08-25,890.0,Rs./Quintal,36.2,Metric Tonnes
Cauliflower,APMC Nasik,2026-08-26,1070.0,Rs./Quintal,35.9,Metric Tonnes
Cauliflower,APMC Nasik,2026-08-27,1145.0,Rs./Quintal,33.7,Metric Tonnes
Cauliflower,APMC Nasik,2026-08-28,1000.0,Rs./Quintal,35.4,Metric Tonnes
Cauliflower,APMC Nasik,2026-08-29,1140.0,Rs./Quintal,35.8,Metric Tonnes
Cauliflower,APMC Nasik,2026-08-30,1070.0,Rs./Quintal,25.8,Metric Tonnes
Cauliflower,APMC Nasik,2026-08-31,1145.0,Rs./Quintal,26.8,Metric Tonnes
Cauliflower,APMC Nasik,2026-09-01,1000.0,Rs./Quintal,40.8,Metric Tonnes
Cauliflower,APMC Nasik,2026-09-02,1070.0,Rs./Quintal,37.0,Metric Tonnes
Cauliflower,APMC Nasik,2026-09-03,570.0,Rs./Quintal,28.6,Metric Tonnes
Cauliflower,APMC Nasik,2026-09-04,715.0,Rs./Quintal,29.6,Metric Tonnes
Cauliflower,APMC Nasik,2026-09-05,1140.0,Rs./Quintal,37.8,Metric Tonnes
Cauliflower,APMC Nasik,2026-09-06,860.0,Rs./Quintal,33.0,Metric Tonnes
Cauliflower,APMC Nasik,2026-09-07,1140.0,Rs./Quintal,34.1,Metric Tonnes
Cauliflower,APMC Nasik,2026-09-08,1070.0,Rs./Quintal,28.9,Metric Tonnes
Cauliflower,APMC Nasik,2026-09-09,860.0,Rs./Quintal,38.8,Metric Tonnes
Cauliflower,APMC Nasik,2026-09-10,1000.0,Rs./Quintal,34.9,Metric Tonnes
Cauliflower,APMC Nasik,2026-09-11,857.0,Rs./Quintal,18.1,Metric Tonnes
Cauliflower,APMC Nasik,2026-09-12,890.0,Rs./Quintal,27.9,Metric Tonnes
Cauliflower,APMC Nasik,2026-09-14,785.0,Rs./Quintal,43.5,Metric Tonnes
Cauliflower,APMC Nasik,2026-09-15,930.0,Rs./Quintal,40.7,Metric Tonnes
Cauliflower,APMC Nasik,2026-09-16,960.0,Rs./Quintal,43.4,Metric Tonnes
Cauliflower,APMC Nasik,2026-09-17,1110.0,Rs./Quintal,31.7,Metric Tonnes
Cauliflower,APMC Nasik,2026-09-18,785.0,Rs./Quintal,31.0,Metric Tonnes
Cauliflower,APMC Nasik,2026-09-19,720.0,Rs./Quintal,42.0,Metric Tonnes
Cauliflower,APMC Nasik,2026-09-20,890.0,Rs./Quintal,47.8,Metric Tonnes
Cauliflower,APMC Nasik,2026-09-21,857.0,Rs./Quintal,25.8,Metric Tonnes
Cauliflower,APMC Nasik,2026-09-22,715.0,Rs./Quintal,64.3,Metric Tonnes
Cauliflower,APMC Nasik,2026-09-23,890.0,Rs./Quintal,48.2,Metric Tonnes
Cauliflower,APMC Nasik,2026-09-24,535.0,Rs./Quintal,65.9,Metric Tonnes
Cauliflower,APMC Nasik,2026-09-25,640.0,Rs./Quintal,59.3,Metric Tonnes
Cauliflower,APMC Nasik,2026-09-26,860.0,Rs./Quintal,38.3,Metric Tonnes
Cauliflower,APMC Nasik,2026-09-27,750.0,Rs./Quintal,50.8,Metric Tonnes
Cauliflower,APMC Nasik,2026-09-28,785.0,Rs./Quintal,49.6,Metric Tonnes
Cauliflower,APMC Nasik,2026-09-29,1145.0,Rs./Quintal,38.3,Metric Tonnes
Cauliflower,APMC Nasik,2026-09-30,1070.0,Rs./Quintal,68.9,Metric Tonnes
Cauliflower,APMC Nasik,2026-10-01,1070.0,Rs./Quintal,39.6,Metric Tonnes
Cauliflower,APMC Nasik,2026-10-02,1285.0,Rs./Quintal,44.3,Metric Tonnes
Cauliflower,APMC Nasik,2026-10-03,1215.0,Rs./Quintal,44.7,Metric Tonnes
Cauliflower,APMC Nasik,2026-10-04,1250.0,Rs./Quintal,56.0,Metric Tonnes
Cauliflower,APMC Nasik,2026-10-05,1215.0,Rs./Quintal,57.4,Metric Tonnes
Cauliflower,APMC Nasik,2026-10-06,1250.0,Rs./Quintal,47.8,Metric Tonnes
